:0200000480007A
:200020004E414E006E616E00494E4600696E6600FFFFFFFFFFFFFF7F000300808000000011
:20004000D8020080100000001403008080000000EC0200801000000061726720213D204E7B
:1B006000554C4C002E2E2F4253572F45544845524E45542F446F49502E630087
:11007C0003FC80010000000902010200620000000083
:200090000000000000000000B08503F0F08503F000000000000000000008000000000000B8
:2000B000000000000000000000A03CFF000000000F05D011174580010B00D0010F00B021C7
:1A00D00042218B0101110F2010006B050020009000000C1111110000000077
:20010000911000F8D9FFBC790D00000202F4DC0F0000000000000000000000000000000049
:20012000911000F8D9FFB8690D00000202F4DC0F000000000000000000000000000000003D
:20014000911000F8D9FFB4590D00000202F4DC0F0000000000000000000000000000000031
:20016000911000F8D9FFB04902F4DC0F000000000000000000000000000000000000000034
:20018000911000F8D9FFAC390D00000202F4DC0F0000000000000000000000000000000019
:2001A000911000F8D9FFA8290D00000202F4DC0F000000000000000000000000000000000D
:2001C000911000F8D9FF82A90D00000202F4DC0F0000000000000000000000000000000093
:2001E000911000F8D9FF80990D00000202F4DC0F00900000000000000000000000000000F5
:20020000000000000003000020A10700401F03000000030A40420F00401F03000100030AA3
:200220000000000002020000000000000002000000000000000000000000000000000000B8
:200240000000000000008000000100020003000440040000000000000000000000000000D0
:2002600000000000000000000000000000000000000000000000000000000000000000007E
:2002800000000000000000000000000000000000000000000000000000000000000000005E
:2002A00000000000000000000000000000000000000000000000000000000000000000003E
:2002C000000000000000000000000000000000000000000000010000000020F0000000000D
:2002E00000B403F00700000001000000000020F00200000000AF03F001000000000000009A
:20030000000020F00000000000B403F008000000A8000000000020F00200000000AF03F0C2
:2003200000000000A8000000000020F000000000000021F0010000000000000004000000EF
:2003400000000000000000000000000001010000000000000000EE050100000000000100A6
:2003600000000000000000000000000000000000000000000000000000000000000000007D
:20038000000100000000000000020000000000000003000001000000000000000100000055
:2003A00001000000000000000000000000000000000000000001000001000000000000003A
:2003C000000000000001000002000000000000000000000000010000030000000000000016
:2003E0000000000000010000000000000000000000000000000100000100000000000000FA
:200400000000000000010000020000000000000000000000000100000300000000000000D5
:200420000000000000010000000000000000010000000000020000000000030000000000B5
:200440000000000000000100000000000200000000000300000000000000000000D001F0D5
:2004600000AB03F00B0000000000000000D001F000B503F002000000A800000000D001F0FF
:2004800000B503F0030000000380000000D001F000AB03F00C0000000000000000D001F002
:2004A00000AB03F00A0000000000000000D001F000AB03F0090000000000000000D001F06B
:2004C00000AB03F003000000B000000000D001F000AB03F002000000B000000000D001F0F9
:2004E00000AB03F006000000B000000000D001F000000000608124F002388700FFFFFFFF35
:20050000648124F066D00000FFFFFFFF688124F002380700FFFFFFFF6C8124F026980000B7
:20052000FFFFFFFF248124F0C9000000FFFFFFFF088124F001003630FFFFFFFF0C8124F0A0
:200540000807690BFFFFFFFF288124F08E042101FFFFFFFF488124F0B6730835FFFFFFFF70
:200560004C8124F0466C9402FFFFFFFF088124F002003630FFFFFFFF108124F03B0336003C
:20058000FFFFFFFF148124F01008690BFFFFFFFF508124F00E710834FFFFFFFF548124F0A9
:2005A000446C9402FFFFFFFF188124F009003600FFFFFFFF1C8124F00808690BFFFFFFFFE0
:2005C000208124F0941C2300FFFFFFFF588124F0B622081BFFFFFFFF5C8124F0466C94027A
:2005E000FFFFFFFF2C8124F034040000FFFFFFFF308124F0825A0000FFFFFFFF348124F0A4
:2006000009090712FFFFFFFF08000000F4040080ACC5A7370200000054050080ACC5A737BA
:200620000D0000006C050080ACC5A7370300000008060080160000003C060080608124F00F
:2006400002388700FFFFFFFF648124F066D00000FFFFFFFF688124F002380700FFFFFFFF78
:200660006C8124F026980000FFFFFFFF248124F0C9000000FFFFFFFF0C8124F00807690B1D
:20068000FFFFFFFF288124F08E042101FFFFFFFF488124F0B6730835FFFFFFFF4C8124F0D1
:2006A000466C9402FFFFFFFF088124F002003630FFFFFFFF108124F03B033600FFFFFFFFE0
:2006C000148124F01008690BFFFFFFFF508124F00E710834FFFFFFFF548124F0446C94021E
:2006E000FFFFFFFF188124F009003600FFFFFFFF1C8124F00808690BFFFFFFFF208124F030
:20070000941C2300FFFFFFFF588124F0B622081BFFFFFFFF5C8124F0466C9402FFFFFFFFF1
:200720002C8124F034040000FFFFFFFF308124F0825A0000FFFFFFFF348124F00909071233
:20074000FFFFFFFF0000003F0000803F0000A03F0000C03F0000004000002040002D3101C2
:200760000100001D0500001F0101000017B7513903000000C407008013012307FF0FFF0F35
:2007800012021121BF0F3F3F011200000F3F000032000000FF000000000000003F000000F6
:2007A000000000003F000000000000003F000000B8070080C0070080050100003F070000E9
:0207C000000037
:1207C400030017B7D138020017B7D138010017B7D13898
:2007D8006E657469663A206E657720697020616464726573732061737369676E65643A2080
:0D07F80025752E25752E25752E25750A00F8
:160808004966785F4C7769705F696E6974207374617274210A002C
:200820004966785F4C7769705F696E697420656E64210A0049474D502047726F7570204A3D
:190840006F696E65643A203232342E3232342E3232342E323435200A001F
:20085C0049474D502047726F7570204A6F696E204661696C65643A2025640A0025730A007E
:20087C00000202020202020202020301010101020202020202020202020202020202020221
:20089C000204404040404040404040404040404040202020202020202020204040404040F6
:2008BC004040888888888888080808080808080808080808080808080808080840404040CC
:2008DC004040909090909090101010101010101010101010101010101010101040404040DC
:2008FC000200000000000000000000000000000000000000000000000000000000000000DA
:20091C000000000000000000000000000000000000000000000000000000000000000000BB
:20093C0000000000000000000000000000000000000000000000000000000000000000009B
:20095C0000000000000000000000000000000000000000000000000000000000000000007B
:01097C00007A
:170980004F7065726174696F6E20776F756C6420626C6F636B2E000B
:200998004164647265737320696E207573652E00416C726561647920636F6E6E65637469B2
:1709B8006E672E00416C726561647920636F6E6E65637465642E0062
:0F09D0004E6F7420636F6E6E65637465642E00E6
:1709E0004C6F772D6C6576656C206E65746966206572726F722E00DB
:2009F800436F6E6E656374696F6E2061626F727465642E00436F6E6E656374696F6E2072FE
:060A1800657365742E00F9
:130A2000436F6E6E656374696F6E20636C6F7365642E00EB
:120A3400496C6C6567616C20617267756D656E742E0045
:0F0A4800556E6B6E6F776E206572726F722E0037
:190A58004F6B2E004F7574206F66206D656D6F7279206572726F722E003F
:0E0A7400427566666572206572726F722E00A2
:090A840054696D656F75742E0054
:110A9000526F7574696E672070726F626C656D2E002E
:170AA4004F7065726174696F6E20696E2070726F67726573732E00D0
:0F0ABC00496C6C6567616C2076616C75652E0006
:200ACC007374617465203D3D204554484152505F53544154455F50454E44494E47207C7C0F
:1E0AEC00207374617465203E3D204554484152505F53544154455F535441424C450032
:200B0C002E2E2F4C69627261726965732F45746865726E65742F6C7769702F7372632F633F
:120B2C006F72652F697076342F6574686172702E63007B
:200B40006574686172705F66696E645F656E7472793A20666F756E64206D61746368696E06
:200B60006720656E7472792025640A006574686172705F66696E645F656E7472793A206E2C
:200B80006F20656D70747920656E74727920666F756E6420616E64206E6F7420616C6C6F7D
:200BA00077656420746F2072656379636C650A006574686172705F66696E645F656E747245
:1D0BC000793A2073656C656374696E6720656D70747920656E7472792025640A0033
:200BE0006574686172705F66696E645F656E7472793A2073656C656374696E67206F6C6469
:150C000065737420737461626C6520656E7472792025640A00F3
:170C18006172705F7461626C655B695D2E71203D3D204E554C4C0066
:200C30006574686172705F66696E645F656E7472793A2073656C656374696E67206F6C6418
:200C50006573742070656E64696E6720656E7472792025642028776974686F7574207175D6
:060C7000657565290A000C
:200C78006574686172705F66696E645F656E7472793A2073656C656374696E67206F6C64D0
:200C98006573742070656E64696E6720656E7472792025642C2066726565696E67207061D3
:0F0CB800636B65742071756575652025700A0082
:200CC8006574686172705F66696E645F656E7472793A206E6F20656D707479206F722072DE
:190CE800656379636C61626C6520656E747269657320666F756E640A00EF
:130D040069203C204152505F5441424C455F53495A4500B3
:200D18006172705F7461626C655B695D2E7374617465203D3D204554484152505F535441DC
:090D380054455F454D505459002B
:200D44006E657469662D3E6877616464725F6C656E203D3D204554485F4857414444525FE3
:200D64004C454E006574686172705F7570646174655F6172705F656E7472793A2025752ED5
:200D840025752E25752E2575202D20253032783A253032783A253032783A253032783A25AF
:0A0DA4003032783A253032780A0028
:200DB0006574686172705F7570646174655F6172705F656E7472793A2077696C6C206E6F7B
:200DD0007420616464206E6F6E2D756E6963617374204950206164647265737320746F20D5
:0B0DF0004152502063616368650A00F7
:200DFC006574686172705F7570646174655F6172705F656E7472793A207570646174696EEF
:130E1C006720737461626C6520656E7472792025640A00BC
:0F0E300069706164647220213D204E554C4C0066
:0E0E40006E6574696620213D204E554C4C00B5
:200E50006574686172705F667265655F656E7472793A2066726565696E6720656E747279E0
:170E70002025752C207061636B65742071756575652025702E0A00BB
:200E88006574686172705F696E7075743A207061636B65742064726F707065642C20777222
:200EA8006F6E6720687720747970652C2068776C656E2C2070726F746F2C2070726F746F9B
:200EC8006C656E206F722065746865726E65742074797065202825752F25752F25752F25A1
:200EE80075290A006574686172705F696E7075743A20696E636F6D696E67204152502072EC
:200F08006571756573740A006574686172705F696E7075743A2077652061726520756E6321
:200F28006F6E666967757265642C2041525020726571756573742069676E6F7265642E0A4E
:010F480000A8
:200F4C006574686172705F696E7075743A20415250207265717565737420776173206E6FA4
:0B0F6C007420666F722075732E0A005F
:200F78006574686172705F696E7075743A20696E636F6D696E6720415250207265706C7949
:020F98000A004D
:200F9C006574686172705F696E7075743A2041525020756E6B6E6F776E206F70636F64651B
:0A0FBC0020747970652025640A0096
:200FC8006172705F7461626C655B6172705F6964785D2E7374617465203E3D204554484194
:1A0FE80052505F53544154455F535441424C45007120213D204E554C4C0009
:201004006574686172705F71756572793A2077696C6C206E6F7420616464206E6F6E2D75DA
:201024006E6963617374204950206164647265737320746F204152502063616368650A0047
:201044006574686172705F71756572793A20636F756C64206E6F742063726561746520419C
:0A106400525020656E7472790A0084
:0E1070006574686172705F74696D65720A0064
:1E1080006574686172705F71756572793A207061636B65742064726F707065640A004F
:0E10A00074797065206F766572666C6F7700EC
:2010B0006172705F7461626C655B695D2E7374617465203D3D2050454E44494E47206F7246
:2010D00020535441424C45006E6F207061636B65742071756575657320616C6C6F776564F0
:0210F0002100DD
:2010F4006574686172705F71756572793A2064726F707065642070726576696F75736C79F9
:2011140020717565756564207061636B657420257020666F722041525020656E74727920E9
:2011340025750A006574686172705F71756572793A20717565756564207061636B65742043
:201154002570206F6E2041525020656E7472792025750A006574686172705F7175657279B7
:201174003A20636F756C64206E6F74207175657565206120636F7079206F66205042554696
:201194005F524546207061636B657420257020286F7574206F66206D656D6F7279290A0031
:2011B4006574686172705F7261773A20636F756C64206E6F7420616C6C6F63617465207017
:1611D40062756620666F722041525020726571756573742E0A00FD
:2011EC00636865636B207468617420666972737420706275662063616E20686F6C64207353
:11120C007472756374206574686172705F686472005E
:201220006574686172705F7261773A2073656E64696E672072617720415250207061636B13
:0512400065742E0A0098
:201248006574686172705F74696D65723A206578706972656420257320656E7472792025E8
:20126800642E0A006E657469662D3E6877616464725F6C656E206D75737420626520746865
:20128800652073616D65206173204554485F4857414444525F4C454E20666F722065746807
:0512A8006172702100DD
:2012B0006574686172705F726571756573743A2073656E64696E6720415250207265717510
:0612D0006573742E0A0094
:0712D800737461626C650094
:2012E00070656E64696E67006574686172705F66696E645F656E7472793A20666F756E647E
:1113000020656D70747920656E7472792025640A0088
:2013140065746865726E65745F6F75747075743A2073656E64696E67207061636B65742050
:2013340025700A0065746865726E65745F6F75747075743A20636F756C64206E6F74206128
:1A1354006C6C6F6361746520726F6F6D20666F72206865616465722E0A0096
:2013700065746865726E65745F696E7075743A20646573743A2530326868783A2530326833
:2013900068783A2530326868783A2530326868783A2530326868783A2530326868782C20ED
:2013B0007372633A2530326868783A2530326868783A2530326868783A2530326868783A77
:2013D0002530326868783A2530326868782C20747970653A25780A0065746865726E6574D7
:2013F0005F696E7075743A2049507634207061636B65742064726F707065642C20746F6F6D
:201410002073686F7274202825752F2575290A0043616E2774206D6F7665206F766572200E
:1114300068656164657220696E207061636B657400B3
:2014440065746865726E65745F696E7075743A2041525020726573706F6E7365207061637A
:201464006B65742064726F707065642C20746F6F2073686F7274202825752F2575290A004A
:20148400417373657274696F6E2022257322206661696C6564206174206C696E65202564A9
:2014A40020696E2025730A006E657469662D3E6877616464725F6C656E206D75737420626B
:1914C40065203620666F722065746865726E65745F6F757470757421003D
:2014E0002E2E2F4C69627261726965732F45746865726E65742F6C7769702F7372632F6E57
:16150000657469662F65746865726E65742E6300FFFFFFFFFFFF14
:06151800000000000000CD
:2015200069636D705F696E7075743A20616C6C6F636174696E67206E6577207062756620A4
:1B1540006661696C65642028746F745F6C656E206F766572666C6F77290A0027
:20155C0069636D705F696E7075743A20616C6C6F636174696E67206E657720706275662068
:20157C006661696C65640A00666972737420706275662063616E6E6F7420686F6C642074ED
:0F159C0068652049434D502068656164657200A1
:2015AC0069636D705F696E7075743A206D6F76696E6720722D3E7061796C6F616420746F13
:1515CC002069636D7020686561646572206661696C65640A0029
:2015E4002E2E2F4C69627261726965732F45746865726E65742F6C7769702F7372632F635D
:201604006F72652F697076342F69636D702E630069636D705F696E7075743A20636F707918
:17162400696E6720746F206E65772070627566206661696C656400B2
:20163C0069636D705F696E7075743A20726573746F72696E67206F726967696E616C20701A
:12165C002D3E7061796C6F6164206661696C65640A0098
:2016700069636D705F696E7075743A2069705F6F75747075745F69662072657475726E658C
:201690006420616E206572726F723A2025730A0069636D705F696E7075743A2049434D50E6
:2016B000207479706520256420636F6465202564206E6F7420737570706F727465642E0A7C
:0116D0000019
:2016D40069636D705F74696D655F65786365656465643A206661696C656420746F20616CFA
:1E16F4006C6F63617465207062756620666F722049434D50207061636B65742E0A0013
:20171400636865636B207468617420666972737420706275662063616E20686F6C6420692F
:20173400636D70206D6573736167650069636D705F74696D655F657863656564656420667D
:05175400726F6D200022
:11175C0025752E25752E25752E25750020746F200067
:021770000A006D
:2017740069636D705F696E7075743A2073686F727420495020686561646572202825642060
:111794006279746573292072656365697665640A0083
:2017A80069636D705F696E7075743A2073686F72742049434D5020282575206279746573ED
:2017C800292072656365697665640A0069636D705F696E7075743A204E6F74206563686FE5
:2017E800696E6720746F206D756C7469636173742070696E67730A0069636D705F696E7010
:2018080075743A204E6F74206563686F696E6720746F2062726F6164636173742070696E12
:1618280067730A0069636D705F696E7075743A2070696E670A007C
:2018400069636D705F696E7075743A206261642049434D50206563686F2072656365697629
:2018600065640A0069636D705F696E7075743A20636865636B73756D206661696C6564200B
:20188000666F722072656365697665642049434D50206563686F0A0069676D705F6C6F6F32
:2018A0006B75705F67726F75703A2066697273742067726F7570206D75737420626520612C
:0A18C0006C6C73797374656D73002E
:2018CC002E2E2F4C69627261726965732F45746865726E65742F6C7769702F7372632F6372
:2018EC006F72652F697076342F69676D702E630069676D705F6C6F6F6B75705F67726F75B5
:20190C00703A20616C6C206578636570742066697273742067726F7570206D757374206E03
:11192C006F7420626520616C6C73797374656D73006F
:2019400069676D705F6C6F6F6B75705F67726F75703A202573616C6C6F6361746564206139
:19196000206E65772067726F7570207769746820616464726573732000B5
:01197C00006A
:0F198000696D706F737369626C6520746F2000FE
:0B199000206F6E2069662025700A00A1
:1A199C0069676D705F696E7075743A206C656E677468206572726F720A00C5
:1A19B80069676D705F696E7075743A206D6573736167652066726F6D2000A6
:0D19D40020746F20616464726573732000DD
:2019E40069676D705F696E7075743A20636865636B73756D206572726F720A0069676D70F9
:1F1A04005F696E7075743A2049474D50206672616D65206E6F7420666F722075730A0098
:201A240069676D705F696E7075743A2047656E6572616C2049474D505F4D454D425F51557C
:201A4400455259206F6E2022414C4C2053595354454D53222061646472657373202832324E
:201A6400342E302E302E3129205B69676D705F6D6178726573703D25695D0A0069676D7084
:201A84005F696E7075743A20676F7420616E20616C6C20686F737473207175657279207789
:201AA4006974682074696D653D3D2030202D207468697320697320563120616E64206E6F2C
:1D1AC4007420696D706C656D656E746564202D2074726561742061732076320A008A
:201AE40069676D705F696E7075743A2049474D505F4D454D425F515545525920746F206126
:111B04002073706563696669632067726F75702000FD
:201B1800207573696E672022414C4C2053595354454D532220616464726573732028323220
:201B3800342E302E302E3129205B69676D705F6D6178726573703D25695D0A0020776974E8
:201B580068207468652067726F757020616464726573732061732064657374696E61746978
:161B78006F6E205B69676D705F6D6178726573703D25695D0A00C1
:201B900069676D705F696E7075743A2049474D505F56325F4D454D425F5245504F52540AC6
:011BB0000034
:201BB40069676D705F696E7075743A20756E6578706563746564206D736720256420696E3F
:201BD400207374617465202564206F6E2067726F7570202570206F6E2069662025700A005D
:191BF40069676D705F696E69743A20696E697469616C697A696E670A00A9
:201C100069676D705F6A6F696E67726F75703A20617474656D707420746F206A6F696E207F
:161C30006E6F6E2D6D756C7469636173742061646472657373004A
:201C480069676D705F6A6F696E67726F75703A20617474656D707420746F206A6F696E2047
:131C6800616C6C73797374656D7320616464726573730012
:201C7C0069676D705F6A6F696E67726F75705F6E657469663A20617474656D707420746F8E
:201C9C00206A6F696E206E6F6E2D6D756C74696361737420616464726573730069676D7037
:201CBC005F6A6F696E67726F75705F6E657469663A20617474656D707420746F206A6F6999
:151CDC006E20616C6C73797374656D732061646472657373000E
:201CF40069676D705F6A6F696E67726F75705F6E657469663A20617474656D707420746F16
:201D1400206A6F696E206F6E206E6F6E2D49474D50206E657469660069676D705F6A6F6999
:201D34006E67726F75705F6E657469663A206A6F696E20746F2067726F7570206E6F742094
:201D5400696E2073746174652049474D505F47524F55505F4E4F4E5F4D454D4245520A00B3
:201D740069676D705F6A6F696E67726F75705F6E657469663A206A6F696E20746F206E65F1
:0A1D9400772067726F75703A200027
:201DA00069676D705F6A6F696E67726F75705F6E657469663A2069676D705F6D61635F6669
:0B1DC000696C746572284144442000E7
:201DCC0069676D705F6A6F696E67726F75705F6E657469663A204E6F7420656E6F75676868
:1A1DEC00206D656D6F727920746F206A6F696E20746F2067726F75700A00F7
:201E080069676D705F73746172743A207374617274696E672049474D502070726F636573C1
:0F1E280073696E67206F6E2069662025700A004F
:201E380069676D705F74696D656F75743A207265706F7274206D656D626572736869702015
:201E5800666F722067726F757020776974682061646472657373200069676D705F73746180
:191E780072743A2069676D705F6D61635F66696C746572284144442000DE
:201E940069676D705F73656E643A20636865636B207468617420666972737420706275663A
:1A1EB4002063616E20686F6C64207374727563742069676D705F6D736700C3
:201ED00069676D705F73656E643A206E6F7420656E6F756768206D656D6F727920666F72CB
:201EF0002069676D705F73656E640A0029206F6E2069662025700A0069676D705F726570CB
:201F10006F72745F67726F7570733A2073656E64696E672049474D50207265706F7274739F
:0B1F3000206F6E2069662025700A00FB
:201F3C00696E65745F63686B73756D5F70736575646F28293A20636865636B73756D6D6928
:1B1F5C006E6720706275662025702028686173206E65787420257029200A00A8
:201F7800696E65745F63686B73756D5F70736575646F28293A207062756620636861696E45
:131F9800206C7769705F63686B73756D28293D25780A003B
:201FAC004C5749505F434F4E53545F43415354206E6F7420696D706C656D656E7465642024
:201FCC00636F72726563746C792E20436865636B20796F7572206C77495020706F72742E54
:011FEC0000F4
:201FF0002E2E2F4C69627261726965732F45746865726E65742F6C7769702F7372632F6347
:0B2010006F72652F696E69742E63000B
:20201C00436865636B73756D20283078257829206661696C65642C204950207061636B652D
:20203C00742064726F707065642E0A006970345F696E7075743A207061636B657420736F5A
:20205C0075726365206973206E6F742076616C69642E0A006970345F696E7075743A20707A
:13207C0061636B6574206E6F7420666F722075732E0A0031
:202090004950207061636B6574206973206120667261676D656E74202869643D30782530BF
:2020B000347820746F745F6C656E3D2575206C656E3D2575204D463D2575206F6666736585
:2020D000743D2575292C2063616C6C696E67206970345F726561737328290A006970345FE5
:0920F000696E7075743A200A0053
:2020FC006970345F696E7075743A20702D3E6C656E20257520702D3E746F745F6C656E20EA
:20211C0025750A00556E737570706F72746564207472616E73706F72742070726F746F6392
:07213C006F6C2025750A00FD
:20214400702D3E726566203D3D2031002E2E2F4C69627261726965732F45746865726E6556
:1B216400742F6C7769702F7372632F636F72652F697076342F6970342E630033
:202180006970345F6F75747075745F69665F6F70743A206F70746C656E20746F6F206C6FE9
:2021A0006E670A006970345F6F75747075745F69665F6F70743A206E6F7420656E6F75675A
:1F21C0006820726F6F6D20666F72204950206F7074696F6E7320696E20706275660A00A1
:2021E0006970345F6F75747075743A206E6F7420656E6F75676820726F6F6D20666F72200D
:1322000049502068656164657220696E20706275660A00DB
:20221400636865636B207468617420666972737420706275662063616E20686F6C6420731A
:0D22340074727563742069705F68647200D5
:202244006970345F6F75747075743A204C5749505F49505F484452494E434C2062757420E1
:132264007062756620697320746F6F2073686F72740A00F2
:172278006970345F6F75747075745F69663A202563256325750A00F6
:202290006970345F6F75747075745F69663A2063616C6C206E657469662D3E6F757470750F
:0522B0007428290A005A
:2022B8006970345F726F7574653A204E6F20726F75746520746F2025752E25752E25752E8A
:2022D80025750A0069705F696E7075743A2069706864722D3E646573742030782578206E5B
:2022F800657469662D3E69705F6164647220307825782028307825782C20307825782C2011
:0723180030782578290A0046
:202320006970345F696E7075743A207061636B6574206163636570746564206F6E20696EE2
:0E2340007465726661636520256325630A007B
:202350004950207061636B65742064726F707065642064756520746F206261642076657219
:2023700073696F6E206E756D6265722025750A006970345F696E7075743A2073686F727401
:202390002049502068656164657220282575206279746573292072656365697665642C20E6
:1323B0004950207061636B65742064726F707065640A00D1
:2023C40049502068656164657220286C656E2025752920646F6573206E6F742066697420AE
:2023E400696E206669727374207062756620286C656E202575292C204950207061636B657A
:20240400742064726F707065642E0A00495020286C656E20257529206973206C6F6E6765CA
:2024240072207468616E207062756620286C656E202575292C204950207061636B65742087
:0A24440064726F707065642E0A0068
:20245000FFFFFFFF69705F72656173735F70627566636F756E74203E3D2070627566735FAB
:0624700066726565640060
:202478004661696C656420746F20616C6C6F63207265617373646174612073747275637434
:022498000A0038
:19249C0073616E69747920636865636B206C696E6B6564206C69737400FE
:2024B80073697A656F66287374727563742069705F72656173735F68656C70657229203CCD
:0A24D8003D2049505F484C454E007E
:1E24E400636865636B20667261676D656E747320646F6E2774206F7665726C617000E0
:202504006E6F2070726576696F757320667261676D656E742C2074686973206D75737420BC
:1725240062652074686520666972737420667261676D656E7421009B
:0D253C0073616E69747920636865636B00DC
:20254C0076616C69646174655F646174616772616D3A6E6578745F70627566213D4E554C33
:02256C004C0021
:202570006970345F72656173733A204950206F7074696F6E732063757272656E746C79207A
:202590006E6F7420737570706F72746564210A006970345F72656173733A204F76657266C3
:2025B0006C6F7720636F6E646974696F6E3A207062756663743D25642C20636C656E3D25DE
:0B25D000642C204D41583D25640A009A
:2025DC006970345F72656173733A206D61746368696E672070726576696F757320667261BA
:0D25FC00676D656E742049443D25780A0026
:20260C006970345F72656173733A206C61737420667261676D656E74207365656E2C207417
:0D262C006F74616C206C656E2025640A00DF
:1B263C0069705F72656173735F70627566636F756E74203E3D20636C656E009B
:2026580069705F72656173735F70627566636F756E743A202564206F75740A006970722007
:20267800213D204E554C4C006E6F74206669727374616C74686F756768206A757374206529
:1F2698006E717565756564006970345F72656173733A206E756C6C72657475726E0A00E3
:0A26B8007020213D204E554C4C00CF
:1526C40070637220213D204E554C4C00706372203D3D20700074
:2026DC0069705F72656173735F746D723A2074696D6572206465632025750A006970345FDF
:1726FC006672616728293A207062756620746F6F2073686F7274000D
:2027140074686973206E656564732061207062756620696E206F6E652070696563652100D0
:0F273400702D3E6C656E203E3D20706F66660016
:1F27440069705F72656173735F746D723A2074696D65722074696D6564206F75740A003E
:202764007072657620213D20697072002E2E2F4C69627261726965732F45746865726E658D
:20278400742F6C7769702F7372632F636F72652F697076342F6970345F667261672E630009
:1227A400707265762D3E6E657874203D3D206970720037
:1D27B80070627566735F6672656564202B20636C656E203C3D203078666666660079
:1B27D8006661696C656420746F20637265617465206D656D5F6D7574657800F9
:2027F4006D656D5F667265652870203D3D204E554C4C29207761732063616C6C65642E0AA7
:0128140000C3
:202818006D656D5F667265653A2073616E69747920636865636B20616C69676E6D656E7471
:01283800009F
:20283C006D656D5F667265653A2073616E69747920636865636B20616C69676E6D656E744D
:02285C000A0070
:192860006D656D5F667265653A20696C6C6567616C206D656D6F72790032
:1A287C006D656D5F667265653A20696C6C6567616C206D656D6F72790A000B
:202898006D656D5F667265653A20696C6C6567616C206D656D6F72793A20646F75626C651E
:0628B80020667265650058
:2028C0006D656D5F667265653A20696C6C6567616C206D656D6F72793A20646F75626C65F6
:2028E00020667265653F0A006D656D5F667265653A20696C6C6567616C206D656D6F7279A0
:1A2900003A206E6F6E2D6C696E6B65643A20646F75626C65206672656500DD
:20291C006D656D5F667265653A20696C6C6567616C206D656D6F72793A206E6F6E2D6C69C7
:20293C006E6B65643A20646F75626C6520667265653F0A006D656D5F7472696D3A206C6574
:0B295C0067616C206D656D6F72790083
:1A2968006D656D5F7472696D3A20696C6C6567616C206D656D6F72790A0004
:202984006D656D5F7472696D2063616E206F6E6C7920736872696E6B206D656D6F7279003D
:1129A400696E76616C6964206E6578742070747200E6
:1929B8006D656D5F6D616C6C6F633A20216C667265652D3E75736564004B
:2029D4006D656D5F6D616C6C6F633A20616C6C6F6361746564206D656D6F7279206E6F74A0
:2029F4002061626F76652072616D5F656E642E006D656D5F6D616C6C6F633A20616C6C6F5A
:1F2A14006361746564206D656D6F72792070726F7065726C7920616C69676E65642E002A
:202A34006D656D5F6D616C6C6F633A2073616E69747920636865636B20616C69676E6D655F
:032A54006E74009D
:202A58006D656D5F6D616C6C6F633A20636F756C64206E6F7420616C6C6F636174652025BC
:092A7800642062797465730A00A0
:172A8400706C75675F686F6C65733A206D656D203E3D2072616D0075
:202A9C002E2E2F4C69627261726965732F45746865726E65742F6C7769702F7372632F6390
:0A2ABC006F72652F6D656D2E6300CB
:1A2AC800706C75675F686F6C65733A206D656D203C2072616D5F656E6400D7
:1B2AE400706C75675F686F6C65733A206D656D2D3E75736564203D3D20300006
:202B0000706C75675F686F6C65733A206D656D2D3E6E657874203C3D204D454D5F53495AD3
:0A2B2000455F414C49474E45440013
:172B2C0053616E69747920636865636B20616C69676E6D656E74001D
:202B44006D656D705F6D616C6C6F633A206D656D702070726F7065726C7920616C69676E1A
:032B6400656400A5
:202B68002E2E2F4C69627261726965732F45746865726E65742F6C7769702F7372632F63C3
:0B2B88006F72652F6D656D702E63008D
:202B94006D656D705F6D616C6C6F633A206F7574206F66206D656D6F727920696E20706F45
:072BB4006F6C2025730A007D
:1D2BBC006D656D705F6D616C6C6F633A2074797065203C204D454D505F4D4158006A
:202BDC006D656D705F667265653A206D656D2070726F7065726C7920616C69676E656400FF
:1B2BFC006D656D705F667265653A2074797065203C204D454D505F4D41580002
:202C1800682D00802C2D0080402D0080542D0080042D0080B42C0080C82C0080182D008076
:202C3800DC2C0080F02C00805359535F54494D454F555400504255465F5245462F524F4D4D
:012C5800007B
:0A2C5C00504255465F504F4F4C00A8
:1F2C68005544505F504342005443505F504342005443505F5043425F4C495354454E00CC
:122C88005443505F53454700524541535344415441007D
:0A2C9C00465241475F504255460082
:0B2CA80049474D505F47524F55500008
:202CB4009C2C0080B09C007018000F00046D0070509D0070A82C0080C09C0070100008005F
:202CD400706E0070549D00704C2C0080D09C007010001000F8940070589D00705C2C0080D4
:202CF400E09C007060021000F46E00705C9D0070902C0080F09C007020000500FC950070C9
:202D1400609D0070402C0080009D007010000400A0960070649D0070702C0080109D0070D5
:202D34009C000500C8970070689D0070782C0080209D00701C000800E49600706C9D0070C2
:202D5400882C0080309D007014001000D89A0070709D0070682C0080409D007024000400E2
:202D74001C9C0070749D00706C6F775F6C6576656C5F696E7075743A207061796C6F6164FA
:0F2D94003D307825782C206C656E3D25640A0053
:202DA400746F6F206D616E79206E65746966732C206D61782E20737570706F727465642059
:0E2DC4006E756D6265722069732032353500C0
:1F2DD4006E657469663A20616464656420696E74657266616365202563256320495000C4
:202DF4006966785F6E657469665F696E7075743A20495020696E707574206572726F720ADD
:012E140000BD
:072E180020616464722000D8
:1F2E20006966785F6E657469665F696E7075743A207479706520756E6B6E6F776E0A00F2
:0A2E4000206E65746D61736B200055
:172E4C006966785F6E657469665F696E6974202820252378290A0045
:052E640020677720004B
:1F2E6C006966785F6E657469665F696E69743A206F7574206F66206D656D6F72790A000E
:202E8C00696E76616C696420706F696E746572006E657469665F7365745F6970616464728A
:1F2EAC003A206E657469662061646472657373206265696E67206368616E6765640A0078
:202ECC006E657469663A206E65746D61736B206F6620696E7465726661636520256325638D
:152EEC002073657420746F2025752E25752E25752E25750A0046
:202F04006E657469663A2047572061646472657373206F6620696E7465726661636520258E
:202F24006325632073657420746F2025752E25752E25752E25750A006E657469663A207334
:1F2F4400657474696E672064656661756C7420696E7465726661636520256325630A00D3
:202F64006E657469665F7365745F75703A20696E76616C6964206E65746966006E65746921
:1F2F8400665F69737375655F7265706F7274733A20696E76616C6964206E65746966005B
:202FA4006E657469665F7365745F6C696E6B5F75703A20696E76616C6964206E6574696684
:012FC400000C
:1A2FC8006C6F775F6C6576656C5F6F75747075742028703D252378290A002E
:202FE4006E657469665F7365745F6C696E6B5F646F776E3A20696E76616C6964206E657440
:03300400696600FA
:1930080063616C6C6261636B206D75737420626520213D204E554C4C00D9
:13302400666E206D75737420626520213D204E554C4C001C
:163038006E65746966206D75737420626520213D204E554C4C00C3
:203050006C6F775F6C6576656C5F6F75747075743A20646174613D2523782C2025640A00B7
:203070002E2E2F4C69627261726965732F45746865726E65742F6C7769702F7372632F63B6
:203090006F72652F6E657469662E63006C6F775F6C6576656C5F6F75747075743A206C6500
:1A30B0006E677468206F766572666C6F7720746865206275666665720A00BC
:1930CC006E657469665F6164643A20696E76616C6964206E6574696600D6
:2030E8002E2E2F4C69627261726965732F45746865726E65742F6C7769702F706F72742F24
:203108007372632F6E657469662E63006E657469665F6164643A204E6F20696E697420667A
:0E312800756E6374696F6E20676976656E0060
:203138006C6F775F6C6576656C5F6F75747075743A207369676E616C206C656E6774683AEA
:053158002025640A00BF
:203160006E6574696620616C7265616479206164646564006C6F775F6C6576656C5F6F7519
:11318000747075743A2072657475726E204F4B0A00B3
:203194005C0400808C0400809C040080AC0400807C040080BC0400806C040080CC0400805B
:1F31B400DC040080706275665F616C6C6F633A206572726F6E656F757320747970650067
:1D31D400706275665F616C6C6F63286C656E6774683D257529203D3D2025700A00C4
:1231F400696E76616C696420706275665F7479706500F4
:20320800706275665F616C6C6F635F7265666572656E63653A20436F756C64206E6F74209F
:20322800616C6C6F63617465204D454D505F5042554620666F7220504255465F25732E0A83
:013248000085
:20324C00524F4D0052454600706275665F616C6C6F6365645F637573746F6D286C656E67EF
:20326C0074683D2575290A00706275665F616C6C6F6365645F637573746F6D286C656E67B4
:19328C0074683D2575292062756666657220746F6F2073686F72740A00E7
:2032A800706275665F7265616C6C6F633A207020213D204E554C4C00706275665F72656131
:2032C8006C6C6F633A207120213D204E554C4C006D656D5F7472696D2072657475726E6519
:2032E800642071203D3D204E554C4C00706275665F6164645F6865616465723A2066616955
:203308006C6564206173202570203C20257020286E6F7420656E6F7567682073706163654B
:1733280020666F72206E6577206865616465722073697A65290A0026
:20334000706275665F6164645F6865616465723A206F6C64202570206E65772025702028BB
:053360002575290A009B
:1E336800696E6372656D656E745F6D61676E6974756465203C3D20702D3E6C656E0092
:20338800706275665F72656D6F76655F6865616465723A206F6C64202570206E65772025C6
:2033A8007020282575290A00706275665F667265652870203D3D204E554C4C2920776173B1
:0A33C8002063616C6C65642E0A003E
:0F33D400706275665F66726565282570290A004C
:1633E400706275665F667265653A20702D3E726566203E20300005
:2033FC00706275665F667265653A206465616C6C6F636174696E672025700A0070632D3EC5
:1D341C00637573746F6D5F667265655F66756E6374696F6E20213D204E554C4C0059
:12343C00696E76616C69642070627566207479706500E8
:20345000706275665F667265653A20257020686173207265662025752C20656E64696E678B
:1A34700020686572652E0A007062756620726566206F766572666C6F7700A8
:20348C00286820213D204E554C4C2920262620287420213D204E554C4C29202870726F6764
:1534AC0072616D6D65722076696F6C61746573204150492900DD
:2034C400702D3E746F745F6C656E203D3D20702D3E6C656E20286F66206C61737420706261
:0D34E400756620696E20636861696E2900BD
:2034F400702D3E6E657874203D3D204E554C4C00706275665F636861696E3A202570207299
:0E35140065666572656E6365732025700A003A
:17352400706275665F616C6C6F63286C656E6774683D2575290A00C5
:13353C00706275665F636F70792825702C202570290A00E4
:20355000706275665F636F70793A20746172676574206E6F742062696720656E6F7567684A
:2035700020746F20686F6C6420736F75726365006F66667365745F746F203C3D20705F74FB
:073590006F2D3E6C656E001B
:1B3598006F66667365745F66726F6D203C3D20705F66726F6D2D3E6C656E0098
:0D35B400705F746F20213D204E554C4C007F
:2035C400706275665F636F7079282920646F6573206E6F7420616C6C6F77207061636B6530
:0A35E4007420717565756573210090
:2035F000706275665F636F70793A20656E64206F6620636861696E20726561636865642E31
:023610000A00AE
:1F361400706275665F636F70795F7061727469616C3A20696E76616C69642062756600E6
:20363400706275665F636F70795F7061727469616C3A20696E76616C6964206461746170F8
:033654007472008D
:17365800706275665F74616B653A20696E76616C696420627566000C
:1B367000706275665F74616B653A20696E76616C69642064617461707472003D
:20368C00706275665F74616B653A20627566206E6F74206C6172676520656E6F7567680094
:2036AC00706275665F74616B653A20696E76616C6964207062756600646964206E6F74207D
:0E36CC00636F707920616C6C20646174610022
:1136DC00706275665F636F7079206661696C65640091
:2036F000706275665F616C6C6F633A207062756620712D3E7061796C6F61642070726F70D5
:0D37100065726C7920616C69676E656400FC
:203720002E2E2F4C69627261726965732F45746865726E65742F6C7769702F7372632F63FF
:0B3740006F72652F706275662E6300CB
:20374C00504255465F504F4F4C5F42554653495A45206D75737420626520626967676572C0
:20376C00207468616E204D454D5F414C49474E4D454E5400706275665F616C6C6F633A2004
:1F378C00706275662D3E7061796C6F61642070726F7065726C7920616C69676E6564008B
:2037AC00FFFF8100000000300000000101010200C000000000000010010000100100000166
:2037CC000000000A000000010000000C00090400C0A802140011772D4661696C65642074AD
:2037EC006F20616C6C6F63617465206D656D6F727920666F7220554450207061636B657428
:0A380C00206275666665722E0A00E0
:2038180053656E64204F6666657220536572766963652053756363657373202121200A007E
:1F38380053656E64204F666665722053657276696365204661696C6564202121200A00F3
:20385800FFFF8100000000280000000101010200C0000000000000100700000001000001CB
:203878000000000A0000000153656E6420534F4D4549502054657374204D65737361676509
:06389800202121200A009E
:1338A0007564705F73656E64746F206661696C21210A00D8
:2038B4004E657720737562736372696265722061646465642E2067726F75645F6964203A6F
:0538D4002025640A003C
:1E38DC0052657175657374656420556E6B6E6F776E20536572766963652049440A0064
:1A38FC005265636569766564205365727669636520526571756573740A0087
:2039180053656E6420534F4D452F4950205365727669636520526573706F6E736521212027
:023938000A0083
:20393C0053656E6420534F4D452F4950205365727669636520526573706F6E73652046619E
:09395C00696C65642121200A0058
:20396800200002000000000C0000000001010200000000000000000053656E742065766513
:1E3988006E74206E6F74696669636174696F6E2077697468206964203A2025750A0031
:1D39A8004D756C7469636173742075706420696E70757420726561647921200A0013
:2039C8004D756C7469636173742075706420696E707574206E6F7420726561647921200A7F
:0139E80000DE
:2039EC004572726F723A20436F756C64206E6F742063726561746520554450205043422E2F
:023A0C000A00AE
:203A10004572726F723A20436F756C64206E6F742062696E64205544502050434220746F0C
:1A3A300020706F72742025642E204572726F7220636F64653A2025640A00EE
:203A4C00554450204D756C746963617374204C697374656E65722073746172746564206F8F
:203A6C006E20706F72742025642E0A00534F4D452F49502053657276696365205043422004
:0E3A8C00496E697469616C697A6564210A008B
:203A9C00534F4D452F495020536572766963652050434220696E6974206661696C656421AE
:023ABC000A00FE
:0F3AC0004D454D00434C4F53455F57414954000E
:193AD000756E61636B6564207365676D656E7473206C65616B696E670081
:173AEC006F6F736571207365676D656E7473206C65616B696E67001B
:203B04007463705F7063625F72656D6F76653A207463705F706362735F73616E65282900DA
:1A3B24007463705F6E6578745F6973733A20696E76616C69642070636200DE
:203B40007463705F6566665F73656E645F6D73735F6E657469663A20696E76616C696420FD
:073B60006473745F697000DB
:203B68007463705F6E657469665F69705F616464725F6368616E6765645F7063626C69734A
:203B8800743A20696E76616C6964206F6C645F61646472006E657469665F7365745F697016
:1B3BA800616464723A2061626F7274696E6720544350207063622025700A009C
:113BC400434C4F53494E47004C4153545F41434B007F
:0A3BD80054494D455F574149540020
:113BE4007463705F667265653A204C495354454E005F
:203BF8002E2E2F4C69627261726965732F45746865726E65742F6C7769702F7372632F6323
:0A3C18006F72652F7463702E630055
:193C24007463705F667265655F6C697374656E3A20214C495354454E0007
:203C40007463705F72656D6F76655F6C697374656E65723A20696E76616C6964206C6973C2
:063C600074656E65720040
:203C680070636220213D204E554C4C007063622D3E7374617465203D3D204C495354454EE4
:013C8800003B
:203C8C007463705F636C6F73655F73687574646F776E3A20696E76616C69642070636200EB
:193CAC007063622D3E666C61677320262054465F5258434C4F534544008F
:173CC8007463705F636C6F73653A20696E76616C6964207063620093
:173CE0007463705F636C6F73653A20636C6F73696E6720696E2000B1
:193CF8007463705F6162616E646F6E3A20696E76616C69642070636200A4
:203D1400646F6E27742063616C6C207463705F61626F72742F7463705F6162616E646F6E71
:113D340020666F72206C697374656E2D706362730093
:1A3D48007463705F6162616E646F6E3A2073656E64696E67205253540A0083
:163D64007463705F62696E643A20696E76616C6964207063620070
:073D7C00434C4F5345440086
:203D84007463705F62696E643A2063616E206F6E6C792062696E6420696E20737461746579
:203DA40020434C4F534544007463705F62696E643A2062696E6420746F20706F72742025BE
:033DC400750A007D
:1D3DC8007463705F6163636570745F6E756C6C3A20696E76616C6964207063620018
:203DE8007463705F6C697374656E5F776974685F6261636B6C6F675F616E645F6572723AC5
:0D3E080020696E76616C6964207063620051
:203E18007463705F6C697374656E5F776974685F6261636B6C6F675F616E645F6572723A94
:173E38002070636220616C726561647920636F6E6E65637465640049
:203E50007463705F7570646174655F7263765F616E6E5F776E643A20696E76616C696420DA
:1E3E7000706362006E65775F7263765F616E6E5F776E64203C3D2030786666666600CE
:203E90007463705F7265637665643A20696E76616C69642070636200646F6E27742063619D
:1E3EB0006C6C207463705F72656376656420666F72206C697374656E2D7063627300F2
:203ED0007463705F7265637665643A2077696E646F7720676F7420746F6F20626967206F04
:1A3EF0007220746370776E645F73697A655F74206F766572666C6F770A000B
:073F0C004C495354454E00DF
:203F14007463705F7265637665643A2072656365697665642025752062797465732C207709
:0D3F34006E6420257520282575292E0A00B1
:1D3F44007463705F736C6F77746D723A206E6F2061637469766520706362730A00FD
:203F64007463705F736C6F77746D723A2070726F63657373696E67206163746976652070BC
:203F840063620A007463705F736C6F77746D723A20616374697665207063622D3E737461B2
:0E3FA400746520213D20434C4F5345440A00D4
:203FB4007463705F736C6F77746D723A20616374697665207063622D3E7374617465202137
:0A3FD4003D204C495354454E0A00AD
:203FE0007463705F736C6F77746D723A20616374697665207063622D3E737461746520210B
:0D4000003D2054494D452D574149540A00BB
:0940100053594E5F53454E540014
:20401C007463705F736C6F77746D723A206D61782053594E20726574726965732072656196
:06403C00636865640A00E0
:204044007463705F736C6F77746D723A206D617820444154412072657472696573207265AF
:0740640061636865640A0056
:20406C007463705F736C6F7774696D723A2070657273697374207469636B696E67207769A0
:12408C00746820696E2D666C69676874206461746100EA
:2040A0007463705F736C6F7774696D723A2070657273697374207469636B696E672077696C
:1540C000746820656D7074792073656E6420627566666572005C
:2040D8007463705F736C6F77746D723A207274696D65202564207063622D3E72746F20258C
:0340F800640A0057
:2040FC007463705F736C6F77746D723A2063776E64202575207373746872657368202575D8
:02411C000A0097
:204120007463705F736C6F77746D723A2072656D6F76696E672070636220737475636B2041
:0F414000696E2046494E2D574149542D320A00D1
:204150007463705F736C6F77746D723A204B454550414C4956452074696D656F75742E202C
:2041700041626F7274696E6720636F6E6E656374696F6E20746F200053594E5F52435644FE
:01419000002E
:204194007463705F736C6F77746D723A2064726F7070696E67204F4F534551207175657509
:0941B400656420646174610A0075
:2041C0007463705F736C6F77746D723A2072656D6F76696E672070636220737475636B20A1
:0D41E000696E2053594E2D524356440A007B
:2041F0007463705F736C6F77746D723A2072656D6F76696E672070636220737475636B2071
:0D421000696E204C4153542D41434B0A0070
:204220007463705F736C6F77746D723A206D6964646C652074637020213D207463705F61EB
:0B42400063746976655F706362730051
:20424C007463705F736C6F77746D723A20666972737420706362203D3D207463705F616399
:0A426C00746976655F706362730089
:204278007463705F736C6F77746D723A20706F6C6C696E67206170706C69636174696F6E65
:024298000A001A
:20429C007463705F736C6F77746D723A2054494D452D57414954207063622D3E73746174DD
:0F42BC0065203D3D2054494D452D574149540043
:2042CC007463705F736C6F77746D723A206D6964646C652074637020213D207463705F742C
:0742EC00775F70636273004D
:2042F4007463705F736C6F77746D723A20666972737420706362203D3D207463705F7477CA
:064314005F70636273009C
:1A431C007463705F66617374746D723A2064656C617965642041434B0A00B5
:2043380045535441424C4953484544007463705F66617374746D723A2070656E64696E6757
:064358002046494E0A0058
:204360007463705F70726F636573735F726566757365645F646174613A20696E76616C6975
:064380006420706362007E
:1F4388007463705F696E7075743A206E6F74696679206B657074207061636B65740A00D7
:2043A8007463705F696E7075743A2064726F7020696E636F6D696E67207061636B65747391
:1943C8002C206265636175736520706362206973202266756C6C220A0046
:1943E4007463705F7365747072696F3A20696E76616C696420706362007E
:1A4400007463705F7365675F636F70793A20696E76616C6964207365670003
:1B441C007463705F726563765F6E756C6C3A20696E76616C696420706362007F
:204438007463705F6B696C6C5F7072696F3A206B696C6C696E67206F6C6465737420504357
:0B4458004220257020282564290A005E
:0E446400696E76616C69642073746174650022
:204474007463705F6B696C6C5F636C6F73696E673A206B696C6C696E67206F6C6465737499
:114494002025732050434220257020282564290A00B1
:0B44A80046494E5F574149545F310008
:2044B4007463705F6B696C6C5F74696D65776169743A206B696C6C696E67206F6C64657358
:1944D400742054494D452D574149542050434220257020282564290A00FC
:2044F0007463705F68616E646C655F636C6F736570656E643A2070656E64696E6720464990
:034510004E0A0050
:204514007463705F616C6C6F633A206B696C6C696E67206F6666206F6C64657374205449CF
:204534004D452D5741495420636F6E6E656374696F6E0A007463705F616C6C6F633A206BA3
:20455400696C6C696E67206F6666206F6C64657374204C4153542D41434B20636F6E6E653F
:074574006374696F6E0A0019
:20457C007463705F616C6C6F633A206B696C6C696E67206F6666206F6C6465737420434C75
:12459C004F53494E4720636F6E6E656374696F6E0A0033
:2045B0007463705F616C6C6F633A206B696C6C696E67206F6C6465737420636F6E6E6563B5
:1E45D00074696F6E2077697468207072696F206C6F776572207468616E2025640A0096
:2045F000696E76616C696420736F636B657420737461746520666F722072656376206361BF
:074610006C6C6261636B003A
:20461800696E76616C696420736F636B657420737461746520666F722073656E742063618C
:074638006C6C6261636B0012
:20464000696E76616C696420736F636B657420737461746520666F72206572722063616C69
:064660006C6261636B0057
:164668007463705F706F6C6C3A20696E76616C6964207063620049
:0B46800046494E5F574149545F32002D
:1E468C00696E76616C696420736F636B657420737461746520666F7220706F6C6C0001
:1B46AC007463705F7063625F70757267653A20696E76616C6964207063620000
:0F46C8007463705F7063625F70757267650A007C
:2046D8007463705F7063625F70757267653A2064617461206C656674206F6E202D3E726547
:2046F80066757365645F646174610A007463705F7063625F70757267653A206E6F742061FF
:0E4718006C6C20646174612073656E740A001D
:204728007463705F7063625F70757267653A2064617461206C656674206F6E202D3E756EEA
:0747480061636B65640A0068
:204750007463705F7063625F70757267653A2064617461206C656674206F6E202D3E6F6FC7
:054770007365710A00F1
:204778007463705F7063625F72656D6F76653A20696E76616C696420706362007463705F1D
:204798007063625F72656D6F76653A20696E76616C6964207063626C69737400756E7365D2
:2047B8006E74207365676D656E7473206C65616B696E67000102030405060707070707073F
:0147D80007D9
:1747DC009C9E0070989E0070909E0070AC9E007003060C18306078E9
:2047F4007C3D00800C3F0080104000808841008038430080A844008080460080C43A00805D
:20481400C43B0080CC3B0080D83B00804563686F3A20756E61626C6520746F2062696E64DB
:1F48340020746F20616E792061646472657373206F6E20706F727420313030302E0A00F9
:204854004563686F3A20756E61626C6520746F2063726561746520612054435020636F6E75
:0D48740074726F6C20626C6F636B2E0A0013
:1E4884004E65772054435020636F6E6E656374696F6E206163636570746564210A0011
:2048A4007463705F696E7075743A206F7074696F6E73206F766572666C6F77207365636F5A
:2048C4006E64207062756620282575206279746573290A00702D3E6C656E203D3D203000D5
:1F48E400702D3E746F745F6C656E203D3D20702D3E6E6578742D3E746F745F6C656E0031
:204904007463705F696E7075743A206C656E677468207531365F74206F766572666C6F777E
:164924002C2063616E6E6F742068616E646C6520746869730A0040
:20493C007463705F696E7075743A20616374697665207063622D3E737461746520213D2030
:07495C00434C4F534544009A
:204964007463705F696E7075743A20616374697665207063622D3E737461746520213D2008
:0A49840054494D452D574149540098
:204990007463705F696E7075743A20616374697665207063622D3E737461746520213D20DC
:0749B0004C495354454E0031
:2049B8007463705F696E7075743A207063622D3E6E65787420213D20706362202862656608
:0B49D8006F7265206361636865290051
:2049E4007463705F696E7075743A207063622D3E6E65787420213D207063622028616674CE
:0A4A04006572206361636865290094
:204A10007463705F696E7075743A2054494D452D57414954207063622D3E737461746520C4
:0D4A30003D3D2054494D452D57414954004E
:204A40007463705F696E7075743A207061636B656420666F722054494D455F57414954690B
:204A60006E6720636F6E6E656374696F6E2E0A007463705F696E7075743A207061636B65A5
:1D4A80006420666F72204C495354454E696E6720636F6E6E656374696F6E2E0A0099
:1A4AA0007063622D3E726566757365645F64617461203D3D204E554C4C0080
:204ABC007463705F696E7075743A206B65657020696E636F6D696E67207061636B65742CCD
:204ADC00206265636175736520706362206973202266756C6C220A007463705F696E7075EE
:204AFC00743A206E6F20504342206D6174636820666F756E642C20726573657474696E6770
:034B1C002E0A005E
:1B4B20007463705F696E7075743A207463705F706362735F73616E65282900A5
:204B3C007463705F696E7075745F64656C617965645F636C6F73653A20696E76616C696496
:054B5C002070636200FF
:1E4B64007463705F6C697374656E5F696E7075743A20696E76616C69642070636200D9
:204B84007463705F6C697374656E5F696E7075743A2041434B20696E204C495354454E2C12
:204BA4002073656E64696E672072657365740A0054435020636F6E6E656374696F6E2072D3
:124BC400657175657374202575202D3E2025752E0A0011
:204BD8007463705F6C697374656E5F696E7075743A20636F756C64206E6F7420616C6C6F4F
:0A4BF80063617465205043420A0017
:204C04007463705F74696D65776169745F696E7075743A20696E76616C6964207063620061
:194C24007463705F70726F636573733A20696E76616C696420706362003C
:1F4C40007463705F70726F636573733A20436F6E6E656374696F6E2052455345540A0099
:204C60007463705F696E7075743A207063622D3E737461746520213D20434C4F53454400EB
:204C80007463705F70726F636573733A20756E61636365707461626C6520726573657420CB
:154CA0007365716E6F202575207263765F6E78742025750A0037
:204CB80053594E2D53454E543A2061636B6E6F202575207063622D3E736E645F6E7874207D
:0F4CD800257520756E61636B65642025750A0074
:204CE8007463705F70726F63657373202853454E54293A2063776E642025752073737468BA
:094D0800726573682025750A002C
:164D14007063622D3E736E645F71756575656C656E203E20300033
:204D2C007463705F70726F636573733A2053594E2D53454E54202D2D71756575656C656E29
:054D4C002025750A009E
:204D54007463705F696E7075743A20696E76616C69642070627566006E6F207365676D654D
:0B4D74006E7420746F2066726565008D
:204D800054435020636F6E6E656374696F6E2065737461626C6973686564202575202D3EEF
:064DA0002025752E0A001B
:1E4DA8007063622D3E6C697374656E65722D3E61636365707420213D204E554C4C0033
:204DC8007463705F70726F63657373202853594E5F52435644293A2063776E64202575204D
:0D4DE80073737468726573682025750A0086
:204DF80054435020636F6E6E656374696F6E20636C6F7365643A2046494E5F574149545FA0
:0D4E180031202575202D3E2025752E0A0025
:204E280054435020636F6E6E656374696F6E20636C6F7365643A2046494E5F574149545F6F
:0D4E480032202575202D3E2025752E0A00F4
:204E580054435020636F6E6E656374696F6E20636C6F7365643A20434C4F53494E472025BB
:0A4E780075202D3E2025752E0A003E
:204E840054435020636F6E6E656374696F6E20636C6F7365643A204C4153545F41434B2061
:0B4EA4002575202D3E2025752E0A00EC
:204EB0007463705F6F6F735F696E736572745F7365676D656E743A20696E76616C69642044
:054ED00063736567003B
:204ED8007463705F726563656976653A2072656D6F76696E672025753A25752066726F6D0E
:0A4EF800207063622D3E25730A004E
:204F04002E2E2F4C69627261726965732F45746865726E65742F6C7769702F7372632F6303
:0D4F24006F72652F7463705F696E2E6300FD
:1E4F34007463705F726563656976653A2071756575656C656E202575202E2E2E200094
:204F54007063622D3E736E645F71756575656C656E203E3D20706275665F636C656E286E96
:1F4F74006578742D3E7029002575202861667465722066726565696E67202573290A00EA
:204F94007463705F726563656976653A2076616C6964207175657565206C656E6774680023
:194FB4007463705F726563656976653A20696E76616C69642070636200C5
:194FD0007463705F726563656976653A2077726F6E672073746174650077
:1F4FEC007463705F726563656976653A2077696E646F77207570646174652025750A00C4
:20500C007463705F726563656976653A20736C6F772073746172742063776E642025750AFE
:01502C000083
:205030007463705F726563656976653A20636F6E67657374696F6E2061766F6964616E63DF
:0B505000652063776E642025750A0060
:20505C007463705F726563656976653A2041434B20666F722025752C20756E61636B65643A
:0F507C002D3E7365716E6F2025753A25750A00FC
:20508C007463705F696E7075743A2073686F7274207061636B657420282575206279746556
:0E50AC007329206469736361726465640A008D
:0F50BC00756E61636B656400756E73656E74006D
:2050CC007463705F726563656976653A207063622D3E727474657374202575207274736503
:0F50EC00712025752061636B6E6F2025750A009A
:2050FC007463705F726563656976653A20657870657269656E6365642072747420257520D1
:12511C007469636B7320282575206D736563292E0A0058
:205130007463705F726563656976653A2052544F20257520282575206D696C6C6973656379
:075150006F6E6473290A0071
:1F515800696E7365672E7020213D204E554C4C00696E73616E65206F6666736574210065
:205178007062756620746F6F2073686F727421007463705F726563656976653A206475705B
:115198006C6963617465207365716E6F2025750A008A
:2051AC007463705F726563656976653A206F7468657220656E64206F76657272616E2072D8
:2051CC006563656976652077696E646F777365716E6F202575206C656E202575207269673F
:2051EC00687420656467652025750A007463705F696E7075743A207061636B6574206469B9
:20520C00736361726465642064756520746F206661696C696E6720636865636B73756D20BE
:20522C003078253034780A007463705F726563656976653A207365676D656E74206E6F7468
:1F524C00207472696D6D656420636F72726563746C7920746F207263765F776E640A001A
:20526C007463705F726563656976653A20726563656976656420696E2D6F72646572204652
:19528C00494E2C2062696E6E696E67206F6F7365712071756575650A00AB
:2052A8007463705F726563656976653A207365676D656E74206E6F74207472696D6D65648D
:1B52C80020636F72726563746C7920746F206F6F7365712071756575650A003B
:1F52E4007463705F726563656976653A207463706C656E203E207263765F776E640A00C7
:205304007463705F726563656976653A2072656365697665642046494E2E0A007463705F84
:20532400726563656976653A206F6F736571207463706C656E203E207263765F776E640AE4
:015344000068
:205348007463705F726563656976653A2064657175657565642046494E2E0A007463705F35
:1653680070617273656F70743A20696E76616C696420706362002B
:135380007463705F70617273656F70743A20454F4C0A00C2
:135394007463705F70617273656F70743A204E4F500A00A1
:2053A8007463705F696E7075743A20696E76616C696420686561646572206C656E677468A3
:0753C80020282575290A00C9
:1353D0007463705F70617273656F70743A204D53530A005F
:1A53E4007463705F70617273656F70743A20626164206C656E6774680A006E
:155400007463705F70617273656F70743A206F746865720A00FD
:20541800702D3E6E65787420213D204E554C4C007463705F706275665F707265616C6C6F60
:20543800633A20696E76616C6964206F76657273697A65007463705F6B656570616C697622
:20545800653A207463705F7469636B732025752020207063622D3E746D72202575207063F7
:15547800622D3E6B6565705F636E745F73656E742025750A002C
:205490007463705F6B656570616C6976653A20636F756C64206E6F7420616C6C6F636174BE
:1354B00065206D656D6F727920666F7220706275660A008D
:2054C4007463705F6B656570616C6976653A207365716E6F2025752061636B6E6F2025754C
:0A54E400206572722025642E0A0074
:2054F0007463705F7A65726F5F77696E646F775F70726F62653A20696E76616C69642070F7
:03551000636200D3
:205514007463705F7A65726F5F77696E646F775F70726F62653A2073656E64696E67205AE7
:1555340045524F2057494E444F572070726F626520746F200029
:20554C007463705F7A65726F5F77696E646F775F70726F62653A207463705F7469636B734D
:20556C002025752020207063622D3E746D72202575207063622D3E6B6565705F636E745FF0
:09558C0073656E742025750A0098
:205598007463705F7A65726F5F77696E646F775F70726F62653A206E6F206D656D6F72792F
:0B55B80020666F7220706275660A00AA
:2055C4007463705F7A65726F5F77696E646F775F70726F62653A207365716E6F2025752099
:1255E40061636B6E6F202575206572722025642E0A00A5
:1F55F8007463705F706275665F707265616C6C6F633A20696E76616C69642070636200FA
:205618006E65656420756E636861696E65642070627566007463705F77726974655F63683F
:1256380065636B733A20696E76616C6964207063620024
:20564C007463705F777269746528292063616C6C656420696E20696E76616C696420737492
:05566C006174650A00F5
:205674007463705F77726974653A20746F6F206D756368206461746120286C656E3D2575B4
:20569400203E20736E645F6275663D2575290A007463705F77726974653A2071756575653D
:0956B4006C656E3A2025750A00B0
:2056C0007463705F77726974653A20746F6F206C6F6E6720717565756520257520286D6168
:0756E00078202575290A005E
:2056E8007463705F77726974653A207062756673206F6E207175657565203D3E2061742065
:1A5708006C65617374206F6E65207175657565206E6F6E2D656D7074790000
:205724007463705F77726974653A206E6F207062756673206F6E207175657565203D3E2020
:12574400626F74682071756575657320656D707479009F
:175758007463705F77726974653A20696E76616C69642070636200D3
:205770007463705F7772697465287063623D25702C20646174613D25702C206C656E3D2574
:11579000752C20617069666C6167733D2575290A00F6
:2057A4007463705F77726974653A20617267203D3D204E554C4C202870726F6772616D6DDE
:1157C40065722076696F6C6174657320415049290053
:1757D8006D73735F6C6F63616C20697320746F6F20736D616C6C0056
:2057F000756E73656E745F6F76657273697A65206D69736D6174636820287063622076732A
:0F5810002E206C6173745F756E73656E74290062
:20582000696E636F6E73697374656E74206F76657273697A652076732E207370616365004D
:1E584000696E636F6E73697374656E74206F76657273697A652076732E206C656E00FC
:205860007463705F7772697465203A20636F756C64206E6F7420616C6C6F63617465206D63
:1D588000656D6F727920666F72207062756620636F70792073697A652025750A0031
:2058A0007463705F77726974653A20524F4D2070627566732063616E6E6F74206265206F76
:0958C00076657273697A65640073
:2058CC007463705F77726974653A20636F756C64206E6F7420616C6C6F63617465206D65B2
:1958EC006D6F727920666F72207A65726F2D636F707920706275660A00D6
:20590800756E73656E745F6F76657273697A65206D69736D6174636820287063622D3E7539
:0F5928006E73656E74206973204E554C4C2900C8
:205938007463705F77726974653A20636865636B2074686174206669727374207062756640
:1E5958002063616E20686F6C642074686520636F6D706C657465207365676C656E00A0
:0E5978006F76657273697A65203D3D203000C0
:205988007463705F77726974653A20636F756C64206E6F7420616C6C6F63617465206D65F5
:1659A8006D6F727920666F722068656164657220706275660A005B
:2059C0007463705F77726974653A20717565756520746F6F206C6F6E6720257520282564AA
:0359E000290A0091
:1159E400707265765F73656720213D204E554C4C007E
:1B59F8007463705F77726974653A207175657565696E672025753A25750A006E
:205A14006C6173745F756E73656E742D3E6F76657273697A655F6C656674203E3D206F7636
:205A3400657273697A655F75736564007463705F77726974653A2063616E6E6F7420636F10
:205A54006E636174656E617465207768656E207063622D3E756E73656E7420697320656D62
:205A7400707479007463705F77726974653A20657874656E73696F6E206F662072656665F6
:195A940072656E6365207265717569726573207265666572656E6365008D
:205AB0007463705F6372656174655F7365676D656E743A20696E76616C69642070636200D4
:205AD0007463705F77726974653A2025642028616674657220656E717565756564290A00F9
:1E5AF0007463705F77726974653A2076616C6964207175657565206C656E6774680076
:1E5B10007463705F77726974653A202564202877697468206D656D20657272290A00C4
:205B30007463705F73706C69745F756E73656E745F7365673A20696E76616C6964207063B5
:025B50006200F1
:205B540043616E27742073706C6974207365676D656E7420696E746F206C656E6774682089
:025B74003000FF
:0D5B780073706C6974203C3D206D737300E8
:0E5B8800757365672D3E6C656E203E20300003
:205B98007463705F656E71756575653A2073706C69745F756E73656E745F7365673A2025B0
:035BB800750A006B
:205BBC007463705F73706C69745F756E73656E745F7365673A20636F756C64206E6F74205B
:205BDC00616C6C6F63617465206D656D6F727920666F7220706275662072656D61696E6477
:075BFC0065722025750A0007
:205C04007463705F73706C69745F756E73656E745F7365673A20636F756C64206E6F742012
:205C2400636F707920706275662072656D61696E6465722025750A002E2E2F4C69627261C8
:205C4400726965732F45746865726E65742F6C7769702F7372632F636F72652F7463705F10
:065C64006F75742E630051
:205C6C007463705F73706C69745F756E73656E745F7365673A20636F756C64206E6F7420AA
:205C8C00637265617465206E657720544350207365676D656E740A00736567203D3D204EAF
:1E5CAC00554C4C007463705F73656E645F66696E3A20696E76616C696420706362006B
:205CCC007463705F656E71756575655F666C6167733A2071756575656C656E3A2025750AF2
:015CEC0000B7
:205CF0007463705F656E71756575655F666C6167733A206E6565642065697468657220547F
:205D100043505F53594E206F72205443505F46494E20696E20666C616773202870726F671F
:155D300072616D6D65722076696F6C6174657320415049290030
:1F5D48007463705F656E71756575655F666C6167733A20696E76616C696420706362009C
:205D68007463705F656E71756575655F666C6167733A20636865636B2074686174206669F9
:195D880072737420706275662063616E20686F6C64206F70746C656E0011
:205DA4007365672D3E746370686472206E6F7420616C69676E6564007463705F656E7175EC
:205DC4006575655F666C6167733A20696E76616C6964207365676D656E74206C656E677486
:025DE400680055
:205DE8007463705F656E71756575655F666C6167733A207175657565696E672025753A25BB
:0A5E080075202830782578290A005B
:205E14007463705F6372656174655F7365676D656E743A20696E76616C69642070627566F4
:015E3400006D
:205E38007463705F656E71756575655F666C6167733A2025642028616674657220656E719F
:205E58007565756564290A007463705F656E71756575655F666C6167733A20696E76616C61
:205E78006964207175657565206C656E677468007463705F6F75747075743A20696E7661F7
:205E98006C69642070636200646F6E27742063616C6C207463705F6F757470757420666F58
:0E5EB80072206C697374656E2D7063627300E6
:205EC8007463705F6F75747075743A206E6F7468696E6720746F2073656E6420282570293F
:025EE8000A00AE
:205EEC007463705F6F75747075743A20736E645F776E642025752C2063776E642025752C60
:1E5F0C0020776E642025752C20736567203D3D204E554C4C2C2061636B2025750A0095
:205F2C007463705F6F75747075743A20736E645F776E642025752C2063776E642025752C1F
:205F4C0020776E642025752C20656666776E642025752C207365712025752C2061636B20A8
:1B5F6C0025750A00525354206E6F7420657870656374656420686572652100B5
:205F88007463705F6F75747075745F7365676D656E745F627573793A20696E76616C6964ED
:055FA800207365670095
:205FB0007463705F6F75747075745F7365676D656E743A20696E76616C6964207365670088
:205FD0007463705F6372656174655F7365676D656E743A206E6F206D656D6F72792E0A001D
:205FF0007463705F6F75747075745F7365676D656E743A20696E76616C6964207063620052
:206010007463705F6F75747075745F7365676D656E743A20696E76616C6964206E657469B6
:02603000660008
:206034007463705F6F75747075745F7365676D656E743A207365676D656E74206275737973
:026054000A0040
:1E6058007463705F6F75747075745F7365676D656E743A2072747365712025750A0034
:1B6078007463705F6F75747075745F7365676D656E743A2025753A25750A0092
:136094006F7074696F6E73206E6F742066696C6C656400EC
:2060A8007463705F7265786D69745F72746F5F707265706172653A20696E76616C69642036
:2060C800706362007463705F7265786D69745F72746F3A207365676D656E74206275737960
:0260E8000A00AC
:2060EC007463705F7265786D69745F72746F5F636F6D6D69743A20696E76616C69642070E8
:03610C00636200CB
:206110007463705F7265786D69745F72746F3A20696E76616C69642070636200702D3E7497
:116130006F745F6C656E203E3D206F70746C656E0090
:206144007463705F7265786D69743A20696E76616C696420706362007463705F7265786D04
:09616400697420627573790A0068
:1D6170007463705F7265786D69745F666173743A20696E76616C6964207063620030
:206190007463705F726563656976653A2064757061636B7320257520282575292C20666149
:1261B00073742072657472616E736D69742025750A00C9
:2061C4007463705F726563656976653A20546865206D696E696D756D2076616C75652066D8
:2061E4006F722073737468726573682025752073686F756C64206265206D696E2032206D93
:0A62040073732025752E2E2E0A005C
:20621000636865636B207468617420666972737420706275662063616E20686F6C642073DE
:0E6230007472756374207463705F686472002A
:206240007463705F6F75747075745F616C6C6F635F6865616465723A20696E76616C696474
:056260002070636200E4
:206268007463705F6F75747075745F66696C6C5F6F7074696F6E733A20696E76616C69640D
:0662880020706275660043
:206290007463705F6F75747075745F636F6E74726F6C5F7365676D656E743A20696E7661DD
:0962B0006C6964207062756600DF
:1A62BC007463705F7273743A20696E76616C6964206C6F63616C5F69700025
:2062D8007463705F6372656174655F7365676D656E743A206E6F20726F6F6D20666F72209F
:1562F8005443502068656164657220696E20706275662E0A0025
:1B6310007463705F7273743A20696E76616C69642072656D6F74655F6970004E
:20632C007463705F7273743A20636F756C64206E6F7420616C6C6F63617465206D656D6F3D
:0D634C00727920666F7220706275660A001B
:1D635C007463705F7273743A207365716E6F2025752061636B6E6F2025752E0A00CD
:20637C007463705F73656E645F656D7074795F61636B3A20696E76616C69642070636200FF
:20639C007463705F6F75747075743A202841434B2920636F756C64206E6F7420616C6C6FA0
:0B63BC006361746520706275660A0062
:2063C8007463705F6F75747075743A2073656E64696E672041434B20666F722025750A0002
:1B63E8007463705F6B656570616C6976653A20696E76616C69642070636200A8
:206404007463705F6B656570616C6976653A2073656E64696E67204B454550414C49564524
:0B6424002070726F626520746F200012
:206430007379735F74696D656F75743A2074696D656F757420213D204E554C4C2C20706F22
:1D6450006F6C204D454D505F5359535F54494D454F555420697320656D70747900D6
:206470002E2E2F4C69627261726965732F45746865726E65742F6C7769702F7372632F6382
:0F6490006F72652F74696D656F7574732E63007D
:2064A00054696D656F75742074696D6520746F6F206C6F6E672C206D6178206973204C5793
:1664C00049505F55494E5433325F4D41582F34206D736563730046
:2064D800FA000000C28A0180E80300003E320180E80300002CFB0080640000009C170180D7
:2064F8007564705F696E7075743A20726563656976656420646174616772616D206F662095
:0B6518006C656E6774682025750A0032
:06652400756470202800E0
:13652C002C20257529203C2D2D2028002C202575290A0036
:06654000706362202800D8
:206548007564705F696E7075743A2063616C63756C6174696E6720636865636B73756D0AFD
:016568000032
:1B656C00706275665F72656D6F76655F686561646572206661696C65640A0023
:206588007564705F696E7075743A206E6F7420666F722075732E0A007564705F696E707565
:2065A800743A2055445020286F7220554450204C6974652920646174616772616D206469C5
:2065C800736361726465642064756520746F206661696C696E6720636865636B73756D0A05
:0165E80000B2
:2065EC007564705F73656E64746F3A20696E76616C696420706362007564705F73656E6472
:11660C00746F3A20696E76616C69642070627566008C
:1B6620007564705F73656E64746F3A20696E76616C6964206473745F69700046
:0A663C007564705F73656E640A00F8
:176648007564705F73656E643A204E6F20726F75746520746F200060
:1B6660007564705F73656E64746F5F69663A20696E76616C6964207063620026
:20667C007564705F73656E64746F5F69663A20696E76616C69642070627566007564705FE5
:1A669C0073656E64746F5F69663A20696E76616C6964206473745F69700045
:1D66B8007564705F73656E64746F5F69663A20696E76616C6964206E6574696600EB
:1F66D8007564705F73656E64746F5F69665F7372633A20696E76616C6964207063620003
:2066F8007564705F73656E64746F5F69665F7372633A20696E76616C69642070627566006A
:206718007564705F73656E64746F5F69665F7372633A20696E76616C6964206473745F69E3
:026738007000EF
:20673C007564705F73656E64746F5F69665F7372633A20696E76616C6964207372635F69C2
:02675C007000CB
:206760007564705F73656E64746F5F69665F7372633A20696E76616C6964206E6574696698
:016780000018
:206784007564705F73656E643A206E6F742079657420626F756E6420746F206120706F7259
:2067A400742C2062696E64696E67206E6F770A007564705F73656E643A20666F726365649D
:1367C40020706F72742062696E64206661696C65640A0091
:2067D8007564705F73656E643A20636F756C64206E6F7420616C6C6F6361746520686561BA
:0567F8006465720A0057
:206800007564705F696E7075745F6C6F63616C5F6D617463683A20696E76616C69642070F9
:03682000636200B0
:206824007564705F73656E643A206164646564206865616465722070627566202570206229
:1568440065666F726520676976656E20706275662025700A0069
:20685C007564705F73656E643A2061646465642068656164657220696E20676976656E20A5
:09687C00706275662025700A00A7
:20688800636865636B207468617420666972737420706275662063616E20686F6C64207360
:0E68A8007472756374207564705F68647200AA
:2068B8007564705F73656E643A2073656E64696E6720646174616772616D206F66206C65E5
:0968D8006E6774682025750A0042
:2068E4007564705F73656E643A20554450207061636B6574206C656E6774682025750A0001
:1F6904007564705F73656E643A2055445020636865636B73756D203078253034780A0099
:206924007564705F73656E643A2069705F6F75747075745F696620282C2C2C2C307825309B
:0669440032782C290A0044
:16694C007564705F62696E643A20696E76616C696420706362005A
:136964007564705F62696E6428697061646472203D2000C2
:0E6978002C20706F7274203D202575290A00B6
:206988002E2E2F4C69627261726965732F45746865726E65742F6C7769702F7372632F6365
:0A69A8006F72652F7564702E630096
:2069B4007564705F62696E643A206F7574206F6620667265652055445020706F7274730AAA
:0169D40000C2
:2069D8007564705F62696E643A206C6F63616C20706F727420257520616C72656164792034
:1669F800626F756E6420627920616E6F74686572207063620A0006
:206A10007564705F62696E643A20626F756E6420746F20002C20706F7274202575290A008E
:196A30007564705F636F6E6E6563743A20696E76616C6964207063620025
:206A4C007564705F636F6E6E6563743A20696E76616C696420697061646472007564705F1B
:176A6C00636F6E6E6563743A20636F6E6E656374656420746F2000F9
:206A84007564705F646973636F6E6E6563743A20696E76616C696420706362007564705FE2
:126AA400726563763A20696E76616C696420706362009A
:206AB8007564705F72656D6F76653A20696E76616C696420706362007564705F696E70758E
:1D6AD800745F6C6F63616C5F6D617463683A20696E76616C6964206E6574696600E0
:206AF8007564705F696E7075743A20696E76616C69642070627566007564705F696E707534
:116B1800743A20696E76616C6964206E657469660081
:206B2C007564705F696E7075743A2073686F72742055445020646174616772616D20282510
:206B4C007520627974657329206469736361726465640A003256FF0626003B00FEFF3FF657
:206B6C0017000F6510308B0602601745802600903256FF0618003B00FEFF3FF60F000F6524
:206B8C0000308B060260174580260090A2F63705C13F0F6510200090A2F682030F6500207B
:206BAC000090DA207FF60700174580360F6400200090A2F682020F6400300090820C822D02
:206BCC003C130757FFCF8755BFDFCE57460546048B1480408B05A050CE77460746068B169C
:206BEC0080608B07A07082028203820082013A260B2700F26E023C4F0B6430F10B7500F278
:206C0C000B75A0F26E04024002513C453A640B7500F26E0382123C3F3B0004E00B6030F193
:206C2C000B7100F20B71A0F2DE1087559FFF06116701801F8B1FE00602480259061567454A
:206C4C00805F0614C2FE3CEB0284029506F067101F0006F1C21E82087AE86E1D87559FFFD7
:206C6C0006116701801F8B1FE0060B60C0A00B71D0B007BB9FFF06156745805F061406135A
:206C8C006723803F8B1FE0266E0302A002B1C2183FE8E67F76C7460346028B1280208B032A
:206CAC00A030DF2D0B00071DE0FF76F7460146008B1080008B01A01000903B00034040F44B
:206CCC0040C5007074DF3B00034040C4007061000E00370A6800DA0A4BF0110200706100D3
:206CEC0006003BE0024040C4007054DFC21F74DF00700D0000026D000B00370248F0370F9C
:206D0C0068406D007F000D004002008020083C0149A4000A6D008200DF02FC7F14A23C016A
:206D2C0000906D00392D02246D00222CDA00A5FF40806D00312D02246D00462D85FF4080B0
:206D4C0005FF4484B70F03F025FF4480914000FF39F0D08ADA1237F085F1914000FFE9FF26
:206D6C00D08A914000FF39FFC08A9601914000FFE9FFC08ADA099BFF90F8A5FF54803B000A
:206D8C0024003B50C3F08F000100A60FA5FF6080DA00A5FF4C90DA43A5FF4C80DA439B0F0E
:206DAC0000F8A5FF50803B0020F0A5FF5880DA07A5FF5C8005FF5A84B71F02F025FF5A808B
:206DCC00DA01A5FF4C907B0000F8A5FF7880914000FFD9FF141814F0DA5B37F008F034FFDE
:206DEC00081FB70F83F12CF1083F96022CF305FF4394961025FF4390081F96042CF1009025
:206E0C003C0105FF77846F7FFE7F7B0000F8A5FF7C80A5F444900090820205FF7784370FE6
:206E2C0061F2DE1685FF4890370F68F07B000001A5F07C8085F074807B50401026107606C2
:206E4C007B5040F0A5FF7C803C03344F82123C01009049AA00CA4045820849A6004A49A476
:206E6C00000A6D0084C5DA0082003C2201A000F609F100083BA000205F210F8010AF3BD01F
:206E8C00001089F10028C21F10AF3BA0001089F10028C21F3C0910AF01A000260921000829
:206EAC0089F10028C21FC21837085080C21001A000F609F10008DF01DBFF10AFDA0089FF14
:206ECC000028DA003C0910AF09F00028370068406DFF98FFC21F10AF09F00028DF00F5FF09
:206EEC000090910000F8D9FF300009F040090B0410F10B1580F2EE08910000F8D9FF3000FA
:206F0C0009F240093C274DC0E2FF370FE1F78B0F20F23C010D00400300003C013C0185F08A
:206F2C0010018203020285F12C018200A620A6313C01910000F8D9FF300009F24009262091
:206F4C0026316E030D0000033C010B4040200B5150303C013C01910000F8D9FF300009F085
:206F6C0040090B0210F10B1380F2EE03DA003C294DC0E2FF370FE1F78B0F20F23C010D00EC
:206F8C00400300003C013C0185F010018205020485F12C018200A640A6513C01910000F84D
:206FAC00D9FF300009F44009264026516E030D0000033C010B2050F10B3100F20B1390F2A2
:206FCC003C016ECA0090914000FF39FF40CB9620914000FFE9FF40CB00900D0000029100E4
:206FEC0000F7D9FF0400910000C7D9CC040054CFC21F74FF910000F7D9FF040054FF9100F2
:20700C0000F7D9FF000054F83F8F1A80914000FF39FF40CB914000FF39F840CB3708E18220
:20702C008F188081378F81F2914000FFE9FF40CB910000F7D9FF0400DA0074FF0D004002A0
:20704C000080914000FF39F055CBDA1037F085F1914000FFE9FF55CB914000FF39FF40CB19
:20706C00B70F81F2914000FFE9FF40CB00906D007108914000FF39FF40CBB70F81F2914075
:20708C0000FFE9FF40CB910000F7D9FF0000DA0074FF00906D0041080090910000F7D9FF0F
:2070AC000000534426F074FF0090910000F7D9FF0800DA0074FF821482056D00042E8224FD
:2070CC0082056D00002E82146D00F77B00906D00F52E6D00062F910000F7D9FF0800DA0108
:2070EC0074FF821482156D00EE2D822482156D00EA2D82146D00E17B0090910000F7D9FF4C
:20710C00080054F23C010090910000F7D9FF0C0054F23C010090910000F7D9FF100054F213
:20712C003C01009020100B4510889140004FD944400B82643B000850DA80A6F56D00582380
:20714C00914000FF39F0400BB7000103914000FFE9F0400B91000047D94434409100025FD5
:20716C006D00F80B91000047D9443440B04491000057D95534406D00DB0B910000F7D9FFF9
:20718C00344049F4081A91000057D9553440B0456D000612DA003E86DA013E8CDA02BE84AB
:2071AC003C1D910000F7D9FF3440DA0189FF1C483C15910000F7D9FF34403B90D0F3065FB7
:2071CC0089FF10193C0B910000F7D9FF34403B90D0F3066F89FF10193C01910000F7D9FF86
:2071EC003440DA0089FF1C48DF091E80910000F7D9FF3440DA0089FF0C18910000F8D9FF08
:20720C00380049FF000A49A2000AA03444FF642FFC4E910000F7D9FF344049A2000A89F2AB
:20722C0098493C1EDF291D80910000F7D9FF3440DA0289FF0C18910000F8D9FF081049FF45
:20724C00000A49A2000AA03444FF642FFC4E910000F7D9FF344049A2000A89F29849910079
:20726C0000F7D9FF3440DA0289FF0E18910000F7D9FF3440DA0189FF2528910000F7D9FF51
:20728C003440DA1F89FF9448910000F7D9FF3440DA0089FF1248910000F7D9FF3440DA00D3
:2072AC0089FF1648910000F7D9FF344049F4080A910000F7D9FF344049F5081A6D00520BBB
:2072CC00910000F7D9FF3440DA0389FF3C18910000F7D9FF3440DA0089FF3D18910000F702
:2072EC00D9FF3440DA0089FF3E18910000F7D9FF3440DA0F89FF0428910000F7D9FF344039
:20730C00DA0089FF3418910000F7D9FF3440DA0889FF3518910000F7D9FF3440DA0289FFF0
:20732C003918910000F7D9FF3440DA0189FF3718910000F7D9FF3440DA0189FF1C2891005E
:20734C0000F7D9FF3440DA1E89FF8248910000F7D9FF3440DA0189FF0048910000F7D9FFB5
:20736C003440DA0089FF0448910000F7D9FF344049F4280A910000F7D9FF344049F5081A68
:20738C006D00F00A82043BF07F506D008B010090404C405D406E8208910000F7D9FF34403C
:2073AC00C8BF8200DA010F0F00F089FF1059910000F7D9FF3440DA0189FF0D58910000F7BA
:2073CC00D9FF3440DA0089FF0E58910000F7D9FF344049F4280A910000F7D9FF344049F538
:2073EC00005A910000F7D9FF344049F6185A6D00F310910000F7D9FF344009FF025974CFB8
:20740C00DA003C0B10DF91000027D922344010220920585834F0C21F3B8000003F0FF47F9D
:20742C00910000F7D9FF344009FF495874EF02823C01009020100D000002910000F8D9FF6F
:20744C00102049FF000A49A2040AA07404FF242FFC4E49A4000A49A5040A49A60C0A6DFF8D
:20746C0099FF54AF3BA020805F8F64800CA68F0F21800CA58F8F20F0A6F80CA4A6F80CA9A7
:20748C008F8F20900CA8A6F9910000F7D9FF100054FF5E131D00C100F698910000F7D9FFBF
:2074AC000C0082FF74FF3C44910000F7D9FF0C0074F86D00CD03022F6D00D103422F82289E
:2074CC004B8F01A2910000F7D9FF080054FFEE1F910000F7D9FF0C0054F98B4A0680DA0865
:2074EC004BFA01A242A87F891380914000FF39FF808A370FE1F05E1B914000FF39FF808A5F
:20750C00370F61F15E146DFFE4FD3C12910000F7D9FF080054FF5E1C910000F7D9FF0C0019
:20752C0054FF3B0019807FF804806DFFC0FD3C7454AF3B001080FE85910000F7D9FF100083
:20754C0054FF5E123C6909A4440809A545086D001D2C09A4460809A547086D00632C3C5C81
:20756C0054AF3B2010805F8F58800CA66E1B910000F7D9FF080054FF5E123C4E910000F7D3
:20758C00D9FF100054FF6E08910000F7D9FF1000DA0074FF3C07910000F7D9FF1000DA01E3
:2075AC0074FF0CA86E1C910000F7D9FF140054FF6E0C910000F7D9FF1400DA0074FF821476
:2075CC0082056D00802B3C0B910000F7D9FF1400DA0174FF821482156D00752B0CA96E1C7E
:2075EC00910000F7D9FF180054FF6E0C910000F7D9FF1800DA0074FF822482056D00632B4D
:20760C003C0B910000F7D9FF1800DA0174FF822482156D00582B0D0040020080024F404C78
:20762C000258910000F7D9FF344049F4304A6D006909910000F7D9FF344089FF3249910012
:20764C0000F7D9FF3440370868F089FF3948DA003C0B910000F7D9FF344010FF10C2142031
:20766C0089F01058C21F3B8000003F0FF47F3C01910000F7D9FF344049F4080A910000F7D8
:20768C00D9FF344049F5304A910000F7D9FF344049F6105A6D000C10DA205F2FEB7F009052
:2076AC00910000F7D9FF3440DA0089FF2048910000F7D9FF3440DA0089FF2248910000F7F8
:2076CC00D9FF3440DA0189FF2148910000F7D9FF344089F42449910000F7D9FF344089F576
:2076EC002849910000F7D9FF344049F4280A910000F7D9FF344049F5204A6D005A100090E7
:20770C00910000F7D9FF100074F400900D000002910000F7D9FF3440C83FDA0982180FF887
:20772C00008089F810590D0040020080910000F7D9FF14A06D00CF81F4F2910000F7D9FFED
:20774C0014A054FF6E2B910000F7D9FF14A0D4F491000058D95530203B8045436D00807C8E
:20776C00DF021C80910000F7D9FF14A091000027D92214A0D4243BF00F406D00AD80F4F213
:20778C00910000F7D9FF14A0D4F491000058D95568E76D00407B3C013C010090405C821437
:2077AC0040C46D006E853BC000406D005060402FBD0F2700DA0134FFE81CDA002CF1A002F4
:2077CC00E82240C440F56D00477C91000058D955982740C46D00088491000058D9558E179B
:2077EC0040C46D005F7E91000058D9559617820440C46D0040838202DA0234FF3C0282F26C
:20780C003C010090404F405CA00540F46D00247CA00540F46D001785A00540F46D00E483EF
:20782C00A00540F46D003E7EA005820440F46D002283BCC440C46D003B5E40F46D009E7C84
:20784C000090BC436D00345E0090404F405CBD0F1800482F6E0D91000058D9559AA740C4A1
:20786C006D00F18440C440F56D00E3003C0714FF5E3540C440F56DFFC7FF82023C0640C473
:20788C006D00C57A3B30FF2F3C0100902028404F405C406D0248BD0F158091000028D9224B
:2078AC001810F4A2DA61780191000028D922241089A2880991000048D94444216D0008C313
:2078CC00BD0D1980DA0334FF482FEE0640C440F56DFF9AFF3C0C91000058D9559AA740C4DC
:2078EC006D00B18440C440F56D00A30082081D009D007689BCD6A002E82240D46D006E70B1
:20790C001D00940014FFDE12DA0234FFE82D91000058D9559AA740C46D00958440C440F568
:20792C006D00870082081D00810014FFDF2F6580482FEE5CE82D09D284090C2C2CAC09D2F0
:20794C0084090C2D8F8F200009D284090C2EA6F089A08E0891000028D9223C104922000AAB
:20796C0049A4100AC5051000042F244FFC5E09A04C08DA225F0F238009AFCE085E1F6D0098
:20798C000E44370270F0821089A01E088F8F3F0089A01F0889AF20083C1109AFCE085E2E9B
:2079AC006D00E643370270F0822089A01E088F8F3F0089A01F0889AF2008C822DA11AC25E8
:2079CC00C8220924840949A5100A3B1001406D00E86291000058D9559AA740C46D0033842C
:2079EC0040C440F56D0025003C05C82440D56D004F6E82083C1A14FF5E3D09D4C80840C405
:207A0C006D003C83A002E82240D46D00E76F82083C0C09D4C80840C46D003083A002E8225C
:207A2C0040D46D00DB6F820802823C010090404D405FDA003C22C82C09C5840909C4CA0842
:207A4C00821540D46D0074AE022FEE1409C8CA08D4C2E82248207604C8246D00397140C481
:207A6C006D00BC6FDF02FD7F40D402846D0006833C045EF3E82C3C01EE0A482F6E08C822C4
:207A8C00092FCA0809D0E4187FF0D7FF0090404F405CDA002CF1482F6E0D91000058D955FB
:207AAC009AA740C46D00CF8340C440F56DFFC1FF3C0714FF5E3540C440F56DFFA5FE82029C
:207ACC003C0100900D0000026D00362B910000F7D9FF041009F840090B82C0800B93D09067
:207AEC00914000FF39FFE4CA370F61C2FB401FA00BA830F10BB900F20BB9A0F2EE079100FB
:207B0C0000F7D9FF3C0014FF7EC23C2C910000F7D9FF2C00910000C7D9CC2C0009CA4009C2
:207B2C008B1A80A08B0BA0B089FA4009910000F7D9FF1C00910000C7D9CC1C0009CA400911
:207B4C000B8A40800B9B509089F84009910000F7D9FF041089F24009910000F7D9FF3C00A0
:207B6C0034FC0D00400200800D0000026D00E42A910000F7D9FF0C1009F840090B82C080DD
:207B8C000B93D090914000FF39FF244C370FE1C3FB401FA00BA830F10BB900F20BB9A0F29F
:207BAC00EE07910000F7D9FF001014FF7EC23C2C910000F7D9FF3400910000C7D9CC3400D4
:207BCC0009CA40098B1A80A08B0BA0B089FA4009910000F7D9FF2400910000C7D9CC240061
:207BEC0009CA40090B8A40800B9B509089F84009910000F7D9FF0C1089F24009910000F7F0
:207C0C00D9FF001034FC0D0040020080910000F7D9FF240009F240093C010090910000F754
:207C2C00D9FF1C0009F240093C010090910000F7D9FF2C0009F240093C010090910000F70E
:207C4C00D9FF340009F240093C010090910000F7D9FF141054F23C010090910000F7D9FF04
:207C6C00181054F23C010090910000F7D9FF1C000B40000889F040090090910000F7D9FF3C
:207C8C0024000B40000889F040090090910000F7D9FF2C000B40000889F04009009091004D
:207CAC0000F7D9FF34000B40000889F04009009020080D00000285FF104185F02C418200A0
:207CCC00A60FBB0068099B8009000B0F40F0A5FF3041910000F8D9FF102049FF000A49A266
:207CEC00000AA07404FF242FFC4E910000F7D9FF2C0009F04009D2020B0250F10B3100F29C
:207D0C000B31A0F2EE2B910000F7D9FF1410BBB071FB065F91000027D9221C00092440096B
:207D2C0091000027D9222C00092640096DFF48F74B2F010274F0914000FF39FF808AAE1D77
:207D4C00910000F7D9FF141091000027D9221410542F53FF3FF074FF3C07910000F7D9FFA2
:207D6C001410DA0074FF910000F7D9FF340009F04009D2020B0250F10B3100F20B31A0F292
:207D8C00EE2B910000F7D9FF1810BBB071FB065F91000027D92224000924400991000027F5
:207DAC00D9223400092640096DFF0AF74B2F010274F0914000FF39FF808AAE2D910000F74D
:207DCC00D9FF181091000027D9221810542F53FF3FF074FF3C07910000F7D9FF1810DA00A0
:207DEC0074FF910000F7D9FF2C00D20089F04009910000F7D9FF1C00D20089F04009910043
:207E0C0000F7D9FF3400D20089F04009910000F7D9FF2400D20089F04009910000F7D9FF47
:207E2C00141054FF16FF34AF910000F7D9FF141054FF868F16FF2CA1910000F7D9FF141075
:207E4C0054FF8F0F3FF016FF2CA2910000F7D9FF141054FF8F8F3EF016FF2CA3910000F784
:207E6C00D9FF181054FF16FF2CA4910000F7D9FF181054FF868F16FF2CA5910000F7D9FF88
:207E8C00181054FF8F0F3FF016FF2CA6910000F7D9FF181054FF8F8F3EF016FF2CA73B104D
:207EAC00204049A4000A3B8000506DFFB9FB0D00400200806D00702402246D005923DA007B
:207ECC00A5FF80016D00682402246D007D2405FF9405B70F83F125FF940105FF9405B70F51
:207EEC0003F025FF940105FF9505B71F82F125FF950105FF9405968025FF9401DAFAA5FF45
:207F0C00B80105FF9005B74F83F125FF900105FF9005960725FF9001DAFAA5FFB40105FFB8
:207F2C009805B70F83F125FF980105FF9805B70F03F025FF980105FF9805968025FF980116
:207F4C003B801AF6A5FFBC01914000FF39F028B8DA1637F008F0914000FFE9FF28B8914098
:207F6C0000FF39FF2BB89602914000FFE9FF2BB8914000FF39FF29B8B70F83F1914000FFB5
:207F8C00E9FF29B8914000FF39FF29B89604914000FFE9FF29B8914000FF39F02CB8DA1821
:207FAC0037F008F0914000FFE9FF2CB8914000FF39FF2FB89602914000FFE9FF2FB8914003
:207FCC0000FF39FF2DB8B70F83F1914000FFE9FF2DB8914000FF39FF2DB89604914000FF4B
:207FEC00E9FF2DB800906D00D72302246D00C022DA00A5FF80016D00CF2302246D00E42344
:20800C0005FFA005B70F83F125FFA00105FFA105B70F82F125FFA10105FFA005B70F03F0A1
:20802C0025FFA00105FFA005968025FFA00105FFA105960225FFA10105FFA105968025FFFF
:20804C00A101DAFAA5FF8411DAFAA5FFB00105FF9C05B70F83F125FF9C0105FF9C05B70F31
:20806C0003F025FF9C0105FF9C05968025FF9C013B801AF6A5FF8011914000FF39F034B8DF
:20808C00DA1737F008F0914000FFE9FF34B8914000FF39FF35B8B70F83F1914000FFE9FF39
:2080AC0035B8914000FF39FF37B89602914000FFE9FF37B8914000FF39FF35B89604914031
:2080CC0000FFE9FF35B8914000FF39F030B8DA1937F008F0914000FFE9FF30B8914000FF5D
:2080EC0039FF31B8B70F83F1914000FFE9FF31B8914000FF39FF33B89602914000FFE9FF35
:20810C0033B8914000FF39FF31B89604914000FFE9FF31B80090DAFAA5FFB80105FF9405DE
:20812C00964025FF940100903B801AF6A5FFBC0105FF9805964025FF980100903B801AF659
:20814C00A5FF801105FF9C05964025FF9C01009005FF9405B70F01F325FF940100909100E1
:20816C0000F7D9FF18A0683491000047D94420B091000057D95518A06D00591A009091003C
:20818C0000F7D9FF3CA0683491000047D94434B091000057D9553CA06D00491A0090DA2067
:2081AC007FF40880DA010F4F00F0894F18693C08DA018B041E000F0F00F0894F1C6900906F
:2081CC00FF9403803C09FFD40580C2A406243C048B541F400644C2348FE41F203C01009013
:2081EC000C462E570C462E4382223C0282123C0282023C010090094F7D681607FF5F068096
:20820C00C22F534F20203C04C2DF530F21203C0100900B451088026ADA086DFFEEFF422F2E
:20822C00E2AF429842F860823C010090094F7C681607FF5F0680C22F534F20203C04C2DFED
:20824C00530F21203C0100900B451088026ADA086DFFEEFF422FE2AF429842F860823C01DE
:20826C000090094F7C68370F63F2FF5F0680C22F534F20203C04C2DF530F21203C01009083
:20828C000B451088026ADA086DFFEDFF422FE2AF429842F860823C010090534620F0425440
:2082AC0042F460423C010090094F48781607FF5F0680C22F534F20203C04C2DF530F21209D
:2082CC003C0100900B451088026ADA086DFFEEFF422FE2AF429842F860823C010090404CE5
:2082EC00405F0258C82408CF3704685002F46D007F1AC82408C402856D00AC1A09CF401825
:20830C0009F05008370F03F089CF001882123C010090404F0258C82408CF09F55008A64509
:20832C0002F46D00651AC82408C402856D00921A82123C010090405F494C080A6DFF42FFA3
:20834C0082003C0A534020F010F2534020F010C4544F742FC2103F20F7FF009020080B45B8
:20836C001088026A74A73B0020203B0010303B800040821582163B8000704B0961B18B0393
:20838C000800C210821C3C404B0C41114B1851D04B0961114B1D51104B0131E1F6E23C3679
:2083AC004B0E41114B1D51D04B0961116B0131FD82014B1F01F0AE064B0961F16B0F311D1D
:2083CC003C074B0961F16B0F31FD67FFBF1F7F4E03003C1C3FE018004B1B01F016068B0F50
:2083EC0020F26E1102C502E7021BDA143FEF0C00BBD0CCFC9BCFDCF34BF101F0370F61F09B
:20840C006E023C04C21C7FC2C17FF6559A127EC302250207F6557F4E0400821502474B0A88
:20842C0061F17B00E8034B0F41807F3703000273023402393C199A193B007102E2F04B707B
:20844C0001220BA280000B00C0014B0041114B180110370161F16E0402944B0041817FA223
:20846C0003003C04C2F9FF39E87F5A4792F3DA807F3F04003B000830FF23030082233B0099
:20848C0000249BC26124821A3C163B007102E2A04B70018254A00B0880000B00C0014B00D0
:2084AC0041114B120110370161F16E0402A64B004121C21A7FA3EB7F094FDE48C2F53705C6
:2084CC007000370F09F0894F9E48094F5F48C2F637066800370F87F0894F1F48094F5D48CE
:2084EC00C2F437046800370F08F0894F1D48094F5C48C2F337036800370F07F0894F1C48D0
:20850C000090094F1C4937046800370F87FC376F08F4375F07F0377F09F8894F1C490090E3
:20852C0020080B451088026A74A73B0002203B0002303B800040821582163B8000704B0925
:20854C0061B18B030100C210821C3C404B0C41114B1851D04B0961114B1D51104B0131E168
:20856C00F6E23C364B0E41114B1D51D04B0961116B0131FD82014B1F01F0AE064B0961F1D9
:20858C006B0F311D3C074B0961F16B0F31FD67FFBF1F7F4E03003C1C3FE018004B1B01F07C
:2085AC0016068B0F20F26E1102C502E7021BDA143FEF0C00BBD0CCFC9BCFDCF34BF101F0BA
:2085CC00370F61F06E023C04C21C7FC2C17FF6559A127EC302250207F6557F4E04008215CE
:2085EC0002474B0A61F17B00E8034B0F41807F3703000273023402393C199A193B007102A9
:20860C00E2F04B7001220BA280000B00C0014B0041114B180110370161F16E0402944B00B7
:20862C0041817FA203003C04C2F9FF39E87F5A4792F3DA107F3F04003B000130FF2303004B
:20864C0082233B0000249BC26124821A3C163B007102E2A04B70018254A00B0880000B003A
:20866C00C0014B0041114B120110370161F16E0402A64B004121C21A7FA3EB7F094F4E487B
:20868C00C2F537056800370F05F0894F0E48094F4C48C2F637066800370F04F0894F0C485B
:2086AC00094F4D48C2F437046800370F05F0894F0D48094F4C48C2F337036800370F04F281
:2086CC00894F0C480090094F0C4937046800370F04F0376F05F4375F04F237076800370F31
:2086EC0005F8894F0C490090DA003E46DA01BE41DA02BE4B3C25094F5948B70F01F0894FAE
:20870C001948094F5948B70F81F0894F19483C18094F59489601894F1948094F5948B70FA7
:20872C0081F0894F19483C0C094F59489601894F1948094F59489602894F19483C010090DB
:20874C00DA003E46DA013E4DDA02BE433C190C46B70F81F22C460C46B70F01F22C463C1051
:20876C000C4696202C460C46B70F01F22C463C080C4696202C460C4696102C463C01009001
:20878C00FF840A804C45534420000F051050A65F6C453C0D09401809DA084BF401225343C1
:2087AC0020F00FF51050A650894018090090405F494C080A6DFF06FD82003C0A534020F0A9
:2087CC0010C2534020F010F4544F742FC2103F20F7FF0090404F6D00CB1F022802846D0014
:2087EC00C71E9110003030F3D9330008143FB70F01F09110003030F3D9330008343F3C01BE
:20880C009110003030F3D9330008143F370FE1F0BA0F3C016EF602846D00D61F009082F284
:20882C0082003C17538020F0910000F8D9FF28C010FFD4FF7D4F0D80538020F0910000F884
:20884C00D9FF28C010FF481F370F48203C04C210BF20EAFF3C0100906D007F183C010090B0
:20886C002008024F6DFFDDFF910000F8D9FF182009F2C00989A2C009534F2000534220F073
:20888C0010AFD4FF01F000263C010090911000303043D93330085430DA0137F0810FDA01DD
:2088AC0037F0010F911000303043D93330087430DA003E48DA013E49DA023E4ADA033E4BBD
:2088CC003C0D375002003C0A375002013C07375002023C04375002033C01911000303043CF
:2088EC00D93330087430DA0037F0810FDA0037F0010F911000303043D93330087430009026
:20890C002010910000F8D9FF202049FF000A49A2000AA03544FF642FFC5E49AF000A4942A1
:20892C00000AA03444FF642FFC4E0090D45FF44FD44F9110003030F3D9330008143F370F63
:20894C00E1F0BA0F3C011E14D4446DFF45FF0090910000F8D9FF3020D4FFF44FF44500901A
:20896C00405FD4F2F442820809FF04083B004000E20F1025911000303053D93C00483C0123
:20898C00894C840949F5001A49440C0AA046445F644FFC6E09FF0408370F68400855402405
:2089AC006DFF76FF09CF58481601DE1709CF5848B70F81F089CF18483C0109CF58486F1F9C
:2089CC00FEFF09CF5848B70F01F089CF18483C0109CF58486F0FFEFF09CF5848960189CF10
:2089EC0018483C0109CF58481601DF1FFDFF09CF18498210370F01F08210370F81F089CFA2
:208A0C0018496DFF2BFF022909FF55386E0B482509F6CC0809F7CE0840C402946DFFA0FC62
:208A2C003C0C09F4CE0809F5530809F6520809F7D00840C46DFF67FD087F6E2909FF5538FE
:208A4C006E0B485509F6D80809F7DA0840C402946DFF68FD3C0C09F4DA0809F55F0809F63D
:208A6C005E0809F7DC0840C46DFF2FFE09FF60086E0E09F0600809CF4E48968089CF0E4884
:208A8C0009CF4958370F07F089CF0958086F1E18086F1E26086F1E34086FDF4FAD8009FF50
:208AAC00670809C0487837F003F089CF087809FFD01809C0C07886EF37F00EF189CF8078E4
:208ACC0009FF64081E2809FF64081E3509FF6408DF4F488009FF650809C0427837F006F08A
:208AEC0089CF027809FF64081E3509FF6408DF4F248009FF64085E3BDA006E025E1809C0F5
:208B0C00437837F001F389CF03783C0109FF64085E4BDA016E025E1809C0437837F001F3E6
:208B2C0089CF03783C0109FF660809C0437837F006F089CF0378DA003C0C370F68108210BD
:208B4C000F10000009C12079A60189C12079C21F09F0650809F1660842103F0FF0FF3C2D56
:208B6C0009FF64086E0509FF6408DF1F278009FF64086E025E1809C0437837F001F389CF98
:208B8C0003783C0109FF660809C0437837F006F089CF0378DA003C0C370F681082100F1096
:208BAC00000009C12079A60189C12079C21F09F066083F0FF3FF3C0109FF68086E1809F000
:208BCC006808DA203F0F148009FFCE1809C0F07886EF37F00EF189CFB07809FF680809C0C2
:208BEC00727837F006F089CF32783C01087440C46DFF7CFD086F6E06086F1E24086FDF4F75
:208C0C00D98009FF74086E0A09FF74081E3709FF74081E4409FF7408DE5209FF750809C032
:208C2C007D6837F003F089CF3D6809FFCC1809C0EC6886EF37F00EF189CFAC6809FF740898
:208C4C001E1809FF74081E3509FF7408DF5F2B8009FF760809C07C6837F003F089CF3C6845
:208C6C0009FFC81809C0E06886EF37F00EF189CFA06809FF7C0809C0626837F007F089CF5F
:208C8C00226809FF780809C0636837F081F389CF236809FF7A0809C0636837F007F089CF10
:208CAC00236809FF74081E2809FF74081E4509FF7408DF5F2B8009FF770809C07C6837F0A4
:208CCC0003F289CF3C6809FFCA1809C0F06886EF37F00EF189CFB06809FF7D0809C0726851
:208CEC0037F007F089CF326809FF790809C0736837F081F389CF336809FF7B0809C073686E
:208D0C0037F007F089CF3368087440C46DFFEEFC09FF6C086E0509FF6C08DF2F238009FF3C
:208D2C00C41809C0C46886EF37F00EF189CF846809FF6D0809C0466837F008F089CF06689E
:208D4C0009FF710809C0406837F002F289CF006809FF6F085E1609CF4068960289CF00686F
:208D6C0009FF6C081E1509FF6C08DF2F238009FFC61809C0C86886EF37F00EF189CF886849
:208D8C0009FF6E0809C04A6837F007F089CF0A6809FF720809C0406837F002F189CF006819
:208DAC0009FF70085E1609CF4068960189CF006809FF10396E2709F29039542F6E0F09F237
:208DCC009039D42409F290390924440809F2903909254D086DFF9FFAA62809F290394C223D
:208DEC006E1109F290390925880909F2903909240C0809F2903909254D0840C46DFF71FA3E
:208E0C00A62809FF54386E0609CF4118960189CF011809FFF218EE0509FF7418DF1F2180FF
:208E2C00820409F5701840C46DFFACFCD4F409F470186DFF17FD09F0741809FFF218142169
:208E4C00370F68F037F108F0342F0C21370F83F12C210C2396022C230C2196042C2109FF7F
:208E6C00F818EE0509FF7A18DF1F2180821409F5761840C46DFF86FCD4F409F476186DFFD7
:208E8C00F1FC09F07A1809FFF8181421370F68F037F108F0342F0C21370F83F12C210C237D
:208EAC0096022C230C2196042C2109FFFE18EE0509FF4028DF1F2180822409F57C1840C44F
:208ECC006DFF60FCD4F409F47C186DFFCBFC09F0402809FFFE181421370F68F037F108F0C0
:208EEC00342F0C21370F83F12C210C2396022C230C2196042C2109FFC428EE0509FF462848
:208F0C00DF1F2180823409F5422840C46DFF3AFCD4F409F442286DFFA5FC09F0462809FF37
:208F2C00C4281421370F68F037F108F0342F0C21370F83F12C210C2396022C230C219604D2
:208F4C002C2109FFCA28EE0509FF4C28DF1F2180824409F5482840C46DFF14FCD4F409F437
:208F6C0048286DFF7FFC09F04C2809FFCA281421370F68F037F108F0342F0C21370F83F1EA
:208F8C002C210C2396022C230C2196042C2109FFD028EE0509FF5228DF1F2180825409F566
:208FAC004E2840C46DFFEEFBD4F409F44E286DFF59FC09F0522809FFD0281421370F68F094
:208FCC0037F108F0342F0C21370F83F12C210C2396022C230C2196042C2109FFD628EE05AB
:208FEC0009FF5828DF1F2180826409F5542840C46DFFC8FBD4F409F454286DFF33FC09F0D6
:20900C00582809FFD6281421370F68F037F108F0342F0C21370F83F12C210C2396022C231E
:20902C000C2196042C2109FFDC28EE0509FF5E28DF1F2180827409F55A2840C46DFFA2FB61
:20904C00D4F409F45A286DFF0DFC09F05E2809FFDC281421370F68F037F108F0342F0C213A
:20906C00370F83F12C210C2396022C230C2196042C2109FFE228EE0509FF6428DF1F22807A
:20908C003B80004009F5602840C46DFF7BFBD4F409F460286DFFE6FB09F0642809FFE2282C
:2090AC001421370F68F037F108F0342F0C21370F83F12C210C2396022C230C2196042C21F0
:2090CC0009FFE828EE0509FF6A28DF1F22803B90004009F5662840C46DFF54FBD4F409F424
:2090EC0066286DFFBFFB09F06A2809FFE8281421370F68F037F108F0342F0C21370F83F1D0
:20910C002C210C2396022C230C2196042C2109FFEE28EE0509FF7028DF1F22803BA0004060
:20912C0009F56C2840C46DFF2DFBD4F409F46C286DFF98FB09F0702809FFEE281421370F77
:20914C0068F037F108F0342F0C21370F83F12C210C2396022C230C2196042C2109FFF428A6
:20916C00EE0509FF6A28DF1F22803BB0004009F5722840C46DFF06FBD4F409F472286DFFB7
:20918C0071FB09F0762809FFF4281421370F68F037F108F0342F0C21370F83F12C210C23E3
:2091AC0096022C230C2196042C2109FFFA28EE0509FF7C28DF1F22803BC0004009F5782866
:2091CC0040C46DFFDFFAD4F409F478286DFF4AFB09F07C2809FFFA281421370F68F037F162
:2091EC0008F0342F0C21370F83F12C210C2396022C230C2196042C2109FFC038EE0509FFAF
:20920C004238DF1F22803BD0004009F57E2840C46DFFB8FAD4F409F47E286DFF23FB09F029
:20922C00423809FFC0381421370F68F037F108F0342F0C21370F83F12C210C2396022C2308
:20924C000C2196042C2109FFC638EE0509FF4838DF1F22803BE0004009F5443840C46DFF88
:20926C0091FAD4F409F444386DFFFCFA09F0483809FFC6381421370F68F037F108F0342FDF
:20928C000C21370F83F12C210C2396022C230C2196042C2109FFCC38EE0509FF4E38DF1FD9
:2092AC0022803BF0004009F54A3840C46DFF6AFAD4F409F44A386DFFD5FA09F04E3809FF38
:2092CC00CC381421370F68F037F108F0342F0C21370F83F12C210C2396022C230C21960417
:2092EC002C2109FF54186E0A8200DA010F0F00F009C01459A6F089C0145909FF55186E0A4F
:20930C008210DA010F0F00F009C01459A6F089C0145909FF56186E0A8220DA010F0F00F0CB
:20932C0009C01459A6F089C0145909FF57186E0A8230DA010F0F00F009C01459A6F089C000
:20934C00145909FF58186E0A8240DA010F0F00F009C01459A6F089C0145909FF59186E0A86
:20936C008250DA010F0F00F009C01459A6F089C0145909FF5A186E0A8260DA010F0F00F0E7
:20938C0009C01459A6F089C0145909FF5B186E0A8270DA010F0F00F009C01459A6F089C05C
:2093AC00145909FF5C186E0ADA0882100FF0000009CF1459A60F89CF145909FF5D186E0A19
:2093CC00DA0982100FF0000009CF1459A60F89CF145909FF5E186E0ADA0A82100FF00000E3
:2093EC0009CF1459A60F89CF145909FF5F186E0ADA0B82100FF0000009CF1459A60F89CFE3
:20940C00145909FF60186E0ADA0C82100FF0000009CF1459A60F89CF145909FF61186E0AAC
:20942C00DA0D82100FF0000009CF1459A60F89CF145909FF62186E0ADA0E82100FF0000076
:20944C0009CF1459A60F89CF145909FF63186E0ADA0F82100FF0000009CF1459A60F89CF7A
:20946C00145909FF64186E0ADA1082100FF0000009CF1459A60F89CF145909FF65186E0A40
:20948C00DA1182100FF0000009CF1459A60F89CF145909FF66186E0ADA1282100FF000000A
:2094AC0009CF1459A60F89CF145909FF67186E0ADA1382100FF0000009CF1459A60F89CF12
:2094CC00145909FF68186E0ADA1682100FF0000009CF1459A60F89CF145909FF69186E0AD2
:2094EC00DA1782100FF0000009CF1459A60F89CF145909FF6A186E0ADA1882100FF000009A
:20950C0009CF1459A60F89CF145909FF6B186E0ADA1982100FF0000009CF1459A60F89CFA7
:20952C00145909FF6C186E0ADA1A82100FF0000009CF1459A60F89CF145909FF6D186E0A65
:20954C00DA1B82100FF0000009CF1459A60F89CF145909FF6E186E0ADA1C82100FF000002D
:20956C0009CF1459A60F89CF145909CF5848B70F81F089CF18483C0109CF58486F1FFEFF79
:20958C0009CF5848B70F01F089CF18483C0109CF58486F0FFEFF02823C01009020D89100CE
:2095AC0000F8D9FF008049FF000A49A2000AC506350044FF642FFC6E545F781049AF000A8B
:2095CC004942000AC506350044FF642FFC6ED45FF44F0090404F405C406D0CCDEE030CCE28
:2095EC006E210CCD6E10C812092F65688FFF03813C01C814483409F5D40802866DFF26F609
:20960C00402E3C0FC812092F75688FFF03813C01C814483409F5D60802866DFF33F6402E88
:20962C003C0A14C8C814483409F5D80802866DFFF2F5402E0CE3370F61F36E03DA003C026B
:20964C00DA1254E037007D00325F0FF010003C0189C002090CE3370F61F32CC70CE6160F66
:20966C003C012CC940E46DFFBDF589C20A0834C809C4490840E440D56DFF5FF60CCD6E09A9
:20968C00C812092F6868378F06F0892F28683C0A0CCE6E08C812092F7868378F06F0892FDC
:2096AC003868C81402846DFF7CF50090404C405D406E82080CDCEE0314D93C0809C284096C
:2096CC00092F46788FFF01913C01CCC182100F90000009F10C7926017613DA013C02DA004B
:2096EC003C013C015E143B0002803C5F09C4840909C40C0909C5DC0802966DFFE5F5402FDF
:20970C0009D002090CD71E1382013C02821108323712011328316E03DA003C02DA1254F147
:20972C000FF0000037011DF074FF0CDB5E1EDA016E0382103C028200086F370F81F32CF612
:20974C00087F379F08F02CF70CD66E0382103C028200083F370F81F22CF30CDA1E130CDAC4
:20976C005E2A0CD86E0382103C028200083F370F81F32CF309D04908086F370F04F02CF691
:20978C0009D4490840F440E56DFF13F809D44A0840F46DFFD7F7CCC1DA010F9F00F009F023
:2097AC001079A6F089F0107902823C010090404C405F09C40C0909C5D00814F66DFF6FF59E
:2097CC0009C48409094F58481601DE17094F5848B70F81F0894F18483C01094F58486F1FF5
:2097EC00FEFF094F5848B70F01F0894F18483C01094F58486F0FFEFF094F58489601894F62
:20980C0018483C01094F58481601DF1FFDFF094F18498210370F01F08210370F81F0894FF3
:20982C001849081F1E7A482F0920C008370F70F037F00BF0B42F3C0708CF0920C00837F0B7
:20984C000BF0B42F481F0920C208370F70F037F00BF0AC21081F0920430837F083F12C23AA
:20986C00082F0920430837F002F32C23CCC109FF5848B70F81F089FF18483C0109FF58488D
:20988C006F1FFEFF09FF5848B70F01F089FF18483C0109FF58486F0FFEFF0090200840BFD3
:2098AC003C0180F2370368F4B75F08F037F30834370468F037F308304DC0E1FF16073C01A7
:2098CC003703680837F003F037F308383C0189A2400909A0400900A00D00400200800090AC
:2098EC00200840BF3C0180F2370368F4B74F08F037F30834370468F037F308304DC0E1FFAA
:20990C0016073C013703680837F003F037F308383C0189A2400909A0400900A00D00400221
:20992C0000800090200840BF3C0180F2370368F4B73F08F037F30834370468F037F3083056
:20994C004DC0E1FF16073C013703680837F003F037F308383C0189A2400909A0400900A043
:20996C000D00400200800090200840BF3C0180F2370368F4B72F08F037F30834370468F039
:20998C0037F308304DC0E1FF16073C013703680837F003F037F308383C0189A2400909A08A
:2099AC00400900A00D00400200800090200840BF3C0180F2370368F4B71F08F037F30834B3
:2099CC00370468F037F308304DC0E1FF16073C013703680837F003F037F308383C0189A2A9
:2099EC00400909A0400900A00D00400200800090200840BF3C0180F2370368F4B70F08F0F7
:209A0C0037F30834370468F037F308304DC0E1FF16073C013703680837F003F037F308386A
:209A2C003C0189A2400909A0400900A00D00400200800090200840BF3C0180F2370368F40C
:209A4C00B77F08F037F30834370468F037F308304DC0E1FF16073C013703680837F003F066
:209A6C0037F308383C0189A2400909A040090D00400200800090200840BF3C0180F237035E
:209A8C0068F4B76F08F037F30834370468F037F308304DC0E1FF16073C013703680837F0CD
:209AAC0003F037F308383C0189A2400909A040090D00400200800090404F6D0059160228A6
:209ACC0039FF0002AE13DA013C02DA003C011E1D02846D004D1539FF0002B70F01F0E9FFE6
:209AEC00000202846D00701639FF0002AE123C013C01009082F282003C17910000F8D9FF31
:209B0C006C30538020F010FFD4FF7D4F0D80910000F8D9FF6C30538020F010FF481F370FE3
:209B2C0048203C04C210BF10EAFF3C010090BC41534420F060FF9140003F30F3D932406831
:209B4C003C010090DA003E48DA013E4EDA02BE43DA03BE4A3C210C4196802C410C41B70F63
:209B6C0001F32C413C1A0C4196802C410C4196402C413C130C41B70F81F32C410C41B70F6C
:209B8C0001F32C413C0A0C41B70F81F32C410C4196402C413C023C010090095044080C557D
:209BAC008F8F00F0A6F0B71081FF594F00C014500C518F8F00F0A6F00C528F0F01F0A6F05E
:209BCC000C538F8F01F0A6F0594004C0009054403BE05EF07E4EDA0037F00108DA0037F0B4
:209BEC00010BDA0037F0810BDA0037F081083C383B007DF07E4EDA0037F00108DA0137F042
:209C0C00010BDA0037F0810BDA0037F081083C283BA033F27E4BDA0137F00108DA0037F0DC
:209C2C00810BDA0037F081083C1BDA0037F00108DA0037F0010BDA0137F0810BDA0137F004
:209C4C008108094FC408374F0EF0AC420C4D96012C4D0C4C3BE00010371F04F02C4C744077
:209C6C00009082309B100000DA003E48DA013E4CDA02BE40DA03BE443C19194FEC40A6F0EE
:209C8C005940EC403C13194FEC50A60F594FEC503C0D194FEC60A60F594FEC603C07194F16
:209CAC00EC70A60F594FEC703C0100903B0030009B00100082110F511010DA003E48DA0152
:209CCC003E4DDA02BE42DA03BE473C1D194FEC4026F0A6105940EC403C16194FEC50260F86
:209CEC00A61F594FEC503C0F194FEC60260FA61F594FEC603C08194FEC70260FA61F594F18
:209D0C00EC703C01009082339B13003082108B8500F00FF01000DA003E48DA013E4FDA0236
:209D2C00BE46DA03BE4D3C25194FEC4082F1C631261FA60F594FEC403C1C194FEC5082F28E
:209D4C00C632262FA60F594FEC503C13194FEC6082F2C632262FA60F594FEC603C0A194FF6
:209D6C00EC7082F1C613263FA60F594FEC703C010090DA003E48DA013E4DDA02BE42DA03C5
:209D8C00BE473C1D394FC040B72F02F1E94FC0403C16394FC050B72F02F1E94FC0503C0F6A
:209DAC00394FC060B72F02F1E94FC0603C08394FC070B72F02F1E94FC0703C010090821022
:209DCC000F5010008201DA003E48DA013E4CDA02BE40DA03BE443C19194FEC40260F370FA3
:209DEC0068103C13194FEC50260F370F68103C0D194FEC60260F370F68103C07194FEC7002
:209E0C00260F370F68103C01761382123C0282023C010090DA003E48DA013E4DDA02BE42B8
:209E2C00DA03BE473C1D394FF040375F01F2E94FF0403C16394FF050375F01F2E94FF05017
:209E4C003C0F394FF060375F01F2E94FF0603C08394FF070375F01F2E94FF0703C010090A8
:209E6C00DA003E48DA013E4DDA02BE42DA03BE473C1D394FF040375F81F1E94FF0403C167F
:209E8C00394FF050375F81F1E94FF0503C0F394FF060375F81F1E94FF0603C08394FF0708F
:209EAC00375F81F1E94FF0703C010090DA003E48DA013E4DDA02BE42DA03BE473C1DB94F44
:209ECC00F240375F05F2F94FF2403C16B94FF250375F05F2F94FF2503C0FB94FF260375F4F
:209EEC0005F2F94FF2603C08B94FF270375F05F2F94FF2703C010090DA003E48DA013E4D4D
:209F0C00DA02BE42DA03BE473C1D394FF040375F81F2E94FF0403C16394FF050375F81F2D2
:209F2C00E94FF0503C0F394FF060375F81F2E94FF0603C08394FF070375F81F2E94FF0701C
:209F4C003C010090DA003E48DA013E4DDA02BE42DA03BE473C1D394FC240375F04F0E94FFF
:209F6C00C2403C16394FC250375F04F0E94FC2503C0F394FC260375F04F0E94FC2603C08F6
:209F8C00394FC270375F04F0E94FC2703C010090DA003E48DA013E4DDA02BE42DA03BE47B6
:209FAC003C1D394FC040375F81F0E94FC0403C16394FC050375F81F0E94FC0503C0F394F69
:209FCC00C060375F81F0E94FC0603C08394FC070375F81F0E94FC0703C010090404F6D00C2
:209FEC00C713022802846D00C31239FF14029601E9FF140239FF18029601E9FF1802028435
:20A00C006D00E2133C0139FF14026F1FFE7F02846D00AE1239FF1C029601E9FF1C02028410
:20A02C006D00D2130090404C405F54F0481F3FF0048054F83C024818D4C2088F3920050133
:20A04C0037F00102E9200501D4C2089F3920040137F00100E9200401D4C208AF392005013E
:20A06C0037F001F3E92F050154F440C46D006F0982093C38D4C2530921F010F409404C08C7
:20A08C00530921F010F409414D08530028F01024530028F01022392F0641371F06F0E94F35
:20A0AC000641D4C2530921F010F409404C08530921F010F409415A08530028F0102453009A
:20A0CC0028F01022392F0441371F01F2E94F0441530921F010F249250C0A40C46D00B80398
:20A0EC00C21954FF3FF9C8FF82093C21D4C2530921F010F409404C18530921F010F40941D0
:20A10C004D18530028F01024530028F01022392F0A41371F06F0E94F0A41530921F010F2A1
:20A12C0049250C1A40C46D002303C219481F3FF9DFFF82091D009D00D4C2536920F010F4E5
:20A14C00094F4C28530F28F01022DA00592F2051536920F010F2092FCE28EE08536920F0EA
:20A16C0010F2092F5028DF1F3C80D4C2536920F010F409404C28DA0082110FF11010530064
:20A18C0028F01024530028F01022192F3441A61F594F3441D4C4536920F010F2092F4C2819
:20A1AC00C22F370F68406DFFC4FC536920F010F409405028536920F010F4094FCE281421A4
:20A1CC00370F68F037F108F0342F0C21370F83F12C210C2396022C230C2196042C21536938
:20A1EC0020F010F2092FE628EE08536920F010F2092F6828DF1F3C80D4C2536920F010F44F
:20A20C0009406428DA0682110FF11010530028F01024530028F01022192F3441A61F594F64
:20A22C003441D4C4536920F010F2092F6428C26F370F68406DFF7DFC536920F010F4094056
:20A24C006828536920F010F4094FE6281421370F68F037F108F0342F0C21370F83F12C21A2
:20A26C000C2396022C230C2196042C21C2193F8965FF0090404C405D54DF09D006093F0F7F
:20A28C00048054DF3C0309DF060982083C07D4C4370868406DFFE7FCC2183FF8FAFF54DFED
:20A2AC00BF2F0A80D4C20CD43920C00037F082F2E92FC00082083C24D4C437086840534814
:20A2CC0020F010DF08D56DFF3FFED4C437086840534820F010DF08C56DFF5CFED4C437086A
:20A2EC0068406DFF48FD534820F010DF08EF6E07D4C43708684082056DFF07FDC21854DF70
:20A30C003FF8DCFF09DF0609BF2F0A80D4CF0CDA39F0C00037F001F1E9FFC00082083C6A4D
:20A32C00D4C437086840538820F010DF09F55D086DFFBEFDD4C437086840538820F010DFD5
:20A34C0009F55C086DFFDAFDD4C437086840538820F010DF09F55E086DFF5EFDD4C43708F1
:20A36C006840538820F010DF09F55F086DFF7AFD538820F010DF09FF60086E10D4CF37085D
:20A38C0068F0821019F1F000538F20F0C24F0FF01000A60159F1F0003C12D4CF3708680042
:20A3AC00538820F010D2092F610819F1F000538020000F0F10F0A6F159F1F000D4CF370865
:20A3CC00680009FF20298221532020000F011010A61F89FF2029538820F010DF09FF620870
:20A3EC006E08D4C4370868403B0001506DFF8DFCC21809DF06093FF895FF09DFFE086E1AC9
:20A40C00D4C409D47C086DFF94FB09D0401809DFFE081421370F68F037F108F0342F0C219A
:20A42C00370F83F12C210C2396022C230C2196042C210090404C405DD4CF14D0081F370F32
:20A44C0081F22CF1D4C409D441086DFF7DFBD4C2DA00142037F002F1342FD4C409D4CA0856
:20A46C006DFFB7FBD4CFDA0082005E1382113C028201082F371F01F22CF2DF10048082104B
:20A48C003C028200082F370F81F22CF2D4CFDA005E1382003C028210086F370F01F02CF6D2
:20A4AC00D4CF0CD2081037F001F22CF1D4CFDA005E1382103C028200088F370F01F02CF88E
:20A4CC00D4CFDA015E1382103C028200088F370F01F22CF8D4C440D5B0356DFF60FB009052
:20A4EC00530421F0104F09FFA4193C01DA008210370F01FC8200370F81FC8210370F01FFBB
:20A50C008210370F81FF6CF36D0087060090A00C530421F0104F09FFA4193C0108FF370F2C
:20A52C00E1F3BA0F3C016E14530421F0104F530421F01042092F2819C21F89FF28195304B8
:20A54C0021F0104F09FFA4193C0154FF60FC6D00180740C23C010090A002534421F0104FCA
:20A56C00C85F3C0108FFAE7354FF60F23C010090404C405FD4FDF4CD40D46DFF9FFA084FA4
:20A58C005E4C482F6E09C82540C46D00E805C82540C46D0061053C18084F5E1C483F6E09E5
:20A5AC00C83540C46D00B204C83540C46D00D8033C0B484F6E09C84540C46D005103C845EE
:20A5CC0040C46D002F02B9DF0A02B70F03F3F9DF0A02DA0059DF001240D46DFF01FDC5F230
:20A5EC0000013B300200092110093C013C014C243C01A21F3F0FFDFF084FB9D00A0237F059
:20A60C0003F3F9DF0A02084FDE1139DF001209F06048370F04F0E9DF001239DF011209F00B
:20A62C006148370F04F0E9DF011239DF00019601E9DF0001C5F20001092010093C013C0163
:20A64C004C243C01A20FBF4FFDFF82003C02C21039DF00011601BA0F3C01EE053B803EF0E2
:20A66C003FF0F7FF49F5140A40C46DFFE5FE49F5200A40C46DFF00FE49F5241A40C46DFF38
:20A68C00D4FC009049AA18BA404C405D40D46DFF33FA910000F8D9FF38C049FF000A49A21D
:20A6AC00000AC504081044FF642FFC4E3B0020F0E22F910000F7D9FF484010FFF81D3B00E0
:20A6CC0020F0E22F910000F7D9FF484010FF49FF002AF8213B0020F0E22F910000F7D9FF0F
:20A6EC00484010FF49FF004AF8253B0020F0E22F910000F7D9FF484010FF49FF006AF829E2
:20A70C003B0020F0E22F910000F7D9FF08C010FFF82D3B0020F0E22F910000F7D9FF08C0F1
:20A72C0010FF49FF002AF8313B0020F0E22F910000F7D9FF08C010FF49FF004AF8353B00D6
:20A74C0020F0E2F2910000F7D9FF08C001F200F649FF006AF83949AF000A49C2000AC50435
:20A76C00081044FF642FFC4EF4CD00904046095208091453530321F0106289231C185303DC
:20A78C0021F01062095484098924A019530321F01062092FA0193C01530321F01062892F42
:20A7AC00A41982013C180950CC08E210422074F0DA006CF208FF96012CFF08FFB70F81F0D5
:20A7CC002CFF08FF96402CFF08FF96802CFF49FF100AC211DA083FF1E87F530321F010626B
:20A7EC000922A0193C01530321F010648942A419D4620950CC08530328F01024530328F056
:20A80C001022B92F084186E0B7001406370F8CF1F94F0841530321F010620922A0193C0144
:20A82C008020D462530328F0102259201C41D46280F0530328F0102F59F02841D46F827086
:20A84C00530328F010FF59F030410090095208091453534321F0104F28C3534321F0104F5B
:20A86C0009528409E842534321F0104F095FCC08ACFE534321F0104FC84F3C01534321F0CD
:20A88C001042EC2582043C230950CC08E240422074F0DA006CF109F0C8080951CC083710DA
:20A8AC000EF0ACF4089FB70F02F32CF909FFCA08B70F0EF0ACF508BFB70F01F32CFB08BFB9
:20A8CC00B70F81F32CFB49FF100AC214DA083FF4DD7F534321F0104FC84F3C01534321F061
:20A8EC001042EC25534321F0104FC84F3C0180F0D44F530328F010FF59F01441D44F8270CC
:20A90C00530328F010FF59F02C410090404D0B451088534921F010DFC85C3C0140CF49CED0
:20A92C00100A534921F010D2092CDC084BC811A24BC811027612C21A09CFCC08370870009E
:20A94C00370F0FF0ACC60CCEB70F01F12CCE0CCE96032CCE09CFCE08B70F83F3ACC70CCF03
:20A96C00B70F02F12CCF820D3C3A9AFAFED308FF96102CFF08BF96802CFB08FFB70F81F291
:20A98C002CFF09FFC80837087000370F0EF0ACF43C1808FFB70F01F22CFF08FFB70F81F296
:20A9AC002CFF08BFB70F81F32CFB09F0C808534921F010D2092FDC0837F00EF0ACF4A2C895
:20A9CC0008FF96802CFF40D402946D004D04534921F010DFC85F3C0140FEC21D3FADC7FFEC
:20A9EC000CCF96202CCF534921F010DFE85CD4DF80E0530928F010FF59F0204140D40294F5
:20AA0C006D00EE04534921F010DFE85E534921F010D2534921F010DF486FC21F6C26009004
:20AA2C00404C405D8208820954DF6E1AD4DFD4C2D4C43940080208CF37F002F2E92F080299
:20AA4C00C81408846D00D006C814088402856D00CF06C814088402956D00FC063C08D4CFB9
:20AA6C00D4C2392F08029630E9FF08024CD16E1ACCD1D4C2D4C43940080208CF37F002F324
:20AA8C00E92F0802C81408846D00AE06C814088402856D00AD06C814088402956D00DA06A4
:20AAAC003C08D4CFD4C2392F080296C0E9FF0802CCD2D4C2D4C439400A0208CF37F002F210
:20AACC00E92F0A02C81408846D008E06C814088402856D008D06C814088402956D00BA06C2
:20AAEC00CCD3D4C2D4C43940080208CF37F002F1E92F0802C81408846D007606C81408842E
:20AB0C0002856D007506C814088402956D00A206CCD4D4C2D4C43940090208CF37F002F064
:20AB2C00E92F0902C81408846D005E06C814088402856D005D06C814088402956D008A06F2
:20AB4C004CD56E1ACCD5D4C2D4C43940090208CF37F002F1E92F0902C81408846D004406BA
:20AB6C00C814088402856D004306C814088402956D0070063C08D4CFD4C2392F0902960CB0
:20AB8C00E9FF0902CCD6D4C2D4C43940090208CF37F002F2E92F0902C81408846D0024064E
:20ABAC00C814088402856D002306C814088402956D005006CCD7D4C2D4C43940090208CF16
:20ABCC0037F002F3E92F0902C81408846D000C06C814088402856D000B06C81408840295D7
:20ABEC006D003806CCD8D4C2D4C439400A0208CF37F002F0E92F0A02C81408846D00F40565
:20AC0C00C814088402856D00F305C814088402956D002006CCD9D4C2D4C439400A0208CF13
:20AC2C0037F002F1E92F0A02C81408846D00DC05C814088402856D00DB05C81408840295D9
:20AC4C006D00080609DF8419D4C2D4C43940080208CF37F002F0E92F08020090405CBC41FC
:20AC6C003B0008808209CCCAC81408846D00BC05C814088408CF0F8FA0506D00B905C8147A
:20AC8C00088402956D00E6054CCB6E12CCCBC81408846D00A905C814088408CF0F8FA050AF
:20ACAC006D00A605C814088402956D00D305CCCCC81408846D009805C814088408CF0F8F45
:20ACCC00A0506D009505C814088402956D00C205CCCDC81408846D008705C814088408CF05
:20ACEC000F8FA0506D008405C814088402956D00B105CCCEC81408846D007605C814088450
:20AD0C0008CF0F8FA0506D007305C814088402956D00A005CCCFC81408846D006505C81416
:20AD2C00088408CF0F8FA0506D006205C814088402956D008F0509CF8019C81408846D00FC
:20AD4C005305C814088408CF0F8FA0506D005005C814088402956D007D05009020108208C8
:20AD6C008239095C9809095DAC09095E9C09CC58F8030952A409F4A2CC5AF801CC5EF802DF
:20AD8C00CC5DD442D4453950080208CF37F002F0E92F0802D44FD442392008020CCC37F00F
:20ADAC0002F1E9FF0802D44FD442392009020CDC37F002F0E9FF0902D44FD4423920090274
:20ADCC000CEC37F002F2E9FF0902D442D44F39F00902D80308CF37F002F3E92F0902D442ED
:20ADEC00D44F39F00A02D4AF08CF37F002F0E92F0A02D442D44F39F00A02D80108CF37F013
:20AE0C0002F1E92F0A0209C4840909C448086D00EB0409D4840909D448086D00E50409E462
:20AE2C00840909E448086D00DF04D803C81408846D00DA04D4AFC81408846D00D504D80154
:20AE4C00C81408846D00D004D802C81408846D00CB0409C4840909C4480802856D00C80488
:20AE6C0009D4840909D4480802856D00C10409E4840909E4480802856D00BA04D803C81456
:20AE8C00088402856D00B404D4AFC814088402856D00AE04D801C814088402856D00A804FC
:20AEAC00D802C814088402856D00A20409C4840909C4480802956D00CD0409D4840909D417
:20AECC00480802956D00C60409E4840909E4480802956D00BF04D803C814088402956D0083
:20AEEC00B904D4AFC814088402956D00B304D801C814088402956D00AD04D802C8140884AB
:20AF0C0002956D00A70400902018BC413B0008808239D45C095D940909528409F4A2CC5264
:20AF2C00F801CC53F802CC54F803CC5CF804095EB409C81408846D00570409E4840909E4F9
:20AF4C0048086D00510409C4840909C448086D004B0409D4840909D448086D004504D4AFD0
:20AF6C00C81408846D004004D801C81408846D003B04D802C81408846D003604D803C8141F
:20AF8C0008846D003104D804C814088408CF0F8FA0506D002D0409C4840909C448080CCCE1
:20AFAC000F8FA0506D00240409D4840909D448080CDC0F8FA0506D001B04D4AFC8140884DE
:20AFCC0008CF0F8FA0506D001304D801C814088408CF0F8FA0506D000B04D802C814088418
:20AFEC0008CF0F8FA0506D000304D803C814088408CF0F8FA0506D00FB03D804C814088415
:20B00C0002956D00270409C4840909C4480802956D00200409D4840909D4480802956D00BB
:20B02C001904D4AFC814088402956D001304D801C814088402956D000D04D802C814088449
:20B04C0002956D000704D803C814088402956D000104009082088209D45F095C8409095D59
:20B06C008809095E8C0909529009D445D446396008020C2C37F002F0E95F0802D442D4459B
:20B08C00395008020CCC37F002F1E92F0802D442D4453950090208CF37F002F0E92F090227
:20B0AC00D442D445395009020CDC37F002F2E92F0902D442D444394009020CEC37F002F3D5
:20B0CC00E92F0902C81408846D008E0309C4840909C448086D00880309D4840909D44808D5
:20B0EC006D00820309E4840909E448086D007C03C814088402856D007B0309C4840909C4AE
:20B10C00480802856D00740309D4840909D4480802856D006D0309E4840909E4480802852F
:20B12C006D006603C814088402956D00930309C4840909C4480802956D008C0309D48409B7
:20B14C0009D4480802956D00850309E4840909E4480802956D007E030090BC413B0008809E
:20B16C008209CC56095CA009095D9409095E9C09C81408846D00380309C4840909C4480872
:20B18C006D00320309D4840909D448086D002C0309E4840909E448086D002603C814088419
:20B1AC0008CF0F8FA0506D00230309C4840909C448080CCC0F8FA0506D001A0309D48409BA
:20B1CC0009D448080CDC0F8FA0506D00110309E4840909E448080CEC0F8FA0506D0008038A
:20B1EC00C814088402956D00350309C4840909C4480802956D002E0309D4840909D448085C
:20B20C0002956D00270309E4840909E4480802956D0020030090530421F0104F09FFA419FA
:20B22C00530421F010420922A0194922301A7D2F0E80530421F0104F09FFA0193C01530459
:20B24C0021F01042892FA4193C0D530421F0104F530421F010420922A4194922100A89F258
:20B26C00A4190090534421F0104FC852534421F0104FC84F49FF301A7DF20C80534421F001
:20B28C00104FC8423C01534421F0104FE8523C0B534421F01042534421F0104FC85F49FF04
:20B2AC00100AEC250090D44F14FF960134FFD44F530428F010F2530428F010FF39FF084134
:20B2CC009601E92F08410090D44F14FF960134FF82003C10D44F37006810530128F010F2CC
:20B2EC00530128F010FF39FF08419601E92F0841C2103F40F1FF0090D44F14FF960234FF7C
:20B30C00D44F530428F010F2530428F010FF39FF04419601E92F04410090D44F14FF960240
:20B32C0034FF82003C10D44F37006810530128F010F2530128F010FF39FF04419601E92F19
:20B34C000441C2103F40F1FF0090D44F14FFB70F81F034FF82003C11D44F37006810530136
:20B36C0028F010F2530128F010FF39FF0441B70F01F0E92F0441C2103F40F0FF0090D44FA8
:20B38C00DA0882100FF01000530428F010FF19FF2051260F6E03DA013C03DA003C016E1EB4
:20B3AC00D44FDA0782100FF01000530428F010FF19FF2051260F6E03DA013C03DA003C01FE
:20B3CC006E0BD44FDA0782100FF01000530428F010FF59F020516DFF68FF0090404C0248D2
:20B3EC00D4CFDA0182100FF01000530828F010FF19FF2051260F6E03DA013C03DA003C0140
:20B40C006E2BD4CFDA0282100FF01000530828F010FF19FF2051260F6E03DA013C03DA00C2
:20B42C003C016E0BD4CFDA0282100FF01000530828F010FF59F02051D4C4820502846DFFDD
:20B44C00C0F47626D4C4820502846DFF31F440C402846DFF53FF0090BC41DA003C061460F5
:20B46C003450B016B015C21FBF6FFBFFDA003C0614703450B017B015C21FBF6FFBFF3B00B4
:20B48C0010F04BF411023450B0153B0010F04BF411023451009037046800DA084BF00102A0
:20B4AC00DA0203F10AF6370F68F0DF15068082220FF210203C0482120FF210203C010090F1
:20B4CC00404F024F0268820602F46DFFE6FF02201607061F82310FF1001040F2B0420213E7
:20B4EC00020249224008768749FF080A0213020249F240080090404F024F0268820602F43E
:20B50C006DFFCBFF02201607061F82310FF1001049F2100A0213020249224008768749FF5C
:20B52C00140A0213020249F240080090404F024F3B00016002F46DFFB0FF02201607061FC4
:20B54C008B0F0110DA030F1F00F002F3020249F240080090DA01744F0090BC41DA024BF5E6
:20B56C000102534020F053042100600F9140003F30F3D93FF0B810F23C010090804F53044A
:20B58C002800420F60FF3C0168550090804F53042800420F60FF3C0168350090804F5304AF
:20B5AC002800420F60FF3C0168450090804F53042800420F60FF3C0168250090804F5304AF
:20B5CC002800420F60FF3C01481F375F02F06CF10090804F53042800420F60FF3C0148905B
:20B5EC00DA006CF948BF375F02F06CFB68907663DA013C02DA0037F001F0767382103C0275
:20B60C008200370F81F06CF90090804F53042800420F60FF3C01DF15048082103C028200EB
:20B62C00481F370F81F56CF10090404C405F8218D4F2F4C2084F2CC4084F3B008000E20F63
:20B64C00D4F2102291F000303023D93D000889CD880909FF05082CC549DE001A89CE8C09AA
:20B66C0009FF53085E1709F40508821540E46DFF5FFF09F4050809F5500840D46DFFC7FFB1
:20B68C0009F40508086540D46DFF9AFF487F6E08C87409F4600809F561086D00620009FFF2
:20B6AC0056081E1509FF5708DF1F278009F4050809F5580809F6560809F7570840D46DFF3D
:20B6CC008AFFD4F4084409F505086DFF48FF09F0590809FFDA081421370F68F037F108F0CC
:20B6EC00342F0C21370F83F12C210C2396022C230C2196042C2109FF53085E1E09F4050894
:20B70C00482540D46DFF54FF09F40508483540D46DFF3EFF3C0D09F40508482540D46DFF59
:20B72C003FFF09F40508483540D46DFF29FF09F405088215820640E46DFFC4FE09F405080B
:20B74C008215820640E46DFFD8FE09FF54085E1509C48C096DFF00FF02823C010090404FD4
:20B76C000258481F8FDF1F00481F1607534F2020082F0F2F0010DA0F0F2F002091A0012FDC
:20B78C00D922E05F534020F01022542F82F0C620260F2621A61F742FC82408CF09F55008B6
:20B7AC00A64502F46D002400C82408C402856D0051000090404F0248025F6D00F9070229AC
:20B7CC0002946D00FD0649FF241A82100F8000000F8F10F0020302F249F2400802946D0093
:20B7EC001A08009082156DFFE7FF0090404F0B4510A849FC100A82404B0A01828F3A00F1C8
:20B80C00538F20C09140002FD922800C7D2F15806D00AE07022F02F46D00AA0609F02019FA
:20B82C0082110FA1101082F2C621261089F0201902F46D00C907534820F010CFDAFF0FCFE2
:20B84C0000F00FCB10B002F302B249F240080090404F0B4510886D008B07022A02A46D00E1
:20B86C00870649FF001ADA084BF801028F7800F1534F2040534020F010FFDA0F0F4F00F0C2
:20B88C000F49109002F3029249F2400802A46D009B070090534420F0910000F8D9FF44D037
:20B8AC0010FF54F1404CB04C913000FFD9FF00069130002F392F1B06370F62F3EE06BB003F
:20B8CC00C2FB9BEFCBF43C1A9130002F392F1B06370F62F35E16BB0068F99B8FB9F43C0E3B
:20B8EC009130002F392F1B06370F62F35E26BB0068F99B8FB9F43C02DA003C0109F0590802
:20B90C003700E700C2104B0041014B0F410009FF5B081607C21F4B0F41F14BF051F07B8097
:20B92C002C044B0151007B0000144B104100BB00A01B9BB1A5144B1F51F04BF041F0744FAE
:20B94C00544F7B0020047B00F0136B0F61416D003C0FB4C200908208913000FF39FF340685
:20B96C00370F62F282103E048220BE053C1A82146D000501913000FF39FF3406160F6E0ABA
:20B98C00913000FF39FF3406160F4B0F41F14BF251803C08BB0068899B88B9843C013C02DF
:20B9AC003C0102823C010090913000FFD9FF00069130002F392F1B06370F62F3EE06BB008C
:20B9CC00C2FB9BEFCBF43C1A9130002F392F1B06370F62F35E16BB0068F99B8FB9F43C0E3A
:20B9EC009130002F392F1B06370F62F35E26BB0068F99B8FB9F43C02DA003C0109F06908F1
:20BA0C003700E700C2104B0041014B0F411009FF6B081607921009FF6C081607C21FE2F06C
:20BA2C004B0041F14BF151203C010090913000FFD9FF00069130002F392F1B06370F62F351
:20BA4C00EE06BB00C2FB9BEFCBF43C1A9130002F392F1B06370F62F35E16BB0068F99B8F01
:20BA6C00B9F43C0E9130002F392F1B06370F62F35E26BB0068F99B8FB9F43C02DA003C01E3
:20BA8C0009F068086F001F8009F069083700E700C2104B0041014B0F411009FF6B081607F9
:20BAAC00921009FF6D081607C21FE2F04B0041F1BBD0CC0C9BC0FC034B0F41F04BF1512019
:20BACC003C1909F069083700E700C2104B0041014B0F411009FF6B081607921009FF6D08BC
:20BAEC001607C21FE2F0532020F04B0F41F14BF151203C010090913000FFD9FF0006913082
:20BB0C00002F392F1B06370F62F3EE06BB00C2FB9BEFCBF43C1A9130002F392F1B06370FFC
:20BB2C0062F35E16BB0068F99B8FB9F43C0E9130002F392F1B06370F62F35E26BB0068F93F
:20BB4C009B8FB9F43C02DA003C0109F059083700E700C2104B0041014B0F411009FF5C08BF
:20BB6C001607921009FF5B081607C21FE2F04B0041F14BF151203C010090913000FF39FFD0
:20BB8C003306370F62F282003E0482103E083C23BB00C22B9BE2CB243C013C1FDA003E46C1
:20BBAC00DA013E47DA02BE413C136DFFA6FF3C126DFFFCFE913000FF39FF3406AE757B005A
:20BBCC0000F44BF251203C066DFF32FF3C0382023C013C0382023C013C010090404F8202F8
:20BBEC009130002FD92228A6542F370F6EF18FFF83113C019130002F192F28A66F1F120053
:20BC0C008F2120F096019130002F192028A6370070088F002100A60F9130002F592F28A670
:20BC2C008F2120F096029130002F192028A6370070088F002100A60F9130002F592F28A64F
:20BC4C003C019130002F192F28A61601DF1FFB7F3B0000013C05C2F04E0382123C089130ED
:20BC6C00002F392F3306370FE1F3EEF69130002F192F30068200370F02FE8210370F01FFDC
:20BC8C009130002F592F30063B0000013C05C2F04E0382123C089130002F392F3306370FBB
:20BCAC00E1F3EEF6DABC9130002F592FB4069130002F192FA0563B20FE0F260F9130002F3D
:20BCCC00592FA0569130002F192FA4563B20FE0F260F9130002F592FA4569130002F192F61
:20BCEC00A8563B20FE0F260F9130002F592FA856DA009130002F592FB4069130002F392FC3
:20BD0C001A06B70F01F09130002FE92F1A069130002F392F2A06B70F01F09130002FE92FD1
:20BD2C002A063B0000F33C05C2FF4EF382123C0D9130002F392014066F10F87F9130002F30
:20BD4C00392024066F10F27F084F1E13084FDE289130002F192F10068200370F82F254F0B1
:20BD6C003B90D03306634B3011428B141F0037006800370F05F89130002F592F10069130C3
:20BD8C00002F19201806086F37F0030C087F37F08704084F37F0020F9130002F5920180615
:20BDAC009130002F1920280608EF37F0010008AF37F0030C08BF37F087049130002F592032
:20BDCC0028069130002F392F1A0696019130002FE92F1A069130002F392F2A069601913012
:20BDEC00002FE92F2A063B0000F33C05C2FF4EF382123C119130002F392014063700E100F3
:20BE0C00DF10F67F9130002F392024063700E100DF10EE7F3B0000063C05C2F04E038212B2
:20BE2C003C169130002F392F1406370FE1F26EF69130002F392F2406370FE1F26EEF9130FC
:20BE4C00002F392F2406370F61F26EE89130002F39201C06088F37F003F09130002FE92F02
:20BE6C001C069130002F19202C0608CF37F0030008DF37F003049130002F59202C063B004D
:20BE8C0000063C05C2F04E0382123C169130002F392F1406370FE1F26EF69130002F392F1F
:20BEAC002406370FE1F26EEF9130002F392F2406370F61F26EE83BF0490206503C05C2F0A6
:20BECC004E0382123C0C9130002F392F1006AE179130002F392F11066F0FF37F9130002FA7
:20BEEC00392F1A0696049130002FE92F1A069130002F392F2A0696049130002FE92F2A0692
:20BF0C003B0000F33C05C2FF4EF382123C0D9130002F392014066F20F87F9130002F392015
:20BF2C0024066F20F27FDABC9130002F592FB406DA059130002F592FA006DA1D9130002F1F
:20BF4C00592FA076DA009130002F592FB4069130002F19203006DA0137F0020EDA0137F0B8
:20BF6C00010F3B0000313C05C2F34E3382123C089130002F392F3306370FE1F3EEF691309A
:20BF8C00002F592030063B0000013C05C2F04E0382123C089130002F392F3306370FE1F3B4
:20BFAC00EEF69130002F192F28A66F1F12008F2120F096019130002F192028A637007008EE
:20BFCC008F002100A60F9130002F592F28A686218F3140F19130002F192028A6370070086C
:20BFEC008F002100A60F9130002F592F28A63C019130002F192F28A66F0FFC7F022F3C01E0
:20C00C00EE0509F498196D008502DF0FCF8149F21C0A82029130004FD94428A6544F370F78
:20C02C006EF18FFF83113C019130004F194F28A66F1F12008F2120F096019130004F194090
:20C04C0028A6370070088F002100A60F9130004F594F28A68F2120F096029130004F1940AB
:20C06C0028A6370070088F002100A60F9130004F594F28A63C019130004F194F28A61601B2
:20C08C00DF1FFB7F9130004F19403006488F82F3C63F26F0488F5423263FA6F03B00003161
:20C0AC003C05C2F34E3382123C089130002F392F3306370FE1F3EEF69130002F59203006F7
:20C0CC003B0000013C05C2F04E0382123C089130002F392F3306370FE1F3EEF69130002F7D
:20C0EC0019203406370062F2EE07370062FAEE04370062FE6E369130002F1920340648AF27
:20C10C0082F3C63F26F048AF4893263FA6F0DA0037F00202DA0037F0020ADA0037F0020E93
:20C12C003B0000313C05C2F34E3382123C089130002F392F3706370FE1F3EEF69130002FB5
:20C14C00592034063B0000013C05C2F04E0382123C089130002F392F3706370FE1F3EEF635
:20C16C009130002F1920340648AF82F3C63F26F048AF4893263FA6F03B0000313C05C2F39A
:20C18C004E3382123C089130002F392F3706370FE1F3EEF69130002F592034063B000001C8
:20C1AC003C05C2F04E0382123C089130002F392F3706370FE1F3EEF69130002F192F001676
:20C1CC00370F62F66E309130002F1920001648CF82F3C63F26F048CF48B3263FA6F0DA004A
:20C1EC0037F002063B0000313C05C2F34E3382123C089130002F392F0316370FE1F3EEF6DA
:20C20C009130002F592000163B0000013C05C2F04E0382123C089130002F392F0316370F84
:20C22C00E1F3EEF69130002F1920001648CF82F3C63F26F048CF48B3263FA6F03B000031DB
:20C24C003C05C2F34E3382123C089130002F392F0316370FE1F3EEF69130002F5920001695
:20C26C003B0000013C05C2F04E0382123C089130002F392F0316370FE1F3EEF69130002FFB
:20C28C0019200C1648EF82F3C63F26F048EF48D3263FA6F0DA0137F0010F3B0000313C0564
:20C2AC00C2F34E3382123C089130002F392F0F16370FE1F3EEF69130002F59200C163B0023
:20C2CC0000013C05C2F04E0382123C089130002F392F0F16370FE1F3EEF69130002F192091
:20C2EC00002609FF001982F3C63F26F009F3001948FF26F3A6309130002F592000269130C0
:20C30C00002F192F042609F0081982F3C630260F09F0081909F304192630A60F9130002F88
:20C32C00592F04269130002F192F082609F0101982F3C630260F09F0101909F30C1926307E
:20C34C00A60F9130002F592F08269130002F192F28A66F1F12008F2120F096019130002F89
:20C36C00192028A6370070088F002100A60F9130002F592F28A686218F3140F19130002FC8
:20C38C00192028A6370070088F002100A60F9130002F592F28A63C019130002F192F28A6ED
:20C3AC006F0FFC7F022F3C01DF0FB18049FC140A82089130002FD92228A6542F370F6EF11D
:20C3CC008FFF83A13C0182091D009C009130002F192F28A66F1F12008F2A20F09601913057
:20C3EC00002F192028A6370070088F002100A60F9130002F592F28A68F2A20F0960291307F
:20C40C00002F192028A6370070088F002100A60F9130002F592F28A63C019130002F192F0B
:20C42C0028A61601DF1FFB7F3B0000063C05C2F04E0382183C089130002F392F1406370F78
:20C44C00E1F26EF69130002F39201C06536920F0C8621022142F37F003F09130002FE92FA1
:20C46C001C069130002F192F28A66F1F12008F2A20F096019130002F192028A637007008E2
:20C48C008F002100A60F9130002F592F28A68F2A20F096039130002F192028A637007008DD
:20C4AC008F002100A60F9130002F592F28A63C019130002F192F28A66F0FFC7F536920F0BD
:20C4CC00C8621022092B020982046DFF58FB9130002F392F3006160F4B0F41F14BF251F0B3
:20C4EC003C014BBF41F04B0F71F185F110013C0185F01001A2103FF0FDFFC21937096890C2
:20C50C0014CF3FF965FF028F3C0102F23C0100902008144F09444108DF1F298049A4000A42
:20C52C006DFFBAF96D004401022F02F46D004800913000FF19F1200609A0C408BB00402FB3
:20C54C00A62037011010913000FF59F12006913000FF19F01806821137100101913000FFFE
:20C56C0059F0180602F46D00560100904DC0E1FF16073C0153CF20F060FF9130003F30F303
:20C58C00D93F0C9654FF2E1B8F2420F0960154F0370070088F002100A60F74FF86248F24B7
:20C5AC0040F154F0370070088F002100A60F74FF3C0154FF1601DF1FFE7F0090913000FF01
:20C5CC0019FF28A66F1F12008F2420F09601913000FF19F028A6370070088F002100A60FC4
:20C5EC00913000FF59FF28A686248F2440F1913000FF19F028A6370070088F002100A60F10
:20C60C00913000FF59FF28A63C01913000FF19FF28A61601DF1FFB7F00904DC0E1FF16071C
:20C62C003C01913000FFD9FF0C9653CF20F010FF54FF2E1B8F2420F0960154F0370070084D
:20C64C008F002100A60F74FF8F2420F0960254F0370070088F002100A60F74FF3C0154FF40
:20C66C001601DF1FFE7F084F96082CF454FF2E1B8F2420F0960154F0370070088F0021006E
:20C68C00A60F74FF86248F3440F154F0370070088F002100A60F74FF3C0154FF6F0FFF7F71
:20C6AC000090913000FF19FF28A66F1F12008F2420F09601913000FF19F028A637007008F8
:20C6CC008F002100A60F913000FF59FF28A68F2420F09602913000FF19F028A63700700862
:20C6EC008F002100A60F913000FF59FF28A63C01913000FF19FF28A61601DF1FFB7F9130B0
:20C70C0000FF39FF2CA69608913000FFE9FF2CA6913000FF19FF28A66F1F12008F2420F0E3
:20C72C009601913000FF19F028A6370070088F002100A60F913000FF59FF28A686248F3458
:20C74C0040F1913000FF19F028A6370070088F002100A60F913000FF59FF28A63C0191300D
:20C76C0000FF19FF28A66F0FFC7F00904DC0E1FF16073C0153CF20F060FF9130003F30F344
:20C78C00D93F0C9654FF370F6EF18FFF83213C013C010090913000FFD9FF000619FF1CA02D
:20C7AC00370F6EF18FFF83213C010090913000FFD9FF28A654FF370F6EF18FFF83213C01FC
:20C7CC003C0100904DC0E1FF16073C0153CF20F060FF9130003F30F3D93F0C9654FF2E1B2F
:20C7EC008F2420F0960154F0370070088F002100A60F74FF86248F3440F154F03700700877
:20C80C008F002100A60F74FF3C0154FF6F0FFF7F0090913000FF19FF28A66F1F12008F241F
:20C82C0020F09601913000FF19F028A6370070088F002100A60F913000FF59FF28A686240A
:20C84C008F3440F1913000FF19F028A6370070088F002100A60F913000FF59FF28A63C010A
:20C86C00913000FF19FF28A66F0FFC7F009091000048D9446C8082129130002F192F34A6F5
:20C88C00370F6EF18FFF83313C019150022F392F2C081601DF1F7080094584093C648F2388
:20C8AC0020F07BC0FF0FA60F9130002F592F34A63C019130002F192F34A6370FE1F0DF1FA8
:20C8CC00FA7FCC513C0DD4F25420482F82F1C61F26F0481FA6F0D4F2742049FF0C0A80F029
:20C8EC00145F53CF20104C5142F13F10EEFF9150022F392F0B4896409150022FE92F0B483B
:20C90C008F2320F07BC0FF0FA60F96029130002F592F34A63C01913000FF19FF34A66F1FE4
:20C92C00FC7F3B0010F0C2FF4EF382023C09915002FF39F00B4837006103DF10F67F4C526F
:20C94C00BB00520C9BB0BF044B0F41F04B0F71F185F110013C0185F01001A2103FF0FDFF36
:20C96C0049550C0A8050144F53CF20104C4142F13F1097FF022F3C01EE0200A0DC0B009058
:20C98C0091000028D92274808210915002FF39FF2C081601DE1C82023C0DCC2153C220F013
:20C9AC0010FFD4F45441482F26F1481F3E128200C212142F3FF2F37FDF100A80915002FF23
:20C9CC0039FF2E08370FE1F21E1282003C01F60200A0DC0B0090544F2E1B8F2400F09601A0
:20C9EC005440370070088F000100A60F744F06248F2440F15440370070088F000100A60F4A
:20CA0C00744F544F0090913000FF19FF28A66F1F12008F2400F09601913000FF19F028A6FD
:20CA2C00370070088F000100A60F913000FF59FF28A606248F2440F1913000FF19F028A66B
:20CA4C00370070088F000100A60F913000FF59FF28A6913000FF19FF28A6009002484DC063
:20CA6C00E1FF16078B5F20F33C0153CF20F060FF9130003F30F3D93F0C9640F402846DFFDF
:20CA8C00ACFF084F96082CF440F402846D008F000090024802846DFFB8FF913000FF39FF99
:20CAAC002CA69608913000FFE9FF2CA602846D00960000906D0041076D00413400900248F6
:20CACC004DC0E1FF16078B5F20F33C0153CF20F060FF9130003F30F3D93F0C9640F40284DE
:20CAEC006DFF7BFF084FB70F81F12CF440F402846D005D000090024F02F46DFF86FF913088
:20CB0C0000FF39F02CA6B7008101913000FFE9F02CA602F46D0063000090BB00C20B9BE012
:20CB2C00CB04913000FF39FF1B06370F62F35E26BB0068199B81B9143C0B5E16BB006819C6
:20CB4C009B81B9143C05BB00C21B9BE1CB14913000FF39FF3306370F62F26E1D913000FF96
:20CB6C0039FF1906370FE7F0C21F4B0F61F14BF14110913000FF39FF1B0616079210913082
:20CB8C0000FF39FF1C061607C21FE2F04B0061F14BF15100913000FF39FF3006160F4B0F89
:20CBAC0041F14BF051203C010090544F2E1B8F2400F096015440370070088F000100A60F10
:20CBCC00744F06248F3440F15440370070088F000100A60F744F544F0090913000FF19FF12
:20CBEC0028A66F1F12008F2400F09601913000FF19F028A6370070088F000100A60F913035
:20CC0C0000FF59FF28A606248F3440F1913000FF19F028A6370070088F000100A60F913079
:20CC2C0000FF59FF28A6913000FF19FF28A600909120003030434933088A543F06F4374F18
:20CC4C009FF09120003030434933088A743F9120003030434933148A543FEF8F0A00B70FD5
:20CC6C0001FC9120003030434933148A743F0090914000FF39F0150ADA1037F085F191408A
:20CC8C0000FFE9FF150A914000FF39FF000A9620914000FFE9FF000A914000FF39F0160ADF
:20CCAC00DA1037F085F1914000FFE9FF160A914000FF39FF000A9640914000FFE9FF000A5F
:20CCCC000090DF140D80914000FF39FF000A375F81F2914000FFE9FF000A3C0DDF240C8083
:20CCEC00914000FF39FF000A375F01F3914000FFE9FF000A0090DF141580914000FF39FFAA
:20CD0C00000A914000FF39F0000A3700E1028F108001370F81F2914000FFE9FF000A3C15F4
:20CD2C00DF241480914000FF39FF000A914000FF39F0000A370061038F108001370F01F346
:20CD4C00914000FFE9FF000A00900248C5FF0001BCF182046DFF13F7913000FF39FF30068F
:20CD6C00160F4B0F41F14BF251F03C013C014B0F31F13B803E004B0F0102E2083C010B807A
:20CD8C0000486DFFB0D00090024F02586DFFB7D176236E023C45914000FF39F0008A6F7038
:20CDAC002080914000FF39F0808A3700E100BE076D008400914000FF39F0808A37F081F05B
:20CDCC00914000FFE9FF808A914000FF39FF008AB70F81F3914000FFE9FF008A3C15914055
:20CDEC0000FF39F0808A37F081F0914000FFE9FF808A914000FF39FF008AB70F81F39140FE
:20CE0C0000FFE9FF008A4B0861F1BB10B00F9BA007044B0F41F04B0F71416DFFA2D9009012
:20CE2C00024F02586DFF6BD176236E023C45914000FF39F0008A6F602080914000FF39F01E
:20CE4C00808A37006101BE076D004B00914000FF39F0808A37F001F1914000FFE9FF808AC8
:20CE6C00914000FF39FF008AB70F01F3914000FFE9FF008A3C15914000FF39F0808A37F09D
:20CE8C0001F1914000FFE9FF808A914000FF39FF008AB70F01F3914000FFE9FF008A4B08F1
:20CEAC0061F1BB10B00F9BA007044B0F41F04B0F71416DFF66D90090914000FF39FF008AE0
:20CECC009680914000FFE9FF008A914000FF39FF808A9602914000FFE9FF808A0090914021
:20CEEC0000FF39FF008A9640914000FFE9FF008A914000FF39FF808A9604914000FFE9FFE9
:20CF0C00808A009020088208D2000B0110C88209821A7B000EB41D000C016D001B03022EBA
:20CF2C006D00110374A2DF084D8082143B0005506DFF2CFF82143B0005506DFF73FF7BC09E
:20CF4C0020F44BFE01F0370F61F16E08F6966D00F3000B2310C882193C32DF1931806D0058
:20CF6C00EB000BC2C0000BD3D0108209BB00A8219B62002082030B2030F10B3100F20B3108
:20CF8C00A0F2EE1D6DFF9AFF6DFFABFF3B401F406DFFDDFEFBA05AE082043BA005506DFFB5
:20CFAC00F5FE82043BA005506DFF3CFF02E46DFFCEFE6DFF83FF6DFF94FF82181D00B9009A
:20CFCC00DF1809803B401F406DFFC1FE82281D00B000DF281B8082143BF00F506DFFD6FE47
:20CFEC0082143B0005506DFF1DFF3B0032406DFFAEFE6DFF63FF6DFF74FF3B401F406DFFBF
:20D00C00A6FE82381D009500DF38288082043B0005506DFFBBFE82043BF00F506DFF02FF7D
:20D02C003BB022406DFF93FE6DFF48FF6DFF59FF3B401F406DFF8BFE82043B4006506DFF91
:20D04C00A5FE82043B4006506DFFECFE3B2003406DFF7DFE82483C6CDF484E8082043BC007
:20D06C0003506DFF93FE82043BC003506DFFDAFE7B0027F454A04BF001F016068B0F20F2BE
:20D08C006E056DFFF6CF821A3C297B4023F44BF001F0370F61F16E0A3BC012406DFFFFCF4A
:20D0AC0076A46DFFF9CF820A3C197B001FF44BF001F0370F61F16E063B6009406DFFEFCF61
:20D0CC003C0D7B0017F44BF001F016068B0F20F26E053B2003406DFFE2CF54AF4BBF01F055
:20D0EC0016038B0F20F26E066DFFE8FE6DFFF9FE82583C1EDF581D80821482156DFFE3FDB5
:20D10C00822482156DFFDFFD6DFFB3CF6DFF5DCF3B007D406DFF1BFE821482056DFFD3FD22
:20D12C00822482056DFFCFFD6DFFA3CF3C031DFFF6FE009085FF1001820102F085F32C0112
:20D14C0082020F20A0400F31A050FB4006606DFF37CD3C0100900D0000036DFF09FB02247C
:20D16C006DFF5DFA6DFF24FB02246DFF9CFA6DFFDACD822482056DFFD7CF6DFF64CF6DFFD0
:20D18C0079FD6DFF99D66DFF30D76D00EA010090913000FFD9FF28A654FF370F6EF18FFFEB
:20D1AC0083113C01913000FF19FF28A66F1F12008F2120F09601913000FF19F028A6370027
:20D1CC0070088F002100A60F913000FF59FF28A68F2120F09602913000FF19F028A637005A
:20D1EC0070088F002100A60F913000FF59FF28A63C01913000FF19FF28A61601DF1FFB7FEE
:20D20C00913000FF39FF1686B72F03F2913000FFE9FF1686913000FF39FF17869602913061
:20D22C0000FFE9FF1786913000FF39FF17869601913000FFE9FF1786913000FF39FF178658
:20D24C009608913000FFE9FF1786913000FF39FF1786B72F03F2913000FFE9FF1786913069
:20D26C0000FF39FF1A86B70F03F2913000FFE9FF1A86913000FF39FF1B869602913000FFD7
:20D28C00E9FF1B86913000FF39FF1B869601913000FFE9FF1B86913000FF39FF1B86960849
:20D2AC00913000FFE9FF1B86913000FF39FF1B86B72F03F2913000FFE9FF1B86913000FF9C
:20D2CC0039FF1E86B72F03F2913000FFE9FF1E86913000FF39FF1F869602913000FFE9FF62
:20D2EC001F86913000FF39FF1F869601913000FFE9FF1F86913000FF39FF1F869608913000
:20D30C0000FFE9FF1F86913000FF39FF1F86B72F03F2913000FFE9FF1F86913000FF39FFB8
:20D32C003186B71F02F3913000FFE9FF3186914000FF39F08828DA0C37F008F0914000FF82
:20D34C00E9FF8828914000FF39FF8928B70F83F1914000FFE9FF8928914000FF39FF8B2812
:20D36C009602914000FFE9FF8B28914000FF39FF89289604914000FFE9FF8928913000FF22
:20D38C0019FF28A66F1F12008F2120F09601913000FF19F028A6370070088F002100A60FF9
:20D3AC00913000FF59FF28A686218F3140F1913000FF19F028A6370070088F002100A60F38
:20D3CC00913000FF59FF28A63C01913000FF19FF28A66F0FFC7F00900D000002913000FF20
:20D3EC0039FF20866F3F3700914000FF39FF248A2E0A910000F7D9FF28106DFF9DFE89F256
:20D40C0040093C1E910000F7D9FF1C106DFF94FE91000027D9222810092040090B02C04069
:20D42C000B13D0506D00E7013B80E2F79BCFD0F34BF241F07B0000844B8F51F074FF9130D0
:20D44C0000FF39FF26869608913000FFE9FF26863C76913000FF39FF20866F5F37009140C5
:20D46C0000FF39FFE5CA2E0A910000F7D9FF30106DFF62FE89F240093C1E910000F7D9FF98
:20D48C0020106DFF59FE91000027D9223010092040090B02C0400B13D0506D00AC013B8008
:20D4AC00E2F79BCFD0F34BF241F07B0000844B8F51F074FF913000FF39FF26869620913044
:20D4CC0000FFE9FF26863C3B913000FF39FF20866F7F3600914000FF39FFE4CA2E1A9100E5
:20D4EC0000F7D9FF38106DFF27FE89F240093C1E910000F7D9FF24106DFF1EFE9100002786
:20D50C00D9223810092040090B02C0400B13D0506D0071013B80E2F79BCFD0F34BF241F0F1
:20D52C007B0000844B8F51F074FF913000FF39FF26869680913000FFE9FF26860D004002F5
:20D54C000080910000F7D9FF1C1054F23C010090910000F7D9FF201054F23C01009091402C
:20D56C0000FF39F0948ADA1037F085F1914000FFE9FF948A914000FF39FF108AB72F85F1FE
:20D58C00914000FFE9FF108A914000FF39F0D7CADA1037F085F1914000FFE9FFD7CA9140E2
:20D5AC0000FF39FFD8CAB72F85F1914000FFE9FFD8CA914000FF39F0D0CADA1037F085F1B6
:20D5CC00914000FFE9FFD0CA914000FF39FFD1CAB72F85F1914000FFE9FFD1CA6DFFDAFD58
:20D5EC00914000FF39FF808A9610914000FFE9FF808A6D007B0000900D00000285FF100189
:20D60C0085F82C018208A68FFB803E800B8F40F0A5FF3001910000F7D9FF0020910000C7E5
:20D62C00D9CC002054CFC21F74FF910000F7D9FF002054FFDE15914000FF39FF808AB70F04
:20D64C0001F2914000FFE9FF808A914000FF39FFC0CA9680914000FFE9FFC0CA3C4391000F
:20D66C0000F7D9FF002054FFDE25914000FF39FFC0CAB70F81F3914000FFE9FFC0CA91407A
:20D68C0000FF39FFC0CA9601914000FFE9FFC0CA3C29910000F7D9FF002054FF5E3C914041
:20D6AC0000FF39FFC0CAB70F01F0914000FFE9FFC0CA3C18910000F7D9FF002054FF3B0042
:20D6CC007D80FE80914000FF39FF808A9610914000FFE9FF808A910000F7D9FF0020DA00EF
:20D6EC0074FF0D004002008005FF3805961F25FF380105FF3905B70F05F025FF390105FF2A
:20D70C003C05B70F01F125FF3C01914000FF39FF01C8B70F83F1914000FFE9FF01C8914046
:20D72C0000FF39F000C8DA1437F008F0914000FFE9FF00C8914000FF39FF03C89602914024
:20D74C0000FFE9FF03C8914000FF39FF01C89604914000FFE9FF01C805FF0015960125FF4B
:20D76C00001105FF3C05960125FF3C0185FF100185F02C018200A60FFB803E000B0F40F0DE
:20D78C00A5FF300100908F841EF08F0F0801B70408FC3704E81BB71F812BDA7F7FF1048084
:20D7AC0082020090DA967F1F048082023C068B6109F1325F0FF200203702482076043252BA
:20D7CC00370248200090B70408FC3704E80BB71F811BDA7F3FF00580DA967F0F048082029A
:20D7EC0000908B6009F1325F0FF100103701702000908B0420F28B0500F5EE0A7B0008000E
:20D80C008203B700892B8F7301F0A6F2009082029B02F02FBBF0FF3F9BF3FF3F0F24800049
:20D82C000F358010BA008B0100F4EE4C3B7001800B451068BB00FF1F9BF1FF1F8F04000189
:20D84C002651BA008B0100F4EE2182019BF1FF1F8F0400012651BA008B0100F4EE098F758F
:20D86C001E107745804302153B0003803C0F8F351F107745804902153B4002803C078FF57C
:20D88C001F107745804F0215C2180F2480000F3580108B0020F28B0100F5EEF202490B678F
:20D8AC0010A8D2148B881E606DFF65C90F2A80000F3B8010BA008B0100F4EE2B3B000870FA
:20D8CC003C293B600930BB00000F9BF00F0026408F0500118B0020F28B0100F5EE073BA0A6
:20D8EC000830774500568FC4004082009B00080082013C05C2F37745805006140B0430F1CB
:20D90C000B1500F20B15A0F2EEF602401DFF7BFF82078BF29F008BF3BF1026A026B1BA0032
:20D92C008B0100F4EE038F0744718BF80760820402951D00874991200048D9442CE01D00EC
:20D94C0002008208404F8209820A820BC81CC82D483C09FF1001DF1F238080CF160180D02F
:20D96C008F100001FE046E04C2FC04DF24CF76CF8F3C00018FEC1FF06E0902F140D2C2F129
:20D98C006014442164C1FC4E90DD020CDF0CE07FC2FC60C204DF24CFFC2E3CD9DE2580CF27
:20D9AC002E03C2FC24C9DF0CD37F8F3C00F106EC76C5C2FC60C264CAFC2F6EC9C2FF60F2D6
:20D9CC0024CBFC2F3CC48F0F1F00DF002E008F3F0001DF102B8080CF8F3F00D180DF160388
:20D9EC00FEDB76DB02D440C440D56D00EF0601CD00C601DD00D6A2DC76CF8F3C00018FEC4E
:20DA0C001FF06E0902F140D2C2F16014442164C1FC4E90DD020CDF0C9B7F02C440C440D515
:20DA2C006D00D4063C9400901603DF2F91FF80CF16036E0702F440C46D00B10610CCA2FC07
:20DA4C00DF0C867F8F3C004106EC76C5C2FC60C264C8FC2FDF047C7F40C46D00A0061DFF49
:20DA6C0077FF0090205089A4380989A62C0989A73409DA01A00F820909AA1019780C89A93E
:20DA8C00081989A9280902A089A90019B70089FBF80678113700E8FB78080258404C029D28
:20DAAC00405D8BFF0FC27B00F8B376C658116E04029C09AD30095808BA0F7813F68A3B70B9
:20DACC000600580B3E043B7004007E0382183C23580D6F5F21803B100600580B3E043B1051
:20DAEC000400FE095811EE0382083C1582788F3F000082013C06C2F88FC31F107723000E6A
:20DB0C000B011028FBF0000026202631BA008B0100F4EEF2DA00780F02A46D0014087625E8
:20DB2C00DA2D780F67AABFAFEE0E580D8F8F0101DA087E03DA2B3C068B000102580FAB0FF2
:20DB4C00A2F0780F09A00019AA1089A00019DF0D1600580B910000F8D9FFBC1010FF081F1A
:20DB6C002E37910000F8D9FF2000F8063C1B910000F8D9FF2400F8063C15DF0C1D00580B1F
:20DB8C00910000F8D9FFBC1010FF081F2E36910000F8D9FF28003C05910000F8D9FF2C005B
:20DBAC00F8065810BB90FF0F9239580D260F780D1D008C013B100600580B3E053B100400C0
:20DBCC005F0F27805808AB1F18FF780858109230F683580D2E22C210428058083BC0F91F04
:20DBEC00C2207FF106003B4006103F1F0400DA033C0A3B60FF1F7FF106003BA000103F1F33
:20DC0C000400DA02780C580C12091D005F01580849AF0A0A6E7549A4140A02A46D002733D1
:20DC2C0009AC1409022A370CE8FB82006E55BBF028EC49AE130A7B0012D49B5ECFE33C3F15
:20DC4C0049A20A0A7D2E0C8049AF120A49AE130AA07209F03FF489E03FF4FC2CBBD0CC0CF5
:20DC6C0058059BC0DC0349A4140A4B0F41406D00FE3289A20609DF0914806B0E21F24BDB16
:20DC8C0041B04BDF41406DFF80FD762A4BBC514049A4140A82196D00EA3289A2060909AF9A
:20DCAC0006096B0E21FF4BDF41406DFF6EFD8B0203F089EF3FF4580AC21F780A5805370F9B
:20DCCC00E8FBEEBF3C0304EF24FF49A2130A012E20F4EEFA3C154B0A01F06F2F12007B005E
:20DCEC0012043C064B0A41A0580AC2FF780A4B0A41F089AF06094BBF01F06F0FF5FF3B6010
:20DD0C000610580B028082093E143B6004107E13580A12803B500610580B3E143B500410F6
:20DD2C007E12C210CE03DA003C038B7000F310A2492E0A0A3C117B0012F449A4060A4BFA50
:20DD4C0041406D009432022A09A406096DFF1DFD8B0203F024FF01FE20F4EE0649A2130AE3
:20DD6C00012F20F4EEE909EF000840EFC25F3C0A49AF0A0A01EF30F4EE0740EF09EF3FF477
:20DD8C00C21F34EF3C08DA3134EF49EF010A580AC21F780A09E00008DA393F0FEB7F89F9BB
:20DDAC003FF049A20A0A012F20F4EE0609F00008DA305F0FF67F3B500600580BBE013B50C5
:20DDCC0004003E0E3B6006005F0F3C003B6004005F0F3800580A3FF80400FFDF3300581041
:20DDEC003B50062049AF0A0A9210580B09A10A083E243B5004207E2C761349AF0B0A14FF35
:20DE0C00EE04580DAE227682C21042803C17028276158BF81F2049AF0B0A14FFEE03580DA9
:20DE2C002E22C21082013C0814FFEE03580D2E23C210B01FC2113F21F97F8B4000903C450B
:20DE4C003B600600580B3E043B6004007E0F09A02809FA10AB10A09F581042F9F684580DE4
:20DE6C006F2F34001A8992193C300280580A49AF0A0A4EF4581092193C0D09A12809581039
:20DE8C001219021F14F17612B01FABF01F00C2FFEEFA14FF6E02F604580D6F2F1700580A72
:20DEAC00C219325F3C04C2FFC219C2F07607FF1FFC7F3C04C219B01FC2F0760314FFEEFB35
:20DECC00580D16042B09009F580F6E0D580D16036E0A61FF0CC709A43C0940C46D0044042E
:20DEEC00DA00780FD806BD0F1A803B100600580B3E043B100400FE02580D16036E0F54DFFE
:20DF0C00C22F61FFE1C66D002F04580B40C48B7F01406D002904DA017812580D6F0F168033
:20DF2C00580EA29F3C0F61FFE2C6580D40C416028B0F20F2864F8B0F02406D001504580E11
:20DF4C00C2FF780EFF1FF17F580F6E0861FFCFC609A43C0940C46D000704D806BCFA40F4D8
:20DF6C0040C56D00100454DFC23F74DF1D008A013B100600580B3E053B1004005F0F9F800D
:20DF8C008F28200058138B7001018B1F03A1BF1022008201DA177FF00800821258110F02FE
:20DFAC001020262F6E02821182F2C2F00F0200F0C6F2F6145811262F6E045811A62F7811ED
:20DFCC005811C21F7811EF7F0600DA0078113B2003A05812EE0D54DFC22F61FF75C66D00FC
:20DFEC00C303580B40C48B7F01406D00BD0361FF7EC602A440C46D00B703F683580D2E25CA
:20E00C0061FF6FC66D00B00358113B8001B054D08F1F00A0428074D03C183B000340DF0B36
:20E02C001100C2CB02B032500F0A00F0160F8B0F0340DA397F4F0600580B8B6F1CF042F471
:20E04C0040C46D009103C2F8FF18E97F580B40C48BFF00406D0088035808CEF63BD00240DC
:20E06C00325F78083C033BB0024040C46D007C03580C54D0C22F42F0580C820110AF34F1B1
:20E08C003BA00010580CC2FF370F68F0780C10AF58084B1F01228B0303F034FF09A220090E
:20E0AC004B12012289A26009DF02EEFF74D040A440C56D0068031D00E5003B50060049AFE2
:20E0CC000A0ABE013B5004003E0E3B6006005F0F78003B6004005F0F7400580A3FF80400E1
:20E0EC00FFDF6F0009A00A08580AAB1F20A076093B700610580B3E143B7004107E12C2F822
:20E10C0061FFF5C576063700684049AF0B0A3C033B00034040C46D00270314FFEE0B580DA8
:20E12C00AE29768C3B500600580B3E043B5004007E0561FFD6C56D001703820B3C1A09F054
:20E14C000008F60A580DAE283B500610580B3E143B5004107E1D61FFCAC576053700684097
:20E16C00B01F3C033B00034040C46D00FD02C21B3F8BE77F61FFBBC5580B40C48FDF0F4185
:20E18C006D00F202C2FA54DFC21F0EA43BB002403C04325A3BD0024074DF40C46D00E402A0
:20E1AC0061FF97C58B00034040C46D00DD0261FF90C58B01034040C46D00D6023C6209AA5B
:20E1CC0028094EA854DFC21F61FF7EC56D00CC023C1954D0C21074D014F47643B01F3C03BC
:20E1EC003B00034040C46D00BF023B600600580B3E063B6004003E03ABF81F88C2FAFF1A1C
:20E20C00EA7F3B600600580B3E063B6004003E0314FF6E02F684580D6F2F340061FF67C5A1
:20E22C00580A3BE00240325F3C0854D03B000340C21074D0C2FFC2F840C46D009502768B02
:20E24C00FF1FF57F3C0861FF52C504F440C46D008B02C2F8768314FFEEF73B600600580BC0
:20E26C003E0E3B6004003E0B580D2E2B3C0854DFC21F61FF29C56D007702C2F8DF08F9FF7B
:20E28C00580EA29F3C0A54D03B00024040C4C21074D06D006902C2FFFF1FF77F00902010DD
:20E2AC00404C405D89A68C09DA00780209D40008DF045002DA257E4409D001047E08B01D05
:20E2CC0049A5080A40C46D0048023CF1820A0BAA108809DF01003BD002007E048F1A40A16F
:20E2EC003CF93BB002007E07BBF0FE0F26A08F8040A13CF03B0002007E066F3AECFF8F0AE3
:20E30C0041A13CE83B0003007E048F2A40A13CE23B3002007E048F4A40A13CDC3BA00200D5
:20E32C00FE03D803B04FF80309F83CF9CE848F1A40A1325809DF01003C0D13A820FF8B0FB9
:20E34C001D8009DF01008B0F1D0037006800BFA0F6FF3BE002005F0F23808F0A42A109DFEF
:20E36C0001003BA00200FE05D803B04FF80309F93CF9CE968F1A40F1BBF0FDAF26FA09DF07
:20E38C0001003C0D13A920FF8B0F1D9009DF01008B0F1D0037006800BFA0F6FF3BC0060071
:20E3AC007E048F0A48A13C1E3B8006007E048F0A44A13C183BC004007E048F0A50A13C1285
:20E3CC003BA006007E04B71A81A43C0C3BA007007E04B71A01A53C063B400700FE01B71A21
:20E3EC0081A53BC006003E043B8006007E0709D000087E04B71A01A6B01D09DF01003B3066
:20E40C0006005F0F2F808F1A00F1EE0E3C093B00024049A5080A40C46D009F01C2F87F89A2
:20E42C000400FF28F67FD80340C449A5080AB04FF80309F03CF9370048406D008E01DF0F80
:20E44C00377F3C093B00024049A5080A40C46D008401C2F87F892C7FFF28F67F1DFF28FFF6
:20E46C003B400600BE013B9006003E0E3BF006003E0B3B8007003E083B8005003E053B5023
:20E48C0007005F0F598082023B4006003E043B9006007E0282123B0008010F0A80105F01A9
:20E4AC0004006F9A05003B8000003C0282403B8000105F100980D80349FF080AF80309F097
:20E4CC0078F93C15D803B04FF80309F03CF90B0000080B0110483B0004010F0A80105F01AB
:20E4EC000D807628370448000B0000080B0110483C13370468403C0F3B0004005F010B8044
:20E50C007626370450000B0000483C06370470403C02F62282056F5A0600BBD0FF0F260AD3
:20E52C003C0282190BFA106889A440090B8910481D00CB003B300700FE066F5A0680BBF0BF
:20E54C00FF9F9BF9FF97D8030BA8104840C5029649A6080AB04FF80309F4BCF96D00AB029D
:20E56C001DFFA6FE3B600600BE063B600400BE033B500600BE003B5004003E0D3B70060030
:20E58C003E0A3B7004003E073B1006003E043B1004007E0DD8038F0A0211AB698091B04F1B
:20E5AC00F80302F609F03CF974A03C2C3B200700FE086F6A0800D803B04FF80309F03CFA65
:20E5CC003C06D803B04FF80309F03CF98F0A02F1EA69DA004BF051F174AF3B6006603C1242
:20E5EC003B200500FE09D8038F0A02F1EA6949FF080AF80309F478F96DFF5E8D3B600660D3
:20E60C0074A20B89104849A5080A02A740C46DFF2BFA1DFF4DFE3B0007005F0F5D806F8AC1
:20E62C0045006F0A0E80DA113C093B00024049A5080A40C46D009100C2F83F8FF8FFD80379
:20E64C00A03E49FF080A09FF3FF449A5080A370F684040C46D000001FCE73BA0034049A5EC
:20E66C00080A40C46D007900D803A03E49FF040A09FF3FF449A5080A370F684040C46D00E9
:20E68C00EB00FCE7DA113C093B00024049A5080A40C46D006200C2F83F8FF8FFD80349FF7E
:20E6AC00080AF8031DFF04FED8033B8000400245B04FF8038F2A407109F03CF9820189A0C8
:20E6CC0040093B80076049A5080A40C46D00DF001DFFEEFD3BE006005F0F37803B000801E2
:20E6EC000F0A80F03E036F9A0E00D803B04FF80309FFBCF909A00809820189F040091DFF80
:20E70C00D7FD3B000401260ADA407EAAD803B04FF80309FFBCF95802B4FF1DFFC9FD5F0A7D
:20E72C000B80D803B04FF80309FFBCF9580234FF1DFFBEFDD803B04FF80309FFBCF9580260
:20E74C0074FF1DFFB5FD910000F7DA1959FF48E009A20809009037046840545FC21F745FDB
:20E76C001D000200D44FBCF440F49D000000CC414C4280F07FF0068034F4CC41B01FEC4199
:20E78C000090404F405C3C06370F684040C46DFFEBFF09FF0100EEF900903BF00F00804F9F
:20E7AC001603063F0FF0100082FFC6F0C2F4604F804FB70F02F060F2B014542F260F742F4C
:20E7CC0077000004FCF60090804F16033BF00F008F3F00100F10100082F1C610C2F4604F53
:20E7EC008041B7010220095101008F3F0030B0140F3110106022C21F542216032602A61223
:20E80C00742277000004FDF0ED7F0090404F0B4510A849FD160A026840FCDA0034DF8207D9
:20E82C0002860BAB10486DFFCBC123820A0A0B2310A88BA060F2CA708B0003F089DF3FF4CF
:20E84C008B0220F28B0300F5EEEB04DF24FFEEFE40C200900248404F8FC83F40405CDA09FF
:20E86C000B4F2001DA37AB0F83F042F46DFF75FF8FF8000140F4DA0940C50B0F2011DA37BD
:20E88C00AB0F834142041DFF68FF026E2020DA58404F0B4510A8405C027909AC60098208ED
:20E8AC005FEF7300DA643EEDDA693EEBDA6F5FEF6C00DA75BEE4DA785FEF67001D00ED00B1
:20E8CC00D2000B0C50F10B1D00F20BD190F2EE073BD002800BC0C0C00BD1D0D00BCD104811
:20E8EC0040A43BA000606DFF93FFF6B6BA0C8B0D00F4DF0FDF8040A46D00C441370268C0ED
:20E90C00DF081180DA753EE88F890101DA087E043BB002803C078F8901F18B0F01F2AB0886
:20E92C00A28F768CABFA1FAA8F3900F16E0740F4028440C56DFF11FF82086F0914808F2973
:20E94C0000F18B0F20F2864F8B0F02F03C0740F402F440C56DFF01FFC2FA7FAB04003FACFA
:20E96C00F87F768E40F4028440C56DFFF6FE3C08C2FB61FFA4C16DFFF0FEABFA1FAA3FBC68
:20E98C00F97F1D008A008BFE268240A48F3820F08B8F00600BCD10486DFF3AFFDA78FEE3DE
:20E9AC0014AF40A26E10092000088BF01BF0370F6810DA193F1F05808B0002F0342F092FC5
:20E9CC000104EEF240A46D005D41370268F078068B0C20F28B0D00F5EE0AF6B6DF086A809D
:20E9EC006F296800821BBBB0FFFF26F96F291B006F191300768E61FF62C16DFFAEFEABFA54
:20EA0C001FAA40F402E440C56DFFA7FEABFA1FAABBB0FFFF26F9DA6F7EE558063FBF0300F0
:20EA2C00921B6F29090076875806C22BC22F370F68F078066F0915808F2900F18B0F20F2C5
:20EA4C00864F8B0F02C03C0740F402C440C56DFF84FEC2FA7FAB050058063FAFF77F6F2904
:20EA6C001900DF08170061FF2AC16DFF76FEABFA1FAA40F402E440C56DFF6FFEABFA1FAA74
:20EA8C003C08C2FB61FF1BC16DFF67FEABFA1FAA58063FBFF87FBBF0F74F40A4BBF0FF6F2D
:20EAAC0040F5269440C602A59BF6FF671D00030000900248404F025F405C0269406D6D00AC
:20EACC00E140022A6F0819803C083B00024040C440D56DFF42FEC2FF3FFAF97F3FF9F77F27
:20EAEC003C0BC2F909F40100DF04110040C440D56DFF33FE8AFFDF09F6FF3C083B00024039
:20EB0C0040C4C2FF40D56DFF28FEEEF90090910000F7D9FF0820D4F291300057D955C0872B
:20EB2C0001240046015420F4EE0891400057D955C088014530F4EE0482FF60F20090F4F4BA
:20EB4C0000908F141E200090910000F7D9FF042014FF3B0002007E03821200909100002777
:20EB6C00D92248C090228202F424C21F34FF00908FF40FF18F8F01F0BB00F00F26408F80D3
:20EB8C000000A60F7BF00F0026400680A60FB70418008F801E20A6F23C0100908FF40FF191
:20EBAC008F8F2020BB00F0FF26F48684A6423C0100904E4602403250DA113FF0070091005E
:20EBCC000028D92288903C0B3254534420F0910000F7D9FF0C2010FFD4F23C010090201814
:20EBEC00404C89A41409405DDA0A78043BA000803BA000903BA000A0820B820C820D820EBB
:20EC0C001D00BA00538E21F091000027D92264E01022092F54087803DA0AFE975803EE1510
:20EC2C00DA006E10DA006E0EDA016E0C74AE91000048D94428B16D004B89DA006E033C010B
:20EC4C003C0002E91D0097005803DF0F94009E16FF2F1580910000F8D9FF8CB0F4AF3B30CE
:20EC6C0012F07801910000F8D9FF8CC0F80291000048D94444216D002B89BD0C2C0054C0E1
:20EC8C00538E21F0910000F7D9FF64E010FF481F5F0F2180BCDB538E21F0910000F7D9FF64
:20ECAC0064E010FFC82F7DFD1680DA006E10DA006E0EDA016E0C74AE91000048D94480D083
:20ECCC006D000689DA006E033C013C0002E21D0068015803DF1F3880538E21F0910000F773
:20ECEC00D9FF64E010FF54FF6E17538E21F0910000F7D9FF64E010FF09FFD2083FBF0C80F4
:20ED0C0002EA538E21F0910000F7D9FF64E010FF09FBD2083C17538E21F0910000F7D9FFD3
:20ED2C0064E010FF09FFD2083FCF0D8089AE1009538E21F0910000F7D9FF64E010FF09FCFD
:20ED4C00D2083C18BF2F1780538E21F0910000F7D9FF64E010FF09FFD2083FDF0C8002E8D9
:20ED6C00538E21F0910000F7D9FF64E010FF09FDD208C21EDA0A3FFE477F5805AE16DA0A36
:20ED8C00FE9758056F0F1580DA006E0FDA006E0DDA016E0B91000048D944ACD06D00988863
:20EDAC00DA006E033C013C0082F21D00FA00DA0A7FF91500DA006E10DA006E0EDA016E0C84
:20EDCC0074A991000048D944B0E06D008188DA006E033C013C001D009600DA0A7FF831000B
:20EDEC000289DA006E10DA006E0EDA016E0C74A891000048D944A0F06D006A88DA006E032D
:20EE0C003C013C00538821F0910000F7D9FF64E010FF54FF6E14910000F8D9FFD800F4AF1D
:20EE2C003BD016F07801910000F8D9FF8CC0F80291000048D94444216D004A883C4C3BA098
:20EE4C00000058047F0F170009A91009DA006E11DA006E0FDA016E0D580474AF910000487C
:20EE6C00D944F0006D003488DA006E033C013C003C32DA0A7FFA1E0002A9DA006E19DA00BD
:20EE8C006E17DA016E1574AA538A21F0910000F7D9FF64E010FF54FF780191000048D94402
:20EEAC00F8106D001588DA006E033C013C003C13DA006E0FDA006E0DDA016E0B9100004848
:20EECC00D944C8306D000488DA006E033C013C0082F23C663C14910000F8D9FFC440F4AFE6
:20EEEC003BF017F07801910000F8D9FF8CC0F80291000048D94444216D00EA8702946D0078
:20EF0C0051003C14910000F8D9FFC440F4AF3B3018F07801910000F8D9FF8CC0F802910018
:20EF2C000048D94444216D00D387538921F0910000F7D9FF64E010FF09FF54086E1491001D
:20EF4C0000F8D9FFD840F4AF3B4018F07801910000F8D9FF8CC0F80291000048D94444211C
:20EF6C006D00B687BCCA538921F0910000F7D9FF64E010FF54CF6CF1538921F0910000F7C0
:20EF8C00D9FF64E010FFDA00ACF9538921F0910000F7D9FF64E010FFE82D02923C010090A5
:20EFAC0020080248538821F0910000F7D9FF64E010FF54FF6E30DA006E1BDA006E19DA01A4
:20EFCC006E17370870F074AF538821F0910000F7D9FF64E010FF54FF780191000048D9447D
:20EFEC00D0906D007587DA006E033C013C00538821F0910000F7D9FF64E010FFD4F46D00A4
:20F00C00ED34538821F0910000F7D9FF64E010FFA002F4F2538821F0910000F7D9FF64E00C
:20F02C0010FFDA0089FF1408538821F0910000F7D9FF64E010FFDA00ACF9538821F091009C
:20F04C0000F7D9FF64E010FFA002E822538821F0910000F7D9FF64E010FFDA006CF1538825
:20F06C0021F0910000F7D9FF64E010FF91000028D92258410921C4085420A88168300090B8
:20F08C002018404C405DBD0D1780910000F8D9FFC090F4AF3BA028F07801910000F8D9FF81
:20F0AC008CC0F80291000048D94444216D0010871D00030109CE840909EFC0083B0010000F
:20F0CC007E0A0CE45E680CE55E4609E0C208DA085F0F3A00DA006E19DA006E17DA016E15F6
:20F0EC0009EFC00874AF0CE4780109EFC20878020CE5780391000048D944C8A06D00E886D7
:20F10C00DA006E033C013C0091100027D922D46991100047D944D469094FE808C21F892FFC
:20F12C00A808911000F7D9FFD46991100027D922D469092FDE08C21FACFF40C46D004E34C9
:20F14C001D00BB00911000F7D9FFD46991100027D922D469092FDA08C21FACFD49A4100A73
:20F16C0049E50E0A82446D001C2749A4140A49E5180A82446D0015274CD1EE0382083C0623
:20F18C00580509D004090B0F0081768382143C02822449A5100A49E6080A40D46D008C05B7
:20F1AC0009E0C6083B0010F03E063B0020F05F0F4D003C5CDA006E0FDA006E0DDA016E0B6F
:20F1CC0091000048D944ECB06D008286DA006E033C013C00DF08160040DFB04FF4AF49EF62
:20F1EC00080AF80149AF100AF80249D5260A49E6080A49D7260A822440D46D0096033C24ED
:20F20C004CD1EE12DA006E0FDA006E0DDA016E0B91000048D944D0C06D005A86DA006E03A7
:20F22C003C013C003C11DA006E0FDA006E0DDA016E0B91000048D944CCD06D004986DA0054
:20F24C006E033C013C003C35DA006E0FDA006E0DDA016E0B91000048D944F8D06D0038865E
:20F26C00DA006E033C013C003C24DA006E14DA006E12DA016E1009E4C6086DFF91FC74A285
:20F28C0091000048D944DCE06D002286DA006E033C013C00911000F7D9FFD4699110002762
:20F2AC00D922D469092FEC08C21F89FFAC083C0140C46D00933300902018404C405D406EAE
:20F2CC00BD0C158091000028D922C090F4A23BE031F07801910000F8D9FF8CC0F80291003D
:20F2EC000048D94444216D00F385BD0D1580910000F8D9FFF8F0F4AF3BF031F078019100B2
:20F30C0000F8D9FF8CC0F80291000048D94444216D00DE85BD0E1580910000F8D9FFF0806F
:20F32C00F4AF3B0032F07801910000F8D9FF8CC0F80291000048D94444216D00C98554E453
:20F34C0040C46D004019762791000078D97750411D00A90054EF16F03B000E00FE04DA011B
:20F36C002CACDA002CADDA5E2CAE0CE1167F2CAF0CE289AF10080CE389AF110849A70C0A03
:20F38C001D00910054E04CC226F04CC109C10809261F3E0F54EFB70F10F8BB90EA0F3E0945
:20F3AC004CC36E0449CE0C0A3C0482C21D008400910000F7D9FF942014FF538F21F09100C3
:20F3CC0000F7D9FF64E010FF09FF5408BF2F3780910000F7D9FF942014FF538F21F091004B
:20F3EC0000F7D9FF64E010FFC82F7DCF288054E0910000F7D9FF942014FF538F21F0910015
:20F40C0000F7D9FF64E010FF481FFE08911000F7D9FFD46991100027D922D469092FEE0876
:20F42C00C21F89FFAE08910000F7D9FF942014F440C440D56D0041003C3E82043C2B538480
:20F44C0021F0910000F7D9FF64E010FF09FF5408BF2F2080538421F0910000F7D9FF64E05E
:20F46C0010FFC82F7DCF168054E0538421F0910000F7D9FF64E010FF481F7E0B910000F751
:20F48C00D9FF942034F440C440D56D0016003C13C214BFA4D6FF40C440E540D66D009D006A
:20F4AC003C0A49C6260A3B00804040C440D56D00F3053C0100902010404C405D02485388F7
:20F4CC0021F0910000F7D9FF64E010FF09FF5408FF2F1580910000F8D9FFC8F0F4AF3BE05E
:20F4EC002EF07801910000F8D9FF8CC0F80291000048D94444216D00EB84538821F091000E
:20F50C0000F7D9FF64E010FF09FF5408DF2F5280538821F0910000F7D9FF64E010FF09FFD2
:20F52C00D2083BD011003F0F1900538821F0910000F7D9FF64E010F5B04540C46D00C202A3
:20F54C00F62B538821F0910000F7D9FF64E010FFDA0389FF14083C2D538821F0910000F781
:20F56C00D9FF64E010FF09FFD2083BE010003F0F2100538821F0910000F7D9FF64E010F543
:20F58C00B045538821F0910000F7D9FF64E010FF49F60C0A40C46D00B102F62B538821F045
:20F5AC00910000F7D9FF64E010FFDA0389FF140849C6260A538821F0910000F7D9FF64E03C
:20F5CC0010FF49F70C0A3B00804040C440D56D0063053C0100902010404C405D406E49C2F2
:20F5EC00260A89A28C0982F9820A54D440C46D00EA17F62954DF8F0F0F01DAE03E04BCD3E3
:20F60C0054DFEE15DA006E0FDA006E0DDA016E0B91000048D94404016D005A84DA006E0317
:20F62C003C013C003B00FF2F1D007E01821440D440C56DFFD6FA0228FF083500DA006E0F98
:20F64C00DA006E0DDA016E0B91000048D94404116D003E84DA006E033C013C00BD0E1F000D
:20F66C00DA006E0FDA006E0DDA016E0B91000048D94400216D002C84DA006E033C013C0086
:20F68C00911000F7D9FFD46991100027D922D469092FE408C21F89FFA408370848201D00B4
:20F6AC0043013C14910000F8D9FF2021F4AF3B103CF07801910000F8D9FF8CC0F80291003D
:20F6CC000048D94444216D000384538821F0910000F7D9FF64E010FF09FF5408EE14821ABF
:20F6EC00538821F0910000F7D9FF64E010FFDA0189FF1408538821F0910000F7D9FF64E050
:20F70C0010FFE82C538821F0910000F7D9FF64E010FF09FF54089E1F538821F0910000F786
:20F72C00D9FF64E010FF09FF5408FF2F1580910000F8D9FF3021F4AF3BD03CF078019100D5
:20F74C0000F8D9FF8CC0F80291000048D94444216D00BE83F6A27CEB40C440D56D00B20146
:20F76C00022976917CE402921D00DE00BD0E1580910000F8D9FFF8F0F4AF3B103EF078011E
:20F78C00910000F8D9FF8CC0F80291000048D94444216D009D83538821F0910000F7D9FF82
:20F7AC0064E010FF09FF5408BF2F1B80910000F7D9FF942034F8538821F0910000F7D9FF71
:20F7CC0064E010FF49F70C0A3B00804040C440E509A68C096D00600402291D00A300538875
:20F7EC0021F0910000F7D9FF64E010FF09FF5408DF1F9880820940EC3C2009C0CA0809CF39
:20F80C00C808FE0654CF6E14910000F8D9FF1831F4AF3B103FF07801910000F8D9FF8CC076
:20F82C00F80291000048D94444216D0051830CCC2E6382193C04D4CCBD0CE1FF769A3B004E
:20F84C0001403B00285040E46D00492F402C3C0540EC40E46D003C32BD0C4500538821F0CD
:20F86C00910000F7D9FF64E010FF54FF6E1EDA006E12DA006E10DA016E0EF4AE89A8040901
:20F88C0091000048D94434316D002283DA006E033C013C00538821F0910000F7D9FF64E09B
:20F8AC0010FFD4F46D009A30538821F0910000F7D9FF64E010FFF4FC8209DA006E12DA00E0
:20F8CC006E10DA016E0EF4AE89A8040991000048D94438416D00FC82DA006E033C013C0049
:20F8EC003C20911000F7D9FFD46991100027D922D469092FE408C21F89FFA408DA006E1062
:20F90C00DA006E0EDA016E0CF4AE91000048D94428516D00DD82DA006E033C013C0082F914
:20F92C0002923C0100902018404C89A5900989A68C09407D02488209BD0C1580910000F892
:20F94C00D9FFC090F4AF3B7045F07801910000F8D9FF8CC0F80291000048D94444216D0008
:20F96C00B7823B0001403BC001503B0028606D008E2C402EBD0E2280DA006E0FDA006E0D09
:20F98C00DA016E0B91000048D94434616D00A082DA006E033C013C00911000F7D9FFD4697C
:20F9AC0091100027D922D469092FE408C21F89FFA40882F21D00850009E0CA08DA1C7FF0CC
:20F9CC00158091000028D9222C71F4A23B2046F07801910000F8D9FF8CC0F8029100004815
:20F9EC00D94444216D007482CCE1DA006E0FDA006E0DDA016E0B91000048D94420816D0065
:20FA0C006782DA006E033C013C0002846DFFC8F8A83209CF6C089E6591000028D9222C91E1
:20FA2C00F4A23B9046F0780191000028D9228CC089A2880991000048D94444216D0048825C
:20FA4C0049F4080A826440D56D00AB2249F4120A826409A59C096D00A42249F40E0A824436
:20FA6C0009A598096D009D2249F4180A824409A5A0096D0096223B0010F0B4FFDA08ACF1F1
:20FA8C00DA062CF4DA042CF53B60804040C440E509A6900909A78C096D00FE02911000F745
:20FAAC00D9FFD46991100027D922D469092FD808C21FACFC40E46D00912F02923C010090D2
:20FACC00404F405CDA006E0FDA006E0DDA016E0B91000048D94430A16D00FA81DA006E03F5
:20FAEC003C013C0091000068D966504140F440C56D0004003C0100902010404FB04FF4AFE0
:20FB0C00910000F8D9FF5841F80189A588094945260A4947260A82146DFF07FF3C010090D4
:20FB2C002008DA006E0FDA006E0DDA016E0B91000048D94430116D00CB81DA006E033C0119
:20FB4C003C0082081D00B400538821F0910000F7D9FF64E010FF09F05408DF00A8005388AC
:20FB6C0021F0910000F7D9FF64E010FF538821F091000027D92264E010220920D2089A10F3
:20FB8C00ACF9538821F0910000F7D9FF64E010FF09FFD2083BC012007F0F1880538821F014
:20FBAC00910000F7D9FF64E010FF09FF5408DF1F3880538821F0910000F7D9FF64E010FFCD
:20FBCC0009FFD208BF5F2D80DA006E26DA006E24DA016E22538821F0910000F7D9FF64E097
:20FBEC0010FF09FF5408BF2F0780910000F8D9FF18B13C05910000F8D9FF20B1F4AF89A8A0
:20FC0C00040991000048D94408916D006181DA006E033C013C0002846DFFC4F93C4753881C
:20FC2C0021F0910000F7D9FF64E010FF09FF54085E3C538821F0910000F7D9FF64E010FF57
:20FC4C00DA0489FF14083C32538821F0910000F7D9FF64E010FF09FF54085E4C538821F00F
:20FC6C00910000F7D9FF64E010FFDA0289FF14083C1D538821F0910000F7D9FF64E010FF4D
:20FC8C0009FF5408DE13538821F0910000F7D9FF64E010FFC824538821F0910000F7D9FF2C
:20FCAC0064E010F5B0456DFF0DFFC218DA0A3FF84D7F00902028404C405D406E024809CFF0
:20FCCC006C089E6491000028D922C450F4A23B901AF07801910000F8D9FF8CC0F8029100BE
:20FCEC000048D94444216D00F380DA006E23DA006E21DA016E1F14DF74AF0CD178010CD2C8
:20FD0C0078020CD3780314EF78040CE178050CE278060CE378070CE478080CE578099100CD
:20FD2C000048D944E8506D00D380DA006E033C013C00BCDD54DF6E0B54D440C46D00431461
:20FD4C00F62654DF16F03B000E00FE04DA006E0FDA006E0DDA016E0B91000048D944F060B1
:20FD6C006D00B680DA006E033C013C003B00FF2F3C6C40D4028440C56DFF33F70228CE844E
:20FD8C00370848203C62538821F0910000F7D9FF64E010FFDA0289FF1408538821F0910076
:20FDAC0000F7D9FF64E010FFE82CDA006E10DA006E0EDA016E0C74A891000048D944FC7080
:20FDCC006D008680DA006E033C013C00538821F0910000F7D9FF64E010FF49F40C0A826408
:20FDEC0040E56D00DE20538821F0910000F7D9FF64E010FFDA00ACF9538821F0910000F7D5
:20FE0C00D9FF64E010FF54FF6E1E538821F0910000F7D9FF64E010FFD4FD538821F09100DF
:20FE2C0000F7D9FF64E010FFA002F4F249C6260A3B00804040C440D540E76D002D0140D4E3
:20FE4C006D00CC2D82023C0100902038404D405C3B00018009D0CA08DA103F0F1D00911001
:20FE6C000027D922D46991100047D944D469094FE808C21F892FA808911000F7D9FFD46997
:20FE8C0091100027D922D469092FDE08C21FACFF1D00FC000CDFEE0509C070089A102CDFBF
:20FEAC00CCD1DA006E2DDA006E2BDA016E2909F4CE086DFF75F6082F74AF083F7801084F24
:20FECC007802085F7803086F7804087F7805088F7806089F780708AF780808BF780908CF32
:20FEEC00780A08DF780B89A2300991000048D94430D16D00ED7FDA006E033C013C0009F910
:20FF0C00CE08082F6F0F1A00082F5E1A083FEE070840DA5E7E040CDD96102CDD3C0EB02F82
:20FF2C0091000058D9555041826440F46D002C20F6240CDD96082CDDDA083E973B8060F0CE
:20FF4C005F9F3A001D00860009CF6D08AE331D009D0040D402846D00D72EDF022800DA00E3
:20FF6C006E14DA006E12DA016E1009DFC80874AF89A8040991000048D94428F16D00A87F84
:20FF8C00DA006E033C013C00DA006E0FDA006E0DDA016E0B91000048D94460016D00987FB6
:20FFAC00DA006E033C013C003C7040D440C56D00390D3C6909CF6D08AE323C6740D40284EA
:20FFCC006D00A22EDF024100DA006E14DA006E12DA016E1009DFC80874AF89A804099100FD
:14FFEC000048D94444116D00737FDA006E033C013C00DA004A
:02000004800179
:200000006E0FDA006E0DDA016E0B91000048D94460016D00637FDA006E033C013C009110AF
:2000200000F7D9FFD46991100027D922D469092FE208C21F89FFA208911000F7D9FFD469D2
:2000400091100027D922D469092FDE08C21FACFF3C2240D440C56DFF1BF83C1B911000F711
:20006000D9FFD46991100027D922D469092FE808C21F89FFA808911000F7D9FFD4699110DC
:200080000027D922D469092FDE08C21FACFF3C0382023C0640D46D00A72C82023C010090AD
:2000A000201089A48C09405E406C407D6DFF7EF5022F3B00014040E46D00722876223C3E7E
:2000C000CCE1ACF740F4B024826440D56D006F1F49F4080A826440C56D00691FD80309FFC0
:2000E0006C089E64910000F8D9FF6C21F4AF3B2013F07801910000F8D9FF6031F8029100A5
:200100000048D94444216D00E97EDA006E10DA006E0EDA016E0CF4AE91000048D94414C1D1
:200120006D00DC7EDA006E033C013C0009A48C09CC4640E52D0F00003C1FDA006E0FDA00F3
:200140006E0DDA016E0B91000048D94438C16D00C57EDA006E033C013C00911000F7D9FFFD
:20016000D46991100027D922D469092FCA08C21FACF582E23C010090910000F7D9FF98206D
:20018000C81209228409081F534F20F0102F19FF00C03C013C01370F680C6F70EF7F370F16
:2001A00070203C010090910000F7D9FFA020C81209228409081F534F20F0102F19FF00C040
:2001C0003C013C01370F680C6F70EF7F370F70203C010090BD043100B0C4404C54CF910055
:2001E00000D7B70F0180D9DD60E0D4DF74C801C800E654EF6E04AE0342F83CF954F001F043
:2002000000267DC20580420874F840FCEE1082046DFF85F4B04E7DE20A80325802846DFF36
:200220007EF4802F1EF3DA0074CFD4DF80CF80F00B0F90F174DF00900D000002911000F7D8
:20024000D9FF0C0A91100027D9220C0A542FC21F74FF6D00B57E0D0040020080404C405D68
:20026000024F8BEF0090911000F7D9FFF0D9820840F402846DFF78D1BD02FC7F402F3C010B
:2002800091100047D944F0D991000077D977A82040F540C602F46DFFE7D8DA008F8F3F00DD
:2002A00028C016FF2CFDDA0E3C0710F210D4094072F83420C21F3F9FFAFF911000F7D9FFD8
:2002C000F0D9D4FFDA00820182100F101000530F28F010FF59F0205191100047D944F0D953
:2002E000820502946DFF1AD33C01911000F7D9FFF0D9D4FFDA00820182100F101000530FBF
:2003000028F010FF19FF2051260F6E03DA013C03DA003C016EEB911000F7D9FFF0D9D4FFF1
:20032000DA00820182100F101000530F28F010FF59F020510090200874A489A584086DFF66
:20034000FBBEDA003C0A910000F7D9FFA82010FF10A2142034F0C21FBF6FF77F09A5C40884
:2003600054A46D00EB7E3B80BB406DFFF6E40090024582346D00810200902010404C89A5BC
:200380008C0991100027D922D46991100047D944D469094FE218C21F892FA218910000F759
:2003A000D9FFB820C82D14DF160F534F2080DA147FF81580DA006E10DA006E0EDA016E0C41
:2003C00074A891000048D94474D16D00877DDA006E033C013C001D002D0209C0CA08FF406B
:2003E0001780DA006E12DA006E10DA016E0E09CFC80874AF91000048D94468E16D006E7DFB
:20040000DA006E033C013C001D001402CCC114FFCCC1081082013E163B8000103E151D008E
:20042000B9011D000302910000F7D9FFB82049FE120A910000F7D9FFB82009FF12098F0F4C
:200440000F01DAE0FE03DA006E0FDA006E0DDA016E0B91000048D94454F16D003F7DDA0093
:200460006E033C013C001D00F601910000F7D9FFB82009F41209910000F7D9FFB820D4F42E
:200480006D00A710DF021400DA006E0FDA006E0DDA016E0B91000048D94480016D001E7DC4
:2004A000DA006E033C013C001D00D501DA006E0FDA006E0DDA016E0B91000048D944AC01E2
:2004C0006D000C7DDA006E033C013C0009CFC808FF8F1480DA006E0FDA006E0DDA016E0B98
:2004E00091000048D94480116D00F87CDA006E033C013C001D009E0140C46D007609DF0243
:200500002400DA006E0FDA006E0DDA016E0B91000048D944A4116D00E17CDA006E033C01BA
:200520003C0040C46D00602A911000F7D9FFD46991100027D922D469092FE818C21F89FF36
:20054000A8181D0099018B08014040C46D002826DF02960009CFC808428F370F705009CFC3
:20056000C8087FF51480DA006E0FDA006E0DDA016E0B91000048D94460416D00AF7CDA009A
:200580006E033C013C001D0066013B0001403B0028606D008226402FBD0F1480DA006E0F73
:2005A000DA006E0DDA016E0B91000048D9445C516D00947CDA006E033C013C001D004B0145
:2005C00009FFCA088B8800007F0F1780DA006E0FDA006E0DDA016E0B91000048D94444616E
:2005E0006D007C7CDA006E033C013C0040F46D00FB291D003001C81440D502846D00D71CE8
:2006000040F402846D00862BDF021A0091000028D9226C61F4A2DAB6780191000028D92233
:20062000647189A2880991000048D94444216D00557C40F46D00D8291D000D0140F440C58A
:200640006D007A28DF021700DA006E0FDA006E0DDA016E0B91000048D94454816D003E7CA1
:20066000DA006E033C013C0040F46D00BD291D00F20040C46D00B82940FC3C1C8B08014066
:2006800040C46D00472BDF021600910000F8D9FF7C81F4AFDAC77801910000F8D9FF64712F
:2006A000F80291000048D94444216D00177C1D00D20009CD840940C402846D007125DF0225
:2006C0001300DA006E0FDA006E0DDA016E0B91000048D94460016D00017CDA006E033C013E
:2006E0003C003C56CCC154EF6CF391000027D922B820092F0E096CF4DA0034DF09DFC20824
:20070000BB70FF0F7FF0098009DFC2088B8F00F0C21FACD13C0609DFC2088B8F00F0ACD113
:20072000DAFF2CF8DA00ACF540F402846D005508A852911000F7D9FFD46991100027D92253
:20074000D469092FE018C21F89FFA018A0063BF00F408205821640C440E509A78C096D00F1
:20076000C70CDF021600DA006E13DA006E11DA016E0F02246DFF25F2F4A291000048D9446E
:2007800070916D00AB7BDA006E033C013C003C4D5E323C1C3BB000107E123C183BC00010A6
:2007A0007E123C145E423C125E523C103BD000107E123C0C3BE000107E123C083B10011021
:2007C0007E123C043B2001107E118201DF0114008201DF0111008211761E74AF89A00409E3
:2007E00091000048D94460A16D00787BDA006E033C013C00911000F7D9FFD4699110002769
:20080000D922D469092FF018C21F89FFB018911000F7D9FFD46991100027D922D469092F4A
:20082000E618C21F89FFA61840C46D00DD283C2340C46D00D928911000F7D9FFD4699110FE
:200840000027D922D469092FEA18C21F89FFAA183C1240C46D00C828911000F7D9FFD46978
:2008600091100027D922D469092FF418C21F89FFB4183C0100902018404C0B4510883B400B
:2008800002403B4002503B0028606D000625402DBD0D1480DA006E0FDA006E0DDA016E0B23
:2008A00091000048D94454B16D00187BDA006E033C013C001D00C90009D0CA08DA247FF07B
:2008C000158091000028D92254C1F4A23B8016F07801910000F8D9FF6471F80291000048E1
:2008E000D94444216D00FA7ACCC1DA006E0FDA006E0DDA016E0B91000048D94440D16D0094
:20090000ED7ADA006E033C013C00DA006E1EDA006E1CDA016E1A483F16FF74AF483F370FF3
:2009200068F47801483F370F68F87802483F370F68FC780391000048D9445CD16D00CE7AB7
:20094000DA006E033C013C00DA006E0FDA006E0DDA016E0B91000048D94468D16D00BE7AFF
:20096000DA006E033C013C00DA006E1EDA006E1CDA016E1A484F16FF74AF484F370F68F47E
:200980007801484F370F68F87802484F370F68FC780391000048D9445CD16D009F7ADA00E8
:2009A0006E033C013C00DA006E0FDA006E0DDA016E0B91000048D94470D16D008F7ADA00C6
:2009C0006E033C013C0009DE840934E889E90108DA00ACE2DA00ACE309D284094924080A6A
:2009E00009C584093BC001406D00E11A483F780449A4100A6D00580D402CBD0C2300DA00EA
:200A0000ACE109D4CA0840E46D00E70689E28208911000F7D9FFD46991100027D922D4697A
:200A2000092FE018C21F89FFA018A00549A6100A3BF00F408205821640D440C76D00580B33
:200A400040D46D00D127009002453BB000406DFF14FF0090404F089F1E2A089F5E1D09FF64
:200A6000CA086E0509FFCA087FF4078040F46D002806DA012CF90090DA006E0FDA006E0D52
:200A8000DA016E0B91000048D944B4F16D00267ADA006E033C013C00910000F7D9FFB42062
:200AA000DAE09B0F10F074FF910000F7D9FFB020DAE09B0F20F074FF00902018404C405D57
:200AC000406E91100027D922D469911000F7D9FFD46909FFFA18C21F892FBA1809CFCA088C
:200AE000FF8F248040C46D007F27911000F7D9FFD46991100027D922D469092FC028C21FFF
:200B000089FF8028DA006E0FDA006E0DDA016E0B91000048D9449C616D00E079DA006E03A1
:200B20003C013C001D004302DA006E0FDA006E0DDA016E0B91000048D944B8616D00CE7917
:200B4000DA006E033C013C00DA006E32DA006E30DA016E2E910000F7D9FFB820C82F483FB2
:200B600016FF74AF910000F7D9FFB820C82F483F370F68F47801910000F7D9FFB820C82F3D
:200B8000483F370F68F87802910000F7D9FFB820C82F483F370F68FC780391000048D944DD
:200BA0005CD16D009B79DA006E033C013C00DA006E0FDA006E0DDA016E0B91000048D944CD
:200BC00094716D008B79DA006E033C013C00DA006E32DA006E30DA016E2E910000F7D9FF12
:200BE000B820C82F484F16FF74AF910000F7D9FFB820C82F484F370F68F47801910000F7EE
:200C0000D9FFB820C82F484F370F68F87802910000F7D9FFB820C82F484F370F68FC78038B
:200C200091000048D9445CD16D005879DA006E033C013C00DA006E10DA006E0EDA016E0C8C
:200C4000F4AD91000048D94490616D004779DA006E033C013C00CCC109C4CA0840F46D004E
:200C6000BC05DF02240040C46D00BE26911000F7D9FFD46991100027D922D469092FFE185E
:200C8000C21F89FFBE18DA006E0FDA006E0DDA016E0B91000048D944A4716D001F79DA002B
:200CA0006E033C013C001D00820140D440E56D002A0389A290095804EE2340C46D0094267B
:200CC000911000F7D9FFD46991100027D922D469092FFC18C21F89FFBC18DA006E0FDA00AD
:200CE0006E0DDA016E0B91000048D94480816D00F578DA006E033C013C001D00580114F016
:200D0000DA113E06DA165F0FFC001D00240154EF91000027D922B42054205F0F568040F254
:200D2000B042BC23481FEE50DA006E11DA006E0FDA016E0D081F74AF91000048D944A481D2
:200D40006D00CC78DA006E033C013C00081FEE2191100027D922D46991100047D944D469A6
:200D6000094FC628C21F892F8628DA006E0FDA006E0DDA016E0B91000048D94480A16D0062
:200D8000AD78DA006E033C013C00DA0A2CF13C0E91100027D922D46991100047D944D469DD
:200DA000094FCA28C21F892F8A2809DDA009BCD2D4DD3C06081440D46DFF4EFED4DDBD0D2B
:200DC000FBFF1D009D0040F2B042BD028C00481FDF0F8900DA006E0FDA006E0DDA016E0B12
:200DE00091000048D944A4B16D007878DA006E033C013C00DA006E1EDA006E1CDA016E1A5A
:200E0000481F16FF74AF481F370F68F47801481F370F68F87802481F370F68FC780391000D
:200E20000048D9445CD16D005978DA006E033C013C0054EF91000027D922B4205420FE0DD5
:200E4000DA006E11DA006E0FDA016E0D081F74AF91000048D94498C16D004078DA006E0383
:200E60003C013C00481F780549A5140A40D46D004A0289A290093C13DA006E11DA006E0F79
:200E8000DA016E0D081F74AF91000048D94494D16D002478DA006E033C013C0058046E14AC
:200EA00091100027D922D46991100047D944D469094FC828C21F892F882809A490090814FD
:200EC0006DFFCAFD3C0E911000F7D9FFD46991100027D922D469092FFC18C21F89FFBC185F
:200EE0003C0E911000F7D9FFD46991100027D922D469092FC428C21F89FF84283C53DA0059
:200F00006E0FDA006E0DDA016E0B91000048D94490E16D00E377DA006E033C013C00911018
:200F200000F7D9FFD46991100027D922D469092FCC28C21F89FF8C28D804089F5E1AD80485
:200F4000DA00ACF5D804DA022CF9D804DA002CF83C29DA006E19DA006E17DA016E1514FFC9
:200F600074AFD804089F780149AF100AF80289AD8C0991000048D944B4E16D00AF77DA0083
:200F80006E033C013C00911000F7D9FFD46991100027D922D469092FC428C21F89FF842881
:200FA0003C0140C46D0020253C01009020083B4049F0ACA2DA00ACA3911000F7D9FFD46971
:200FC00091100027D922D469092FF818C21F89FFB81849AF040AF4AF821482058226824759
:200FE0006D008E083C0100902010404C405D82A254DF16F03B000E00BE06910000F8D9FFFD
:20100000D001F4AF3B901CF07801910000F8D9FF8C31F80291000048D94444216D005E7757
:2010200082A23C3654DF910000F7D9FFB42054F0FE06910000F8D9FFC811F4AF3BA01CF0A7
:201040007801910000F8D9FF8C31F80291000048D94444216D00427782A23C1A911000F76C
:20106000D9FFC069D4FF3C1109FF6D082E5DBCC654CF6E04481F54C07E0740F440D56D007A
:20108000090076223C05D4FFBD0FF0FF3C0100902010404C405F54FF16F03B000E00BE0751
:2010A000910000F8D9FFFC11F4AF3BC01EF07801910000F8D9FF8C31F80291000048D9448F
:2010C00044216D000B7782A21D001C0154FF91000027D922B4205420FE07910000F8D9FFAA
:2010E000F821F4AF3BD01EF07801910000F8D9FF8C31F80291000048D94444216D00EE765E
:2011000082A21D00FF0009CF6D086F5F1880910000F8D9FFF431F4AF3B001FF0780191005F
:2011200000F8D9FF8C31F80291000048D94444216D00D47682A21D00E50040C440F56D004A
:20114000EF00402DBD0DCC000CD96E13DA006E0FDA006E0DDA016E0B91000048D944EC4114
:201160006D00BC76DA006E033C013C001D00B300DA006E0FDA006E0DDA016E0B9100004863
:20118000D944F4516D00AA76DA006E033C013C00DA006E25DA006E23DA016E21BCF314F0A7
:2011A0003C028200BCF3081F3C02DA00BCF308213C028201BCF308323C02820274A07801B0
:2011C00089A1080989A20C0991000048D9445CD16D008476DA006E033C013C00DA006E0FEF
:2011E000DA006E0DDA016E0B91000048D94470D16D007476DA006E033C013C000CDCEE51CD
:201200004CCD6E4FDA006E0FDA006E0DDA016E0B91000048D944E0616D006076DA006E0333
:201220003C013C00DA006E25DA006E23DA016E21BCF314F03C028200BCF3081F3C02DA0092
:20124000BCF308213C028201BCF308323C02820274A0780189A1080989A20C099100004869
:20126000D9445CD16D003A76DA006E033C013C00DA006E10DA006E0EDA016E0CF4AC91000F
:201280000048D944FCB16D002976DA006E033C013C0009C2B409821440C440F52D020000E6
:2012A000911000F7D9FFD46991100027D922D469092FCE28C21F89FF8E283B60014040C454
:2012C00040D56D000301825440D46D00FA01DA012CD90CDCC21F2CDC82023C13DA006E0F5B
:2012E000DA006E0DDA016E0B91000048D944CC716D00F475DA006E033C013C0082F23C01C7
:2013000000900942A0093C064C2154507E023C06D422BD02FBFFA0023C0100902018404C52
:20132000405DCCC8F80440C440D56DFFECFFBC231D00AD0082646D005117402EBD0E510022
:201340007CD3DA003C0254DF6CE1DA00ACE5DA002CE9DA002CE8DA002CECBD0F218054DFCC
:20136000910000F7D9FFB42054F0BE04910000F8D9FF9821F4AF3BC010F07801910000F879
:20138000D9FF8C31F80291000048D94444216D00A575A00FF4EF89CEA0093C2254DF910028
:2013A00000F7D9FFB42054F03A0F6E14910000F8D9FFBC31F4AF3B2011F07801910000F82C
:2013C000D9FF8C31F80291000048D94444216D008575D804D4FFF4EF09A29009F42EDA00EA
:2013E0006E1ADA006E18DA016E16BCE6910000F8D9FFBC513C05910000F8D9FF8061F4AF70
:2014000091000048D94480516D006875DA006E033C013C00DA006E27DA006E25DA016E23AF
:20142000BCD314D03C028200BCD30CD13C02DA00BCD409D142083C028201BCD409D24308CA
:201440003C02820274A0780189A1080989A20C0991000048D9445CD16D004075DA006E0332
:201460003C013C00DA006E10DA006E0EDA016E0CF4AC91000048D94490616D002F75DA007E
:201480006E033C013C0040E23C0100902008CC48DA006E10DA006E0EDA016E0CF4A491000B
:2014A0000048D944C8C16D001975DA006E033C013C00BCF2D4FF3C06825440F46DFFCCFA80
:2014C000D4FFBD0FFBFF0090201889A49009405D024891000028D9223020542089A00C0948
:2014E0003B8003403B8000503B0028606D00D51E402CBD0C470009CE840909C0CA08FF80C6
:20150000158091000028D922D4A1F4A23B2030F07801910000F8D9FF8C31F8029100004892
:20152000D94444216D00DA74D804481F7803DA167E8840DFB04F4CD16CE1DA012CD83C0710
:20154000910000F7D9FFB0204CD16CE1DA163E8134E8DA002CE1DA00ACE13B80004040E4B9
:201560006D003B0189E2820849A50C0A40C440F609A790096DFF1CFD40C46D0035223C1E9F
:20158000DA006E0FDA006E0DDA016E0B91000048D944D0B16D00A274DA006E033C013C008D
:2015A000911000F7D9FFD46991100027D922D469092FC228C21F89FF822800902010404FFA
:2015C000DA006E10DA006E0EDA016E0CF4AF91000048D944C8816D008174DA006E033C013C
:2015E0003C0091000057D955B42040F46DFF98FEBD026400DA022C290C2CC21F2C2C48DFA3
:201600006E5ADA006E0FDA006E0DDA016E0B91000048D944F0916D006174DA006E033C01C1
:201620003C00DA006E2EDA006E2CDA016E2A91000027D922B420542F16FF74AF9100002717
:20164000D922B420542F370F68F4780191000027D922B420542F370F68F87802910000273B
:20166000D922B420542F370F68FC780391000048D9445CD16D003274DA006E033C013C00F9
:20168000DA006E10DA006E0EDA016E0CF4AF91000048D944FCB16D002174DA006E033C0177
:2016A0003C00C8D291000057D955B420821440F42D02000082023C0382F23C010090DA0291
:2016C0004BF4010289408A08094FCA08EE03DA01AC4500902010404C405F089FDF1F5F8017
:2016E000481F91000027D922B42054205F0F5700DA006E0FDA006E0DDA016E0B91000048EA
:20170000D944F8816D00EA73DA006E033C013C00DA006E1EDA006E1CDA016E1A481F16FFFC
:2017200074AF481F370F68F47801481F370F68F87802481F370F68FC780391000048D944FB
:201740005CD16D00CB73DA006E033C013C00DA006E10DA006E0EDA016E0CF4AC9100004871
:20176000D94490616D00BA73DA006E033C013C00DA022CF991100027D922D4699110004714
:20178000D944D469094FD228C21F892F92283B60014040C440F56DFF99FE0090911000F70A
:2017A000D9FFC069D4FF3C15C88C3C1009CFCA086E0C09CFCA08C2FFACC509CFCA08EE05C7
:2017C00040F440C56DFF88FFD4CCBD0CF1FFD4FFBD0FECFF00906D00CA0082FFC6F23702C1
:2017E00070203C0100908208DA00404F3C1EC81409F4CA086D00BB0042F28F021F00B702CF
:2018000010181A1009F0CA0882214B100102761C8B0800828FFF0F018F800010BB00F00F8C
:20182000260F068FA61FD4FFBD0FE3FF768A8FFF0F018F800010BB00F00F260F068FA61F92
:20184000B70F10F882F0C60F370F70203C0100905450B70010F837007008420F5460B70002
:201860001018421F37007008420F8F0F1F00B70F10F842F08F001F60B70010F842F66D00B0
:2018800004003C01009020080B451088026A820B404F3C31DA006E12DA006E10DA016E0E69
:2018A000F4AF54FF780191000048D944FCC16D001573DA006E033C013C00C81409F4CA08A2
:2018C0006D005500422A8F0A1FF0B70A10A842FA09FFCA0882204B0F0102761C8B0B00B2CA
:2018E0008FFA0FF18F8F0000BB00F0FF26FA068AA60AD4FFBD0FD0FF76BA8FFA0FF18F8FF2
:201900000000BB00F0FF26FA068AA60A02846DFF4DE9422A02946DFF49E9422A8F0A1FF0E1
:20192000B70A1008420F8F0F1F80B70F10F842F8DA006E10DA006E0EDA016E0C74A8910088
:201940000048D944F8D16D00C972DA006E033C013C00B70810F882F0C60F370F70203C01CC
:2019600000906DFF77FF3C01009082018200804F16016E098E48144237210814370170106E
:20198000B014C2F43C060942C0084220B024C2E4FF24FB7F8E4414423721081042108F0086
:2019A0001F10B700100842018F011F00B701101842106E0A8FF00FF18F8F0010BB00F0FF36
:2019C00026F00680A610370070203C0100902010DA00780349AF0C0A80FF60FF49A20C0AAF
:2019E0007D2F1500910000F8D9FFECE1F4AF3B1015F07801910000F8D9FFF0F1F8029100BF
:201A00000048D94444216D0069726D0036296D007E0E6D009F136D0081716D007F716D00A7
:201A20007D716DFF2BF86D00856500902018404C405D821891100027D922D469911000475F
:201A4000D944D4690940CA18C21089208A1809CE840914E086C0DF403500DA006E12DA00BE
:201A60006E10DA016E0E14EF86CF74AF91000048D94410D26D003272DA006E033C013C0069
:201A800040C46D00B11F911000F7D9FFD46991100027D922D469092FDC18C21F89FF9C180F
:201AA000911000F7D9FFD46991100027D922D469092FCE18C21F89FF8E1882021D00AB02FE
:201AC00014EF160F534F209009E4C2086DFF6EE8022A09C0C8087F0A068040C402A46D0028
:201AE000802009CFCA083F9F098009CFC8083FAF0580DA147FF96680DA147FF91380DA00FB
:201B00006E10DA006E0EDA016E0C74A991000048D94400E26D00E271DA006E033C013C0023
:201B200009CFCA087F9F1680DA006E13DA006E11DA016E0F74A909CFCA0878019100004822
:201B4000D94404F26D00CA71DA006E033C013C0009CFC8087FAF1680DA006E13DA006E11E6
:201B6000DA016E0F74AA09CFC808780191000048D94450026D00B271DA006E033C013C0032
:201B800040C46D00311F911000F7D9FFD46991100027D922D469092FD218C21F89FF9218A2
:201BA000911000F7D9FFD46991100027D922D469092FCE18C21F89FF8E1882021D002B027D
:201BC00040E402946DFF09FEDF023700DA006E14DA006E12DA016E1040E402946DFFFDFD91
:201BE00074A291000048D9441C026D007771DA006E033C013C0040C46D00F61E911000F785
:201C0000D9FFD46991100027D922D469092FD018C21F89FF9018911000F7D9FFD469911030
:201C20000027D922D469092FCE18C21F89FF8E1882021D00F00191000027D922B8204CE4CB
:201C4000892F1209910000F7D9FFB8204CE389FF0E09910000F7D9FFB82009FF12098F0FB2
:201C60000F01DAE05F0F318009DF6D086F5F2A00910000F7D9FFB82049F5120A40D46DFF14
:201C800042FBBD021F003B000E009B001000910000F7D9FFB82009FF1209FE00910000F754
:201CA000D9FFB82049FF0E0ABCF8910000F7D9FFB82009FF0E09EE02820889AD94093C037D
:201CC000A00FF8053C2840D46D00A601762489AD94093C21A00FF805910000F7D9FFB8201E
:201CE00009FF12098FFF0F01DA7FBE05911000F7D9FFC069D4FFF8053C0C7DDF03803C0734
:201D000009A494096D00880176223C05D4FFF805BD0FF5FFDF083A00910000F7D9FFB820C1
:201D200009F40E0940D46D005404F62C910000F7D9FFB82009FF0E0916F03B000E005F0F80
:201D40002580DA006E0FDA006E0DDA016E0B91000048D94408126D00C170DA006E033C01A8
:201D60003C0040C46D00401E911000F7D9FFD46991100027D922D469092FCE18C21F89FF24
:201D80008E1882021D004701D805BD0F2580DA006E0FDA006E0DDA016E0B91000048D94470
:201DA00030126D009B70DA006E033C013C00911000F7D9FFD46991100027D922D469092FC0
:201DC000CE18C21F89FF8E1840C46D000D1E82021D00210109EFC608BBF0F30F260F6E3B5E
:201DE000DA006E2FDA006E2DDA016E2B09E4C4086DFFDCE6022809E4C2086DFFD7E6022A66
:201E000009E4C6086DFFD2E6B70293F6538F200074A809CFC808780189AA080909EFC60858
:201E20001620BA0FBA0F780389A0100991000048D94410226D005270DA006E033C013C0002
:201E400040C46D001505402C7CC482021D00E30009CE8409DA006E0FDA006E0DDA016E0B63
:201E600091000048D9442C326D003870DA006E033C013C00DA006E15DA006E13DA016E1123
:201E800009CFCA0874AF09CFC808780191000048D9443C326D002270DA006E033C013C002D
:201EA000910000F7D9FFB82009A29409F4F2910000F7D9FFB820E81D910000F7D9FFB82047
:201EC000E82E910000F7D9FFB82014EF160F534F20F0ACF640C402946D001C1F0CE982106F
:201EE000BE038220BE0682603E0A3B1001003E023C1B40C440D56D005C653C6440C440D5AE
:201F00006D00CA383C5F40C440D56DFF38F23C5A910000F7D9FFB82049F6120A40C440D5C6
:201F20006DFFCDF53C4F910000F7D9FFB82009F4120909A494096D004C03DF02148091008C
:201F400000F7D9FFB82009FF120916F03B000E003E0940C402946D001E1E822440C46DFFC8
:201F600009F2DA006E11DA006E0FDA016E0D0CE974AF91000048D94420426D00AF6FDA008B
:201F80006E033C013C00911000F7D9FFD46991100027D922D469092FD818C21F89FF981869
:201FA000911000F7D9FFD46991100027D922D469092FCE18C21F89FF8E1840C46D00141DA5
:201FC0003C01910000F7D9FFB820A002F4F2910000F7D9FFB820A002E812910000F7D9FFD0
:201FE000B820A002E822910000F7D9FFB820DA00ACF6910000F7D9FFB820DA0089FF0E09F8
:20200000910000F7D9FFB820DA0089FF120982023C0100902018404FDA006E32DA006E3001
:20202000DA016E2E91000027D922B820092F120974AF481F780191000027D922B820092094
:202040001209482F26F089A00809481F4820260F780391000027D922B82009201209482FD9
:2020600082F1C61F26F089A0100991000048D9441CB26D00336FDA006E033C013C0009FF11
:202080006D082E03DA013C02DA006E2E481F6E2C91000027D922B82009201209481F3E0C8A
:2020A00091000027D922B8200924120940F46D009002DF021A00DA006E15DA006E13DA018C
:2020C0006E1109FF2E0874AF09FF2F08780191000048D94420C26D00016FDA006E033C012B
:2020E0003C0082123C0382023C0100902008DA0074AF82076D0004003C0100902008D80292
:20210000BC66BC53545FEE034075B045F4AF6D0004003C0100902018404C89A59009406D27
:202120000B451088026A407E027B820C0CCE9E1491000028D9220452F4A23B4035F078013D
:20214000910000F8D9FF1052F80291000048D94444216D00C36EBD0D29013B4001D0DF0B9F
:202160006F00DA287FBF2200DA006E0FDA006E0DDA016E0B91000048D94400626D00AE6EAD
:20218000DA006E033C013C00911000F7D9FFD46991100027D922D469092FDC18C21F89FF39
:2021A0009C1882A21D0077019A3BB70F02E042ED40C402E46D00F417DF022200DA006E0F4A
:2021C000DA006E0DDA016E0B91000048D94424626D00846EDA006E033C013C00911000F71F
:2021E000D9FFD46991100027D922D469092FDC18C21F89FF9C1882E21D004D0109C4840958
:2022000009A5980902B46D00D20E7FEB0A80CCC101FB004682040BBE80506D000310820088
:202220003C09532020F0CCC110FF09FFC00842FCC210DA024BFE01223F20F57F3B40014083
:2022400040C46D00AD17DF022200DA006E0FDA006E0DDA016E0B91000048D94420726D0051
:202260003D6EDA006E033C013C00911000F7D9FFD46991100027D922D469092FDC18C21F35
:2022800089FF9C1882E21D000601CCC109C0CA08DA147FF0168091000028D9221482F4A27F
:2022A0003B8038F0780191000028D922105289A2880991000048D94444216D000F6E2888FB
:2022C000289A8F8820F0A6AF16FF8F8F20F08F882000A60ABB00F00F260A868AA6AF42FC09
:2022E00054DF6CF4484FB70F10F842FC484F8F0F1FF042FCDA044BFD01028F0044F134FF06
:20230000281914FF8F8F20F0A69F16FF8F8F20F014F08F802000A609BB00F00F26098689D9
:20232000A69F42FC09C4C8086DFF40E4A81209FFC20842FCDA00ACF391000027D922943033
:202340000924C0086DFF32E4A82209FFC40842FC91000027D922943091000047D9449430FA
:20236000094FC008C21FB42F09A290097C2891000028D9223020542F6CF33C03542F6CF38A
:20238000483FB70F10F842FC483F8F0F1FF042FC8F0C1FF0B70C1008420F8F0F1F0042F073
:2023A00082FFC6F0A8503C2A09C0CA08DA147FF02180DA006E0FDA006E0DDA016E0B91005E
:2023C0000048D94404926D00896DDA006E033C013C00911000F7D9FFD46991100027D9226B
:2023E000D469092FDC18C21F89FF9C1882E23C52CCC1484F780349AD0C0A911000F7D9FF4A
:20240000D46991100027D922D469092FC818C21F89FF8818DA006E18DA006E16DA016E1443
:2024200009EF2E0874AF09EF2F08780109EF7008780291000048D94438926D004F6DDA00F6
:202440006E033C013C0009EFE4086E0D09CFC80809E0E4087FF0088040C440E540D66D0013
:20246000DE003C18DA006E0FDA006E0DDA016E0B91000048D94410A26D00306DDA006E032D
:202480003C013C00CCE540E440C540D62D0F00003C0100902008DA0074AF82076DFF3DFE75
:2024A0003C0100902010544F16F03B000E007E0E910000F7D9FF903054FF6E08910000F730
:2024C000D9FF9030D4F21D008300911000F7D9FFC069D4F23C22092F6D082E03DA013C024A
:2024E000DA006E1A092F6D082E23DA013C02DA006E134C216E1154404C2226F04C2109216D
:202500000809261F7E023C63092F6D08AE1554404C237E023C5CD422BD02DFFF911000F790
:20252000D9FFFC5954FF6E26911000F7D9FFFC59D4FF09FF6D082E03DA013C02DA006E1AC6
:20254000911000F7D9FFFC59D4FF09FF6D082E23DA013C02DA006E0E911000F7D9FFFC59E1
:20256000D4FF481F6E07544F16FF3BF007005F0F2980DA006E17DA006E15DA016E13144F30
:2025800074AF0C4178010C4278020C43780391000048D94438A26D00A16CDA006E033C01EE
:2025A0003C00911000F7D9FFD46991100027D922D469092FD618C21F89FF9618A0023C0710
:2025C000911000F7D9FFFC59D4F23C01009082FFC64F6E02F64382123C20094F6D08AE13E6
:2025E00082023C1B4C417E4382023C174C420FF480004C4109410809261F7E0D4C4282F012
:20260000C60F26F44C4282F0C60F82F0260F7E4382123C0382023C0100902020404C89A570
:20262000940989A69C098208D80509F0E4088BC01E00DA084BF00102370070903B4001A001
:20264000CCC1F80614FF160F534F2000DA143E0482A21D000C0109C0CA08DA147FF01880E7
:20266000910000F8D9FF78B2F4AF3BC02FF07801910000F8D9FF70D2F80291000048D94406
:2026800044216D002B6C82A21D00F10009F4C6086DFF8CE2B70293C63B0000B2262B09CFD2
:2026A000C8088BCF1EF0370F70D01D00DA00538920F0370F70F07FFD048002DE3C055389D6
:2026C00020F0370F70E03B0001403B4001503B0028606D00E215402D7CD31D00C60009D06D
:2026E000CA08DA147FF0158091000028D92254C2F4A23B4032F07801910000F8D9FF70D2FD
:20270000F80291000048D94444216D00E76B09D484093B40014009A598096D00480CCCD1D2
:20272000F80402EF3C5909C0CA08A2A03700708009C0CA087FA01680910000F8D9FF74C22C
:20274000F4AF3BD0320089A00409910000F8D9FF70D2F80291000048D94444216D00BE6BD5
:202760007F8F048002F83C01F684820AD4CC3C346D009C02402E7CE540D46D0035193C7421
:2027800082043B10046009C28409012A0056028540E402876D00E51689A28C097C2840E407
:2027A0006D00890240D46D001F193C5E40C46D00951A89EC9409911000F8D9FF3AA3ECE47E
:2027C00040D409A58C096D001017A28F370F70F06E03820AD4CCEEA8428A370A70A0D8050A
:2027E00009FFE4088BCF1EF00BDF40F1B70C93466E0276B3B71C93466DFFD8E1D804A832A6
:202800008B4E01F0370F70406DFFD0E109A4900989428208DA00AC453B4001406DFFDDF779
:20282000A85209A49409CC4540D509A69C092D0F0000911000F7D9FFD46991100027D9222E
:20284000D469092FF008C21F89FFB00840D46D00CB18A2ED370D70D0429C370C70C0DF0D36
:2028600028FF82023C0382F23C0100902010404C91100027D922D46991100047D944D4692F
:20288000094FF208C21F892FB208CCC114FF160F534F2000DA145F0F2100DA006E0FDA005E
:2028A0006E0DDA016E0B91000048D94470526D00156BDA006E033C013C0091100027D9221D
:2028C000D469911000F7D9FFD46909FFC418C21F892F84181D00C70109F4C6086DFF66E192
:2028E000B70293F6538F208009F4C2086DFF5EE114FF160F534F20007F0204801D00B301D2
:20290000A2023702709040C46D00E516022A91000027D92298300920C00842A0DA0A7F0F82
:202920003B0040F402A46D005004762B91000027D92298300920C00842A0DA0A7F0F2C0034
:20294000DA006E1ADA006E18DA016E16910000F7D9FF983009FFC00874AF89AA0409DA0A17
:20296000780291000048D94460626D00B76ADA006E033C013C00911000F7D9FFD469911085
:202980000027D922D469092FFC08C21F89FFBC081D00690191000027D9229C30D42D3C36F6
:2029A00009D01409483F7E0C09D01809484F7E0809D0CC0809FFC4087E03DA013C02DA0004
:2029C0006E24DA006E14DA006E12DA016E1009F4C4086DFFEBE074A291000048D9445C727C
:2029E0006D007C6ADA006E033C013C0091100027D922D46991100047D944D469094FC61848
:202A0000C21F892F86183C04D4DDBD0DCBFF7CDA40F402A46D00CF02402D7CD31D0023018F
:202A20003C1609F4C6086DFFC1E0B70293F6EE0F09D4CE086DFFBAE0B70293F66E0849D49F
:202A4000080A3B40014040F56D00B10A09FFC60816208B0F00B276BC1A98370F70003F809A
:202A60000680BBB0FE1F7F0104001D00C70040D440C502B46D003B01022CDFFC04801D00BE
:202A8000BD00910000F7D9FF983091000027D92298300920C008420AB4FADF0B1E00429809
:202AA000370870F0ACDE09DF5E08960189DF1E08DA006E12DA006E10DA016E0E09DFDC08A5
:202AC00074AF91000048D9444C826D00076ADA006E033C013C00DF1C788009DFDC088B4FD4
:202AE00001F0370F70F0CCD1C81FD4FCCCD1C81F49D5080A3B40014040F46D00580A02F482
:202B00006DFF54E0A812DA00ACF3DA00ACF53B40014040F46DFF61F6A85209DE84093C0CFE
:202B2000CCC13B40014040C46D00F41840E440C56D005B15D4FCBD0CF5FF910000F7D9FFDC
:202B40009C30D4FF7DFD0480A0053C0E910000F7D9FF9C30D4F53C06D45F7DDF03803C0460
:202B6000D455BD05FBFF40D46D00F80140E46D00B2150228910000F7D9FF983009FFC0087C
:202B80007F8F1580910000F8D9FF7C82F4AF3BB029F07801910000F8D9FF70D2F8029100E5
:202BA0000048D94444216D009969910000F7D9FF983091000027D9229830092FC008A28F08
:202BC000B4FF40E23C71DA006E16DA006E14DA016E12910000F7D9FF983009FFC00874AF43
:202BE00091000048D94458926D007869DA006E033C013C00A0023C58BD0D1580910000F8C5
:202C0000D9FF7492F4AF3B802AF07801910000F8D9FF70D2F80291000048D94444216D0080
:202C20005D694CD1EE1F910000F7D9FF9C30D4FF7DFD1500910000F8D9FF40A2F4AF3BB045
:202C40002AF07801910000F8D9FF70D2F80291000048D94444216D004169A00540D46D00AC
:202C60007D01DA006E0FDA006E0DDA016E0B91000048D94460A26D003169DA006E033C014F
:202C80003C00911000F7D9FFD46991100027D922D469092FF608C21F89FFB60840C46D007D
:202CA000A316A0023C01009082546D00970A3C0100902010404CBD0C1580910000F8D9FFC0
:202CC00078A2F4AF3B402CF07801910000F8D9FF70D2F80291000048D94444216D00FE685C
:202CE000825440C46D00110A00902010404D405E0249A00F821A09EC840909C4C2086DFF6C
:202D000055DF14CF160F534F20007F02058082F21D002301A2023702708009C4C6086DFF26
:202D200045DFB7029306538020003C14910000F8D9FF7822F4AF3BF016F07801910000F809
:202D4000D9FF70D2F80291000048D94444216D00C56809EC8409A002F4C289C084081A8021
:202D6000ACC309CFC6087F0F058082F21D00F50009D284093C490924840909CFC408094011
:202D8000C4087F0F2880F4C2BD0F190009CFC40809F0C6083F0F088009CFC6080940C4089A
:202DA0007FF0058082F21D00D800F4FE09F0C60809CFC4083E02820A3C0C09CFC608094056
:202DC000C4087FF0058082F21D00C70089DE84093C1D09C0C408094FC4087E0482F21D00C2
:202DE000BC0009CFC4080940C6087F0F058082F21D00B300BCF709F0C608094FC4083E0227
:202E0000820AD442404FBD02B8FFBD023D80BD0F240009FFC60809C0C4087FF0168091009E
:202E20000028D9226432F4A23B601BF0780191000028D92270D289A2880991000048D9447C
:202E400044216D004B68F4FE09F0C60809CFC4083E02820A3C184CD16E14910000F8D9FF70
:202E60004442F4AF3BE01BF07801910000F8D9FF70D2F80291000048D94444216D002E688F
:202E800089DE8409F69509DF5E086F0F6400DF0A5D004CD16E06CCD1C81F09FFC4086E03E3
:202EA000820A3C5340C2D4CF3C0BC81C0920C60809CFC4083E03820A3C0540C2D4CFBD0F0D
:202EC000F6FFDF0A43004CD1EE14910000F8D9FF7C42F4AF3BF01DF07801910000F8D9FFDE
:202EE00070D2F80291000048D94444216D00F667CCD1C81F7DCF1580910000F8D9FF7C42ED
:202F0000F4AF3B001EF07801910000F8D9FF70D2F80291000048D94444216D00DF6754CF7E
:202F20006E14910000F8D9FF4C52F4AF3B201EF07801910000F8D9FF70D2F8029100004815
:202F4000D94444216D00CA6776A382123C0282023C0382023C0100902010404C405D910068
:202F600000F7D9FF9C30D4FF7DCF0980910000F7D9FF9C30D4C2F4F23C18BD0D1580910022
:202F800000F8D9FF5C22F4AF3B5014F07801910000F8D9FF70D2F80291000048D944442140
:202FA0006D009C67D4CFF4DF824440C46D00AD080090404C024F82446D001009402DBD0D4F
:202FC0002D8040C402F46D0000013FF2060082446D000409402DBD0D2180911000F7D9FF1D
:202FE000D46991100027D922D469092FFC08C21F89FFBC08DA006E0FDA006E0DDA016E0B2B
:2030000091000048D94478126D006867DA006E033C013C00A0023C1E82043B00025040D40D
:203020006D000009DA0F89DF1F08910000F7D9FF9C30D4FFF4DF910000F7D9FF9C30F4FDB3
:2030400049D4080A3B40014040C56D00B00740D23C0100902010404C405D82097DCD1480BB
:2030600091000028D92264D2F4A2DAAB7801910000F8D9FF70D2F80291000048D9444421DA
:203080006D002C67BD0D1700D4DF7DCF1400910000F8D9FF64E2F4AFDAAD7801910000F869
:2030A000D9FF70D2F80291000048D94444216D001567CCC1C812092FC408EE3009CE8409CB
:2030C000D42FECC109E4840949C5080A3B4001406D006D07821440E46DFFB8EC40E46D00AE
:2030E000FA1202281A89BBF0FF0F7FF01400910000F8D9FF78E2F4AFDABC7801910000F8C5
:20310000D9FF70D2F80291000048D94444216D00E566428940E46D006714CCC13C26C812E8
:2031200040FED42F40E46D00D61202281A89BBF0FF0F7FF0150091000028D92278E2F4A227
:20314000DACC780191000028D92270D289A2880991000048D94444216D00C06642893709A5
:20316000709040E46D004014BD0FDBFF40C440D56DFFF4FE910000F7D9FF983009FFC00855
:203180007F9F1480910000F8D9FF5412F4AFDAD27801910000F8D9FF70D2F8029100004878
:2031A000D94444216D009A66910000F7D9FF983091000027D9229830092FC008A29FB4FF89
:2031C00002923C010090404C02488209A004A002A005820A910000F7D9FF9C30D4FF3C2358
:2031E000485F09C00C097E0A486F09C010097E0609FFCC0809C0C4083E03DA013C02DA0000
:203200006E0EC21A7C4440F440253C0909FF5F0809405F083FF0048040F4402554FF6E028A
:2032200040F2D4FFBD0FDEFFBC446DFF15FF42297F890400FF2ACC7F02923C0100902008EC
:20324000A00F91000027D9229C30D42C3C3409CF5F086E1C09CF5F08C2FF89CF1F08DA00AE
:203260006E12DA006E10DA016E0E09CF5F0874AF91000048D9445CB26D003066DA006E036B
:203280003C013C0040CFD4CC3C16DA006E0FDA006E0DDA016E0B91000048D94444D26D003B
:2032A0001D66DA006E033C013C0040C4D4CC40F56DFFD2FEBD0CCDFF00902010404CBD0C08
:2032C000158091000028D92244B2F4A23BE02CF07801910000F8D9FF70D2F80291000048F3
:2032E000D94444216D00FA657DCC150091000028D92250B2F4A23BF02CF07801910000F88D
:20330000D9FF70D2F80291000048D94444216D00E5654CC56E0509C494096D00651340C4B0
:203320006DFFC9FC0090A0041D00080091100048D94426C31DFF10DC404591000047D94492
:20334000A0301D001B00910000F7D9FF103054FFEE05DA0174FF1D00030000906DFFE8FF2E
:20336000910000F8D9FF302054FF6E06C4F22D02000054FFEEFC00902008404CF4A53C1684
:20338000D4A2D4DFBC26C8347D24040040FD3C0FD4F2F4D2D4CEC822C8142D02000040F4A2
:2033A0006DFF1AE7D4CF7DEF030040CD54DFEEE90090C234B70402F06E659249DF0963004B
:2033C000910000F7D9FF60E054FFEE1582046DFFA6DB802F325F160392446DFFA0DB8020CE
:2033E000DFF051001022F4F291000047B5425CE082007420D4FC820A3C0310CCB0FC54CF2E
:203400006E036F0FFCFFF4FC3C1DB70801F010CF6F08188054FFEE1182046DFF80DB49F4FF
:20342000040A7D420F80325802846DFF78DB802F1EF874CA82083C0CAE0442F874C840CF55
:2034400040FC54C876856F08E2FF3F98E0FFDF082680BF19180002946DFF61DB802F9EF211
:2034600049CF040A01F220F4EE0D012F30F4EE12802F325F1603102F92446DFF50DB802F1C
:203480005EF3A002009001CF2020802F960174CF40FC01C900F674FA3C0A9A493FF80780BF
:2034A00001C900F6A29874F83C0202898F1940F174CF49C2040A00902010404CBD0C1480FF
:2034C000DA006E0FDA006E0DDA016E0B91000048D94474F26D000265DA006E033C013C00F8
:2034E0001D00140180CF16036E33910000F8D9FF9802F4AF3B3027F07801910000F8D9FF97
:203500009CA2F80291000048D94444216D00E664DA006E0FDA006E0DDA016E0B9100004888
:20352000D944BC026D00DA64DA006E033C013C00911000F7D9FFD46991100027D922D46994
:20354000092FD038C21F89FF90381D00DF0040CDB08D80DF910000F7D9FFA83054F03F0F8B
:203560000C8049CF0C0A80FF910000F7D9FFAC3054F07FF03480910000F8D9FFA012F4AFB9
:203580003BF027F07801910000F8D9FF9CA2F80291000048D94444216D00A064DA006E0FB4
:2035A000DA006E0DDA016E0B91000048D944BC126D009464DA006E033C013C00911000F7DD
:2035C000D9FFD46991100027D922D469092FD038C21F89FF90381D00990009CF7CF8EE3243
:2035E000910000F8D9FF9822F4AF3BC028F07801910000F8D9FF9CA2F80291000048D944F2
:2036000044216D006B64DA006E0FDA006E0DDA016E0B91000048D94480326D005F64DA0057
:203620006E033C013C00911000F7D9FFD46991100027D922D469092FD038C21F89FF903882
:203640003C6440D46D00DA00DF023380910000F8D9FFA832F4AF3B5029F07801910000F857
:20366000D9FF9CA2F80291000048D94444216D003564DA006E0FDA006E0DDA016E0B910048
:203680000048D9449C426D002964DA006E033C013C00911000F7D9FFD46991100027D922B9
:2036A000D469092FD038C21F89FF90383C2EDA0089CF3CF880DF910000F7D9FFA43054F0B5
:2036C0007F0F0780910000F7D9FFA430F4FD911000F7D9FFD46991100027D922D469092FCB
:2036E000CC3809C0F8F891000027D922A830D422012D2020802137017010A210A20F89FFDA
:203700008C3840D46D008203009020103C14910000F8D9FFACC2F4AF3B8020F07801910088
:2037200000F8D9FF9CA2F80291000048D94444216D00D463910000F7D9FFA8309100002792
:20374000D922B030802FC24FC2FFB70F02F074FF910000F7D9FFA830D4FF3B0040F6B4FFB3
:20376000DA00ACF1DA002CF4910000F7D9FFAC303B0040466D000504F4F2910000F7D9FF1F
:20378000AC30D4FFDA012CF4910000F7D9FFAC30D4FF3B0040F6B4FF910000F7D9FFAC3010
:2037A000D4FF3B0040F6ACF1910000F7D9FFA43091000027D922A830D422F4F2911000F7F5
:2037C000D9FFD4693B0040F689FF8A38DA006E14910000F8D9FF58F2F4AF3BF021F07801BA
:2037E000910000F8D9FF9CA2F80291000048D94444216D0073630090404F40F46D00B6011B
:20380000022809F4C0086D00BC03402C09F4C2086D00B70309FFC0083B0040063FF018801B
:2038200009FFC2083B0040063FF0128009FFC2083E84092FC0087E8B910000F7D9FFAC309B
:20384000D4FF7DFC070009CFC2083E8382023C0382123C0100902010F644A0021D008501DF
:203860009A44C2FFB70F02F0370F7080FFC804803BC000803B0040063F8004807F480580E5
:20388000A0021D007201910000F7D9FFA430D4F46D006C0102291D00430102946D0071031D
:2038A000402C0CC4DF0F378109C0C0088B890010A2103F80308109C0C0088B890010A210E8
:2038C0008B8800F08BCF00F03FF05F808B8900F0428F370F70A03B0040F6FEA49100002896
:2038E000D922A462F4A23B7038F07801910000F8D9FF9CA2F80291000048D94444216D0084
:20390000ED6202A46D003D03DA002C2409C0C008B42089298208B4CADA012CC40920C00800
:203920003B0040F63E070924C0086D002A03B022B42A91100027D922D469911000F7D9FF22
:20394000D46909FFCC388B880000420F892F8C38911000F7D9FFD46909FFCE38911000F7EB
:20396000D9FFD46909F0CC387F0F0E80911000F7D9FFD46991100027D922D469092FCC3830
:2039800089FF8E383C30DA012CC4911000F7D9FFD46991100027D922D469092FCC3809C0F0
:2039A000C008420F40C46D00E100A22F89FF8C38911000F7D9FFD46909FFCE38911000F72C
:2039C000D9FFD46909F0CC387F0F0E80911000F7D9FFD46991100027D922D469092FCC38D0
:2039E00089FF8E38910000F7D9FFA430D4FF7DFC4080910000F7D9FFA430D4F23C050924D1
:203A0000C0086D00BE020C246E08910000F7D9FFAC30D4FF7DF2F5FF910000F7D9FFA43065
:203A2000F4F2910000F7D9FFA430D4FF91000027D922AC30D4227D2F1C00910000F7D9FFEC
:203A4000A430D4FF084F6E14910000F8D9FFB862F4AF3B503BF07801910000F8D9FF9CA2FA
:203A6000F80291000048D94444216D00376280CF8B8F00F042F8910000F7D9FFAC3054FFC9
:203A80007F8F1580910000F8D9FF9472F4AF3B903BF07801910000F8D9FF9CA2F8029100E0
:203AA0000048D94444216D00196280CF8B8F00F082404B0F1102DF011500910000F8D9FF76
:203AC0008482F4AF3BB03BF07801910000F8D9FF9CA2F80291000048D94444216D00FE61EE
:203AE00080CF16036E14910000F8D9FFB482F4AF3BD03BF07801910000F8D9FF9CA2F8025A
:203B000091000048D94444216D00E86149C2080A3C2B02946D0035020929C0083B0040F66B
:203B2000A28F3FF9BCFE911000F7D9FFD46991100027D922D469092FC838C21F89FF883854
:203B4000DA006E10DA006E0EDA016E0C74A891000048D94498926D00C161DA006E033C010F
:203B60003C00A0023C010090910000F7D9FFA830D4FF01F420F080FF370F70203C01009068
:203B80002010404C9A44C2FFB70F02F0370F7080FFC804803BC000803B0040063F80048052
:203BA0007F480580A0021D00300180C0910000F7D9FFA83054F13F100A8080C0910000F76B
:203BC000D9FFAC3054F13F101580910000F8D9FF9052F4AF3B102DF07801910000F8D9FFE0
:203BE0009CA2F80291000048D94444216D00766180C0910000F7D9FFA83054FF3FF00A806A
:203C000080CF910000F7D9FFAC3054F03F0F2280DA006E0FDA006E0DDA016E0B910000480C
:203C2000D944A8526D005A61DA006E033C013C00911000F7D9FFD46991100027D922D469D4
:203C4000092FD038C21F89FF903840C21D00DD0040CDB08D40D46DFF89FF022909C0F8F8C1
:203C6000A29037007000C280370070A07F8A1580910000F8D9FF8462F4AF3B402EF0780148
:203C8000910000F8D9FF9CA2F80291000048D94444216D0023617F8A0580A0021D00B5003D
:203CA0005FA8058040C21D00B00009C4F8F86D006801402E0CE4EE5209C0F8F83B0040F64E
:203CC000FE0491000028D922A462F4A23B502FF07801910000F8D9FF9CA2F80291000048FD
:203CE000D94444216D00FA6009EBC0088B8900F0428F370F70C0910000F7D9FFA430D4FF6D
:203D00007DEF0A80910000F7D9FFA43002C46D003801F4F202C46D003401DA002C24B42BB6
:203D200089298208B4DC0920C0083B0040F63E070924C0086D002501B022B42C911000F73E
:203D4000D9FFD46991100027D922D469092FCC38A28AA2AF89FF8C383C558B8800F08BCF5B
:203D600000F03FFA50808B8900F0428F370F70B009C0F8F83B0040F6FE04910000F8D9FF82
:203D8000A462F4AF3B6031F07801910000F8D9FF9CA2F80291000048D94444216D009E60E6
:203DA00002B46D00EE00802F910000F7D9FFA43054F07F0F0780910000F7D9FFA430F4F29C
:203DC000DA002C2409CFF8F8B42F89298208B4DB0920C0083B0040F63E070924C0086D003A
:203DE000D000B022B42B911000F7D9FFD46991100027D922D469092FCC38A28AA2AF89FF54
:203E00008C3840C23C0100902010404C80CF91000027D922A83054207F0F15809100002829
:203E2000D92284A2F4A23BF01DF07801910000F8D9FF9CA2F80291000048D94444216D00B9
:203E40004D6080CF910000F7D9FFAC3054F03F0F1580910000F8D9FF88B2F4AF3B001EF07C
:203E60007801910000F8D9FF9CA2F80291000048D94444216D0032600CC46E14910000F8FB
:203E8000D9FFA4B2F4AF3B101EF07801910000F8D9FF9CA2F80291000048D94444216D001E
:203EA0001D6009CFC0083B0040067FF01580910000F8D9FF80C2F4AF3B401EF07801910087
:203EC00000F8D9FF9CA2F80291000048D94444216D00046009C4C0086D0053007D2C290087
:203EE0000C24EE26910000F7D9FFAC30D4FF7DF22000910000F7D9FFA430D4FF7D2F0780A6
:203F0000910000F7D9FFA430F4FC092FC008B4CF092FC0083B0040063E0B0924C0086D00CE
:203F20003000B022402F40C46DFF20FEB4F209C4C2086D002600402F7DCF2200084FEE1F71
:203F400091000027D922A430D4227DC2078091000027D922A430F42F09CFC008B4FF09CF49
:203F6000C0083B0040063E0B09C4C0086D000900B022402C40F46DFFF9FDB4C20090910039
:203F800000F7D9FFA830D4FF01F400263C0100903C09144F1450C2F43E0352020090B01414
:203FA000B015DF04F8FF82020090DF043000404FBF842780804F8F3F000180518F31001182
:203FC0005F101F802E06C2F4045F344F494F010A80FF2E16045F24FFC2E4045F24FF8F74E8
:203FE00000018FD41FF06E0B02F14052C2F160160922480189F24801FC6CD05502047646A0
:20400000C2F46042045F24FFFC2E404200902010404F405C80CF82404B0F1102DF011600B7
:2040200091000028D9229CF2F4A23BC016F0780191000028D922A8D289A28809910000486B
:20404000D94444216D004A5FC812C814094FC808C2FFAC24C842D422F4C2C84FF4FC00900C
:204060002010404FC842D42CBD0C3400C842D4C4F42480CF82404B0F1102DF0116009100BB
:204080000028D92284D2F4A23B8011F0780191000028D922A8D289A2880991000048D944FC
:2040A00044216D001B5FC812C814094FC808C21FAC24C812092FC808C8120920CA087FF0FF
:2040C0000780C812C81F09FFC808AC2540C23C1BC812C814094FC408C21FAC22DA006E11B4
:2040E000DA006E0FDA016E0DD4FFF4AF91000048D94494E26D00F25EDA006E033C013C00B0
:20410000A0023C01009020104045BFA41680910000F8D9FFBCF2F4AF3BA01AF078019100E1
:2041200000F8D9FFA8D2F80291000048D94444216D00D45E3C0D7C523C0B534420F09100AB
:2041400000F8D9FFD80210FFD4F46DFF62FF009082083C1E534820F0910000F8D9FFD802B7
:2041600010FFD4F46D001800534820F0911000F7D9FFD46910F2534820F0910000F8D9FF7D
:20418000D80210FFD4FFC81F892F9439C218BFA8E3FF0090CC44A002F4F24C43C24FC2FF4B
:2041A000B70F02F060FF82003C0C09429009D422F4F209429009F42F094FC80810FFC2104E
:2041C000094FCA083FF0F37FCC41094FCA08ACF3CC41D442F4F200902010BFA417809100EA
:2041E00000F8D9FFBCE2F4AF3B7015F07801910000F8D9FFA8D2F80291000048D944442155
:204200006D006C5EA0023C0C534420F0910000F8D9FFD80210FFD4F46DFF24FF3C01009068
:20422000404FBF852380804F2E05C2F53444494F010A80FF2E1424F4C2E524F48F7500F1A7
:2042400006D5DF051200D200764A370468008F802010A6108F002110A6100201C2F5605281
:2042600089F04801FC2E02F57655C2F5605224F4FC2F40420090024F370FE81B8F1F1E006C
:20428000DAFF7E17024F7444B70F89FB6E123C0B8FF00150DA7F7FF10900DA00B70F81FFD4
:2042A000A65F744F02420090DA963FF10A007444DA00B70F81FF8FF00120A6F20090B7045D
:2042C000890B8F71012082F38B6109110F1300302630B700890BA652A60274426B0231F4D3
:2042E000B70F812FA65200904C4309400409AEF56F700480EFCF0580BBF0FF2F3C06B70FB1
:2043000091F7C2CF370F70203C0100902010404CBD0C158091000028D922C090F4A23B40B2
:204320001FF07801910000F8D9FF2833F80291000048D94444216D00D15DDA016E10DA0016
:204340006E0EDA016E0CF4AC91000048D944CC926D00C45DDA006E033C013C00911000F7AE
:20436000D9FFF0D93C01BD0F1480DA016E0FDA006E0DDA016E0B91000048D944EC926D001D
:20438000AD5DDA006E033C013C0082F23C17ECC7DA6589CF2E08DA6E89CF2F08911000F898
:2043A000D9FF04BFECC5911000F8D9FF64D4ECC640C46D004C0082023C010090404F40F485
:2043C0006D004D01402C7CC382023C3F09C284090924CE086DFFEAD33B0080F03E253B604B
:2043E00080F03E223C1CC84240C440F52D020000DF021500DA016E0FDA006E0DDA016E0B2C
:2044000091000048D944F4726D00685DDA006E033C013C0040C46D00E70A3C15DA016E0F3F
:20442000DA006E0DDA016E0B91000048D944E0826D00545DDA006E033C013C0040C46D0028
:20444000D30A3C0182023C01009049AA18BA404C09CD9C09DA0689CF2C08DA003C0C10C2C5
:2044600091100047D944E4C9104F09F0780889202608C21FBF6FF57F3BC05DF089CFA4080C
:20448000DA0A89CF2D0849A4000A9120005FD955000D6DFFFFB0DA042CA4910000F8D9FF3F
:2044A0001463F802DA0189AF1508DA0089AF160809CF660889AF170809CF670889AF1808EF
:2044C00009CF680889AF190809CF690889AF1A0809CF6A0889AF1B0809CF6B0889AF1C084C
:2044E000DA017808DA0189AF2609DA0989AF2D08DA0189AF2C08DA0989AF3D08DA0089AF16
:204500000118DA0189AF3C08DA017819DA01781ADA0089AF3018910000F7D9FF4840F81DFB
:20452000911000F7D9FF100AF81E3B00A1F089AFBC18DA0089AF3028910000F7D9FF08C071
:20454000F82D911000F7D9FF102FF82E3B00A1F089AFBC28DA006E0382103C028200DA0002
:2045600089AF3038DA6489AFB23889A03438DA0089AF0848DA6589AF8A4889A00C4849A590
:20458000000A40D46DFFFCAF910000F8D9FF6C10C814910000F8D9FF6C100884DA809100D9
:2045A00000F8D9FF6C1008C5A6F56DFF27B9912000FF39F0080F910000F8D9FF7C1008CF47
:2045C00037F002F0912000FFE9FF080F6D00AA5C821440D46DFFA9B6821440D46DFF7CB6E3
:2045E000912000FF39FF3A3D370FE1F1DF1F368009CF6D08960489CF2D08912000FF39FF34
:204600003A3D16015E18D4DF8210081F370F81F22CF13C07D4DF8200081F370F81F22CF1DF
:20462000912000FF39FF3A3D370FE2F0EE06D4D482046DFF8FAA3C11912000FF39FF3A3D90
:20464000370FE2F05E16D4D482146DFF83AA3C05D4D482246DFF7EAA00902008094C9C0922
:20466000820240CFDA00530F21F010FF09FFA4193C0108FF370FE1F3BA0F3C016E0ADA00D0
:20468000530F21F010CF09F4A4193C016DFF2EFEF623A0023C67C2223702705082043B201D
:2046A00018606D00FA05402DBD0D430082E440D46D006C0A820440C46DFF31AF402E40DFDC
:2046C0003C20C81409F4CA0840E56DFF70FC09FFCA0810EEDA016E14DA006E12DA016E10EE
:2046E000C812F4A209FFCA08780191000048D944FC526D00F35BDA006E033C013C00D4FF61
:20470000BD0FE1FF820440C46DFFF2AE822440D46D003C0A911000F7D9FFD4699110002775
:20472000D922D469092FC208C21FACF13C19911000F7D9FFD46991100027D922D469092F87
:20474000CC08C21FACF6911000F7D9FFD46991100027D922D469092FC608C21FACF340D2BD
:204760003C0100902010405C094D9C0909C8C808DA016E10DA006E0EDA016E0CF4AC9100CF
:204780000048D944C8F26D00A95BDA006E033C013C0082E440C46D00F9090CCC3B100400C5
:2047A0003E030CCC5E1809C4C808820540D46DFFB5B03C5BDA0040D402F46DFFD5AEBD0238
:2047C000FC7F402E3C01820940CF3C3B01E90046C81509F4CA086DFFEAFB09F0CA081A0987
:2047E000370F7090DA016E14DA006E12DA016E10C812F4A209FFCA08780191000048D944AA
:2048000010136D006B5BDA006E033C013C003B0080F03FF9168091000028D9221C23F4A27C
:204820003BD012F0780191000028D922283389A2880991000048D94444216D004F5BD4FFE2
:20484000BD0FC6FFDA00534F21F010DFC85F3C0109FFC8083B00A100370F0EF0ACF48205C8
:2048600040D402946DFF5AB0DA016E10DA006E0EDA016E0C74A891000048D94438436D001A
:204880002D5BDA006E033C013C00822440C46D007D09911000F7D9FFD46991100027D922BF
:2048A000D469092FC008C21FB4FFDA016E0FDA006E0DDA016E0B91000048D94434536D003C
:2048C0000D5BDA006E033C013C0082023C0100902018404C405D406E89A79409BD0C18801E
:2048E000910000F8D9FF0C33F4AF3B7012F07801910000F8D9FF3013F80291000048D944BB
:2049000044216D00EB5AA0021D00A50109A29C09BD021880910000F8D9FF1443F4AF3B805E
:2049200012F07801910000F8D9FF3013F80291000048D94444216D00D15AA0021D008B0120
:204940007CD5910000D8D9DD30207CE5910000E8D9EE3020D8057CF6910000F8D9FF3020A6
:20496000F805DA006CC1DA006CC2DA006CC3911000F8D9FFD6E4ECC5DA0089CFA408DA008E
:2049800089CF2D0849C4200A820482456DFF4AFCA00FECCDD806ECC7911000F7D9FFC469BE
:2049A00014FF89CF3008D808ECC440C440D540E609A794096D00F50240C4D8072D0F0000B5
:2049C0007624A0021D00470109C07008DAFF7E04DA0089CF30088208911000F7D9FFC0690D
:2049E000D4FFF8043C3B7DCF1580910000F8D9FF2053F4AF3BB018F07801910000F8D9FF4C
:204A00003013F80291000048D94444216D00665AC218DAFF7F8F1500910000F8D9FFE46254
:204A2000F4AF3BD018F07801910000F8D9FF3013F80291000048D94444216D004F5AD8045C
:204A400009FF700809C070087E0709CF7008C21F89CF30083C05D4FFF804BD0FC6FFBD0FE2
:204A6000B5FF09C07008DAFE7E08911000F7D9FFC469DA0034FF3C09911000F7D9FFC46957
:204A800009CF7008C21F34FF911000F7D9FFC069D4FFF4CF911000F7D9FFC069F4FC09CF22
:204AA0006D082E5440C46DFF8BE5DA016E15DA006E13DA016E1109CF2E0874AF09CF2F08CC
:204AC000780191000048D944D4726D00075ADA006E033C013C00DA016E0FDA006E0DDA0107
:204AE0006E0B91000048D944D8826D00F759DA006E033C013C00DA016E27DA006E25DA01B4
:204B00006E23BCD314D03C028200BCD30CD13C02DA00BCD409D142083C028201BCD409D26D
:204B200043083C02820274A0780189A1080989A20C0991000048D9445CD16D00CF59DA00CE
:204B40006E033C013C00DA016E0FDA006E0DDA016E0B91000048D944C0926D00BF59DA00C3
:204B60006E033C013C00DA016E27DA006E25DA016E23BCE314E03C028200BCE30CE13C02E5
:204B8000DA00BCE409E142083C028201BCE409E243083C02820274A0780189A1080989A21B
:204BA0000C0991000048D9445CD16D009759DA006E033C013C00DA016E0FDA006E0DDA0114
:204BC0006E0B91000048D944E4926D008759DA006E033C013C00DA016E26DA006E24DA0129
:204BE0006E22D805BCF314F03C028200BCF3081F3C02DA00BCF308213C028201BCF3083265
:204C00003C02820274A0780189A1080989A20C0991000048D9445CD16D006059DA006E0336
:204C20003C013C00DA016E0FDA006E0DDA016E0B91000048D94470D16D005059DA006E0362
:204C40003C013C008214A00540C46D004A0140C23C0100902010404C405DBD0C15809100CD
:204C60000028D9220803F4A23B906CF07801910000F8D9FF3013F80291000048D9444421D7
:204C80006D002C59BD0D1580910000F8D9FF2403F4AF3BA06CF07801910000F8D9FF301344
:204CA000F80291000048D94444216D001759F4CD911000F7D9FFF859D4FFECC1911000F728
:204CC000D9FFF859F4FC0090404F405C40F440C56D00A61640F440C56D00F65100902018E9
:204CE000404F405C406D54C0483F3AF0EE3EBD0D168091000028D922CCA2F4A23B0025F083
:204D0000780191000028D922301389A2880991000048D94444216D00E158483F74DF7CC34D
:204D2000DA003C0254CF6CF3DA016E1DDA016E1BDA016E1909FF2E0874AF09FF2F08780194
:204D400008CF780208DF780308EF780408FF780591000048D944C4C26D00C058DA006E035D
:204D60003C013C0082123C0382023C0100902010404F405C406DBD0C168091000028D9227B
:204D8000CCA2F4A23BB01CF0780191000028D922301389A2880991000048D94444216D0024
:204DA0009D58BD0D168091000028D922CCA2F4A23BC01CF0780191000028D922301389A244
:204DC000880991000048D94444216D00875854C0481F3AF0EE2554CF7803481F74DFDA01B0
:204DE0006E0FDA016E0DDA016E0B91000048D944DCA26D007358DA006E033C013C0049A52E
:204E00000C0A40D46DFF62FF7CC3DA003C0254CF6CF1821440F46D008E0082123C038202A8
:204E20003C0100902018404F405C406D54C0482F3AF0EE3EBD0D168091000028D922CCA232
:204E4000F4A23B0021F0780191000028D922301389A2880991000048D94444216D003E58E6
:204E6000482F74DF7CC3DA003C0254CF6CF2DA016E1DDA016E1BDA016E1909FF2E0874AF03
:204E800009FF2F087801088F7802089F780308AF780408BF780591000048D944CCB26D00CF
:204EA0001D58DA006E033C013C0082123C0382023C010090DF041200911000F7D9FFC06907
:204EC000D4F23C09092F7008C21F370F68F07E423C06D422BD02F8FFA0023C01009020104B
:204EE000404C0248405D911000F7D9FFF859D4FEBD0C158091000028D9223803F4A23BC0CE
:204F00006FF07801910000F8D9FF3013F80291000048D94444216D00E1573C09D4EF40C40F
:204F2000028440D52D0F000009EE8409BD0EF8FF00902010404C0248BD0C1580910000F8D7
:204F4000D9FFC0E2F4AF3BD036F07801910000F8D9FF3013F80291000048D94444216D0024
:204F6000BD5709CF6D082E2409CF6D08AE023C136F0812004CC16E0F09CF6D082E3640C569
:204F8000B04540C46DFFA4D509CF6D082E5440C46DFF7EE200903B40FF2F3C010090201856
:204FA000404C405D406F407E82087CD5910000D8D9DD30207CF5910000F8D9FF30207CE58E
:204FC000910000E8D9EE30208209BCD354DFEE028219769D49A6140A40C440D56DFFC9FEFD
:204FE00076268F08418149A2140AF4A240C440F549A60C0A6DFF18FF76268F08448149AF6C
:205000000C0AF80140C440E549A6100A6DFF69FE76268F08428149AF100AF802F69D49A6F8
:20502000140A40C440D56DFFA4FE76268F08418149AF140AF4AF76888F08484149A5000A67
:2050400040C46DFF4EFF009020087C423C01911000F7D9FFFC59F4F4DA016E1CDA006E1A6C
:20506000DA016E18BC4409402E083C033B700200BC44094F2F083C02DA2774A07801910078
:205080000048D944FCC26D002957DA006E033C013C0000902018BD041680910000F8D9FFBC
:2050A000E4F2F4AF3B6040F07801910000F8D9FF3013F80291000048D94444216D000E5768
:2050C0003C10094F6D082E2D094F6D0816FB894F2D08DA002CAC824449A50C0A6DFF01FF89
:2050E00000902018404FBD0F1680910000F8D9FFE4E2F4AF3B003EF07801910000F8D9FFEA
:205100003013F80291000048D94444216D00E6563C1609FF6D086F2F138009FF6D08960437
:2051200089FF2D08823440F46DFF05FFDA012CAC824449A50C0A40F46DFFD3FE00902018A2
:20514000404FBD0F1680910000F8D9FFE4D2F4AF3B0035F07801910000F8D9FF3013F8022D
:2051600091000048D94444216D00B8563C1709FF6D086F0F148009FF6D08960189FF2D08A6
:20518000DA012CAC3B80004049A50C0A40F46DFFA8FE823440F46DFFCEFE009082056D0071
:2051A00004003C0100902010404F0B541088BD0F168091000028D92278A2F4A23BF01DF06A
:2051C000780191000028D92260C389A2880991000048D94444216D008156BCF5BBF0FF0FBA
:2051E0007F90048082123C57F69382023C5409F0C8084290370070007F90048082123C4B68
:2052000008CF6F7F2100481FA29F60FC49F2100A012C30F4EE17DA006E13DA006E11DA016A
:205220006E0FF4AC49FF100AF80191000048D94434B36D005356DA006E033C013C008212AB
:205240003C2A3C087685481FA29F60FC3C0382123C22DA006E15DA006E13DA016E11C81288
:20526000F4A289AC840989A9080991000048D94400D36D003356DA006E033C013C00E81C0C
:2052800009FFCA08429FACF509FFC80842F9A84982023C01009020100B451088026ADA00FF
:2052A0006E10DA006E0EDA016E0C74A991000048D94464436D001256DA006E033C013C0072
:2052C000DA013EACDA413EAA3B2018F03EAF3B0028F05FAF82001D00CE00A0040B9A104847
:2052E0006D00F400402C1D00DB00A00CA00D029B3B9000406DFF72F7402E7CEA6D006A0464
:20530000BCC440C46D007003A0021D00DE003B0025009A48C2FFB70F02F0A2F07F0B048031
:2053200002BC3C083B0025C09A48C2FFB70F02F0A2FC01E80026492F100A80FFC24FC2FF60
:20534000B70F02F060F5820740E40BBC104802A66D002F044CE182404B0F1102DF011500DB
:20536000910000F8D9FF70B3F4AF3B0010F07801910000F8D9FF60C3F80291000048D944DE
:2053800044216D00AB553B0025009A48C2FFB70F02F0A2F0FF101580910000F8D9FF4CD3CA
:2053A000F4AF3B2010F07801910000F8D9FF60C3F80291000048D94444216D008F557CC30D
:2053C00040EC3C02F4DE40EDA2CB370B70B08208FF1B90FF3C649A48C2FFB70F02009A4974
:2053E000C2FFB70F02F042F0370070008B0001F0370F70409A49C2FFB70F02F03FF00880D6
:205400009A49C2FFB70F02F07FF40480A0023C5C6DFF23F2402C7CC3A0023C5601C800F6E0
:2054200049FF100A80FFC24FC2FFB70F02F060F5820740C40B99104802A66D00BA034CC144
:2054400082404B0F1102DF011500910000F8D9FF40E3F4AF3B2012F07801910000F8D9FFCA
:2054600060C3F80291000048D94444216D0036553C16910000F8D9FF3863F4AF3B7012F01E
:205480007801910000F8D9FF60C3F80291000048D94444216D002255A0023C16DA006E1288
:2054A000DA006E10DA016E0E74A989AC840991000048D94414736D001155DA006E033C0186
:2054C0003C0040C23C0100902010404C0B451088DA41BE96DF191500910000F8D9FF347399
:2054E000F4AF3BA014F07801910000F8D9FF60C3F80291000048D94444216D00EF543B806D
:2055000000406DFF6BF6402FBD0F2080DA006E1BDA006E19DA016E17DF190780910000F877
:20552000D9FF0C933C05910000F8D9FF1093F4AF91000048D94408836D00D054DA006E03AF
:205540003C013C00A0023C0B820740F440C50B88104802966D002D0340F23C0100902008E0
:205560000B451088026A404F405C027BDA006E10DA006E0EDA016E0C74A991000048D94419
:2055800014936D00AB54DA006E033C013C009A48C2FFB70F02F0429F7FFB1580DA006E1091
:2055A000DA006E0EDA016E0C74A991000048D94434936D009354DA006E033C013C00A002AC
:2055C0003C12BCC79A48C2FFB70F02F010C53C02A005822740F40B99104802A66D00E9020E
:2055E00040F23C0100902010405CBC43BD0C1680910000F8D9FF4C23F4AF3B9035F07801A6
:20560000910000F8D9FF60C3F80291000048D94444216D0063543C40404D3C0809DFC80888
:2056200009C0C808420FACD4D4DD54DFEEF809DFC80809D0CA08BE0491000028D9224433E6
:20564000F4A23B2036F07801910000F8D9FF60C3F80291000048D94444216D003F5454DFAE
:205660006E14910000F8D9FF7433F4AF3B3036F07801910000F8D9FF60C3F802910000489C
:20568000D94444216D002A5409DFC80809C0C808420FACD4F4DC00902008404C405F40C4C4
:2056A00040F56DFFA2FF40F46D001803DA006E11DA006E0FDA016E0DF4ACF8019100004874
:2056C000D94444436D000A54DA006E033C013C00009082023C05C21237027020D444BD04CC
:2056E000FCFF3C01009020100256404F09F5C8086DFFD3FD402C7CC3A0023C1C40C440F5E3
:205700006D001A00DF021500910000F8D9FF5CB3F4AF3B4052F07801910000F8D9FF60C33F
:20572000F80291000048D94444216D00D75340C23C0100902010404C405D82088209DA0066
:205740006E12DA006E10DA016E0EF4AC89AD840991000048D9447C436D00C053DA006E0337
:205760003C013C00BCC8BCD709C0C80809D1C8087F101980910000F8D9FF5053F4AF3B90BC
:205780003CF07801910000F8D9FF60C3F80291000048D94444216D00A1533B00FF2F1D00A4
:2057A000C10009CFCA08A28F09D0CA08A2903F0F068009DFCA08A29F3C0409CFCA08A28F86
:2057C00009C284090128004609D284090129005602F46DFFECF342F842F909CFCA087F8FAC
:2057E0001580910000F8D9FF4063F4AF3B903DF07801910000F8D9FF60C3F80291000048A5
:20580000D94444216D006A5309DFCA087F9F1580910000F8D9FF5863F4AF3BA03DF078012F
:20582000910000F8D9FF60C3F80291000048D94444216D00535309DFCA083FF9048082097B
:20584000D4DD09CFCA08FE8D8208D4CCBD0C1A80BD0D1800910000F8D9FF7463F4AF3B409D
:205860003EF07801910000F8D9FF60C3F80291000048D94444216D0031533B00FF2F3C51C1
:20588000BD0D1E0009D0CA0809DFC808FE0854DF6E16910000F8D9FF4473F4AF3B903EF04C
:2058A0007801910000F8D9FF60C3F80291000048D94444216D00125382A23C33BD0C1E004A
:2058C00009C0CA0809CFC808FE0854CF6E16910000F8D9FF4473F4AF3BE03EF078019100CA
:2058E00000F8D9FF60C3F80291000048D94444216D00F45282A23C15BD0D55FFDA006E0FC3
:20590000DA006E0DDA016E0B91000048D94470736D00E452DA006E033C013C0082023C01DD
:2059200000902010405C02488209820ABD041780910000F8D9FF5483F4AF3BA040F07801F3
:20594000910000F8D9FF60C3F80291000048D94444216D00C35282023C45BD0C17809100F6
:2059600000F8D9FF7483F4AF3BB040F07801910000F8D9FF60C3F80291000048D944442150
:205980006D00AC5282023C2E404F3C27765B09F0CA083F05088009F0CA08A20537057050E6
:2059A0003C1B09F0CA08A250370070F07FF80380028F01C90046C8120125005602F46DFFE9
:2059C000F6F242FA370A70A042F937097090A2F8370870808205D4FF7683BD0FD9FF02A273
:2059E0003C0100902010404FBD0F2A80BD0F1580910000F8D9FF78A2F4AF3BC02DF0780195
:205A0000910000F8D9FF60C3F80291000048D94444216D006352DA006E0FDA006E0DDA0104
:205A20006E0B91000048D94430E36D005752DA006E033C013C0082021D00A700DA006E106A
:205A4000DA006E0EDA016E0CF4AF91000048D94414F36D004352DA006E033C013C008208AB
:205A60001D008F0008EFEE1591000028D92224F3F4A23B102FF0780191000028D92260C365
:205A800089A2880991000048D94444216D00265208EFC2FF370F68F02CFEEE5ED4FCDA0094
:205AA0006E10DA006E0EDA016E0CF4AF91000048D9443CF36D001252DA006E033C013C0060
:205AC00008CF160F08D06F101D00484FEE1591000028D9225803F4A23BF02FF078019100C3
:205AE0000028D92260C389A2880991000048D94444216D00F351C84240F42D0200003C27C8
:205B00005E273B90004040F46DFFFFF23C205E173B80004040F46DFFF8F23C19EE0540F492
:205B20006DFFCCEC3C14910000F8D9FF7C03F4AF3BF030F07801910000F8D9FF60C3F8022C
:205B400091000048D94444216D00C851C2183708688040CF3C158200DF0012008200760F89
:205B60008210760DF4AF780191000048D94450136D00B451DA006E033C013C00A00FBD0FEA
:205B800073FF02823C01009082056D0009003C01009082156D0004003C010090CE4532540A
:205BA0006D00B8003C046DFF00FB3C010090A00FF44F894584098944880889458A08894673
:205BC0000C0889470D08DA012C4EDA002C4F0090911000F7D9FFC869DA0134FF0090201023
:205BE000404F0249BD0F168091000028D92228A3F4A23B8019F0780191000028D92260C340
:205C000089A2880991000048D94444216D00665109F0C8083F0903803C5F09F0C808A2901F
:205C2000370070803C2109F0CA085A09370F709009F0C808A280A840D4FFBD0F16809100D3
:205C40000028D92200B3F4A23BF01AF0780191000028D92260C389A2880991000048D944A1
:205C600044216D003B5109FFCA083F9FDEFF08CF160FEE2909FFCA085F9F260008DF6F1FAB
:205C80002380C81201F22020802F429F370F704040F46DFF77EF402FBD0F1680910000283E
:205CA000D92218B3F4A23BD01BF0780191000028D92260C389A2880991000048D94444210B
:205CC0006D000C51A859A84954FF6E04D4F46DFF8BFEA002F4F200902010BD041A000C4E09
:205CE000C21F2C4E0C4EEE14910000F8D9FF7813F4AF3B2034F07801910000F8D9FF60C3E2
:205D0000F80291000048D94444216D00E75000902010404F0248BD0F168091000028D922DB
:205D200078A2F4A23BB024F0780191000028D92260C389A2880991000048D94444216D00E0
:205D4000CD50BCF5BBF0FF0F7F80048082123C41F68382023C3E09F0CA087F8017809100BF
:205D600000F8D9FF28D3F4AF3B5025F07801910000F8D9FF60C3F80291000048D9444421C3
:205D80006D00AC5082123C25C812C81401480046E81409F0CA08A280A85009F0C808A28094
:205DA000A840DA006E14DA006E12DA016E10F4A2C81FF80189A8080991000048D94408E353
:205DC0006D008C50DA006E033C013C0082023C0100902010405C02480289820ABD041880DF
:205DE000910000F8D9FF5893F4AF3B304BF07801910000F8D9FF60C3F80291000048D94421
:205E000044216D006B503B00FF2F3C7DBD0C1880910000F8D9FF7093F4AF3B404BF078013C
:205E2000910000F8D9FF60C3F80291000048D94444216D0053503B00FF2F3C65094FC80847
:205E40007F8F1780910000F8D9FF4CA3F4AF3B504BF07801910000F8D9FF60C3F80291005C
:205E60000048D94444216D00395082F23C4CBC46BCC5094FC8087F8F05803B00FF2F3C4340
:205E8000404D3C27BD0D1580910000F8D9FF6CA3F4AF3BD04BF07801910000F8D9FF60C35D
:205EA000F80291000048D94444216D001750029F09D0CA087F90048009DFCA0809D48409B6
:205EC00001CA005602F46DFF72F0A2F942FAD4DDDF09DAFFF6935F8A1500910000F8D9FFAC
:205EE00044B3F4AF3B804CF07801910000F8D9FF60C3F80291000048D94444216D00EE4F15
:205F000082023C0100906D005306F62891000048D944A8636DFFA5873C0791000048D9447A
:205F200088736DFF9E8700902010406C407D0248820089A08408DA00ACA3DA002CA8BD0C8B
:205F4000970009C284090920C00889A08408CCC1083FCCC108208F80200042F089A086080B
:205F600054DF370F689054DF068F370F68A054DF8F0F1FF0370F68B054DF8F8F1EC009AF75
:205F8000C408BBF0FF0F5F0F708009AFC608BB0010085F0F6A80CCC109FF58082CA80CA8F0
:205FA000EE0EDA003C0974AF0B9A10480BBC10686D005F00C21FBF2FF8FF3C560CA8DF6F41
:205FC00054800B9A10480BBC10686D004A0182093C4953C920F0910000F7D9FF203010FFFE
:205FE00009F0C008CCC109FF6708CCC109F166088F812010421F5F0F358053C920F0910066
:2060000000F7D9FF203010FF082FEE2B53C920F0910000F7D9FF203010FFDA012CF253C902
:2060200020F0910000F7D9FF203010FF54DF6CF153C920F0910000F7D9FF203010FFA84826
:2060400053C920F0910000F7D9FF203010FF09FFC00874AF91000048D944B4236DFF0187A1
:20606000C219BF49B87F40C46DFFBEFC009020400B4510880B6710A809A10019910000F88E
:20608000D9FF6CE349FF000A49A2000AC504370004F02420FC4E534120F0910000F7D9FF0C
:2060A000104010FF09F0C00886808FF00FF189AF1C08534120F0910000F7D9FF104010FF7C
:2060C00009FFC008370F68F016FF89AF1D08911000F7D9FFE4C9B04F3C0114FF89AF300804
:2060E000081F89AF3108082F89AF3208083F89AF3308DA1189AF3508534120F0910000F719
:20610000D9FF104010FF09FFC208868F16FF89AF3608534120F0910000F7D9FF104010FF73
:2061200009FFC208370F68F016FF89AF37083B8003403B8003503B0028606DFFAEF8402F13
:206140007CF991000048D94464F36DFF8A861D00870049A5000A3B80034040F46DFF3BFE8E
:206160008FF80FF18F8F01008FF90FF18F0F01F0A6F08FFA0FF18F8F00F0A6F08FFB0FF115
:20618000A6F08FF00FF18F8F01108FF80FF18F8F01008FF90FF18F0F01F0A6F08FFA0FF1DF
:2061A0008F8F00F0A6F08FFB0FF1A6F0BB00F0FF26F08F8000F0A6F18FF80FF18F8F01001F
:2061C0008FF90FF18F0F01F0A6F08FFA0FF18F8F00F0A6F08FFB0FF1A6F07BF00FF026F045
:2061E0000680A6018FF80FF18F8F01008FF90FF18F0F01F0A6F08FFA0FF18F8F00F0A6F0F2
:206200008FFB0FF1A6F0B70018F08F8F1EF0A6F189A138093BA0714791100027D922CC69E6
:20622000D42449A6380A40F56D001348F62891000048D94498036DFF14863C079100004867
:20624000D944B8036DFF0D8691100027D922CC69D4246D008B4340F46DFFC6FB00902030FB
:206260000B4510880B6710A8910000F8D9FF981349FF000A49A2000AC504270004F0242091
:20628000FC4E3B8003403B8002503B0028606DFF04F8402FBD0F950091100027D922CC69B6
:2062A000D42491000058D95550123BD072476D00B54249A5000A3B80024040F46DFF8BFD28
:2062C0008FF80FF18F8F01008FF90FF18F0F01F0A6F08FFA0FF18F8F00F0A6F08FFB0FF1B4
:2062E000A6F08FF00FF18F8F01108FF80FF18F8F01008FF90FF18F0F01F0A6F08FFA0FF17E
:206300008F8F00F0A6F08FFB0FF1A6F0BB00F0FF26F08F8000F0A6F18FF80FF18F8F0100BD
:206320008FF90FF18F0F01F0A6F08FFA0FF18F8F00F0A6F08FFB0FF1A6F07BF00FF026F0E3
:206340000680A6018FF80FF18F8F01008FF90FF18F0F01F0A6F08FFA0FF18F8F00F0A6F090
:206360008FFB0FF1A6F0B70018F08F8F1EF0A6F189A128093BA0714791100027D922CC6995
:20638000D42449A6280A40F56D006347F62891000048D94480236DFF64853C079100004870
:2063A000D944A0236DFF5D8591100027D922CC69D4246D00DB4240F46DFF16FB3C079100B0
:2063C0000048D94464F36DFF4C8500902020405C89A69C09407D0248D807BD0F0E0209F9C0
:2063E000CA08531920406DFFE6E7402F09A29C09092584090924CA0840F46DFFD8ED081FC1
:2064000014F08F802000120A083F08208F802000120B3B0010F03EA991000048D9449C338B
:206420006DFF1F851D00E20149A4000A3B80014040F56DFFBCED91000048D944BC336DFFBE
:20644000108508ECDF1CBC803B0010005F0AB8803B1010F03EB53B2010005F0BB1803B1001
:2064600010F07EB609F450086D009E033C0509F450086D008A03DA802CFE3B800340531907
:2064800020503B0028606DFF08F7402EBD0E920040C440D502846D00C1415319204040E495
:2064A00040F56DFF98FC54DF370F682054D006803700683054D08F001F003700684054D058
:2064C0008F801E508FF20FF18F8F01008FF30FF18F0F0110A6108FF40FF18F8F0010A61051
:2064E0008FF50FF1A6F08FF00FF18F8F01108FF20FF18F8F01008FF30FF18F0F01F0A6F08D
:206500008FF40FF18F8F00F0A6F08FF50FF1A6F0BB00F0FF26F08F8000F0A6F18FF20FF163
:206520008F8F01008FF30FF18F0F01F0A6F08FF40FF18F8F00F0A6F08FF50FF1A6F07BF0E9
:206540000FF026F00680A6018FF20FF18F8F01008FF30FF18F0F01F0A6F08FF40FF18F8F11
:2065600000F0A6F08FF50FF1A6F0B70018F08F8F1EF0A6F189A1180949A6180A40C440E574
:2065800002846D006646F62891000048D94498436DFF67843C0791000048D944BC436DFF72
:2065A000608440C46D00E24140E46DFF1DFA3C0791000048D94464F36DFF5384DF0C168167
:2065C0003B0010F05FAF12813B0010F03EB53B1010F05FBF0B813B0010F07EBE09A4500840
:2065E00009A551086DFFD8B309A4520809A553086DFF1EB43C573B1010F05FBF548009AFC7
:2066000052086E146DFF8185DF12078040F46DFFE3CD1D00F2006DFF8685762582046DFF51
:2066200077883C0482146DFF738809AF50086E1C91000027D9222040542F6E0C91000027BC
:20664000D9222040DA00742F821482056DFF41B33C0B91000027D9222040DA01742F821477
:2066600082156DFF36B309AF55086E1C91000027D9222440542F6E0C91000027D922244064
:20668000DA00742F822482056DFF23B33C0B91000027D9222440DA01742F822482156DFF89
:2066A00018B3DA802CFE3B800340531920503B0028606DFFF2F5402EBD0E920040C440D5B7
:2066C00002846D00AB405319204040E440F56DFF82FB54DF370F682054D006803700683054
:2066E00054D08F001F003700684054D08F801E508FF20FF18F8F01008FF30FF18F0F011077
:20670000A6108FF40FF18F8F0010A6108FF50FF1A6F08FF00FF18F8F01108FF20FF18F8FF5
:2067200001008FF30FF18F0F01F0A6F08FF40FF18F8F00F0A6F08FF50FF1A6F0BB00F0FFC6
:2067400026F08F8000F0A6F18FF20FF18F8F01008FF30FF18F0F01F0A6F08FF40FF18F8FA5
:2067600000F0A6F08FF50FF1A6F07BF00FF026F00680A6018FF20FF18F8F01008FF30FF1AA
:206780008F0F01F0A6F08FF40FF18F8F00F0A6F08FF50FF1A6F0B70018F08F8F1EF0A6F111
:2067A00089A1180949A6180A40C440E502846D005045F62891000048D94498436DFF51839D
:2067C0003C0791000048D944BC436DFF4A8340C46D00CC4040E46DFF07F93C07910000481F
:2067E000D94464F36DFF3D8309A49C096DFFFCF840F46DFFF1CC0090911000F7D9FFD069B1
:206800006D007944F4F2911000F7D9FFD06954FF6E30911000F7D9FFD069D4F49100005874
:20682000D95530203BD072476D00E23EDF021580911000F7D9FFD069D4F491100058D9557B
:206840000CF6A0066D00AD4491000048D944B8936DFF07833C0E911000F7D9FFD069D4F440
:206860006D00BB4491000048D9449CA36DFFF9820090910000F7D9FF183014FFDF1F2280A5
:20688000910000F7D9FF1830DA0034FF82083C1753C820F0910000F7D9FF203010FF082F45
:2068A0006E0D53C820F0910000F7D9FF203010FF083F6E0402846D000600C218BF48EA7F77
:2068C00000902028024853C820F0910000F7D9FF203010FF49FF000A49A2040AA02444F069
:2068E0006420FC4E910000F8D9FFA85349FF000A49A2100AC504170004F02420FC4EDF08CE
:20690000BA806DFF9B89022ABF1A2600910000F7D9FF1840BBB071FB065F6DFF87890B23E4
:2069200010480BA000686DFF51814B2F010274F0914000FF39FF808AAE1D910000F7D9FF90
:20694000184091000027D9221840542F53FF3FF074FF3C07910000F7D9FF1840DA0074FF15
:206960006DFF7489022ABF1A2600910000F7D9FF1C40BBB071FB065F6DFF50890B231048C0
:206980000BA000686DFF22814B2F010274F0914000FF39FF808AAE2D910000F7D9FF1C404B
:2069A00091000027D9221C40542F53FF3FF074FF3C07910000F7D9FF1C40DA0074FFDA80AB
:2069C00089AF1E08910000F7D9FF184054FF16FF89AF2008910000F7D9FF184054FF868FB9
:2069E00016FF89AF2108910000F7D9FF184054FF8F0F3FF016FF89AF2208910000F7D9FF72
:206A0000184054FF8F8F3EF016FF89AF2308910000F7D9FF1C4054FF16FF89AF24089100EE
:206A200000F7D9FF1C4054FF868F16FF89AF2508910000F7D9FF1C4054FF8F0F3FF016FF58
:206A400089AF2608910000F7D9FF1C4054FF8F8F3EF016FF89AF270882046DFF28898204D0
:206A60006DFF1C8982046DFF108982046DFF04893C2DDF1809800CA66E066DFF468389A28C
:206A80001E083C24DF2809800CA66E066DFF4B8389A21E083C1BDF381A806DFF3D83DA80A1
:206AA00089AF1E088FF20FF189AF20088F823FF016FF89AF21088F023FF016FF89AF2208AA
:206AC0008F823EF016FF89AF23083B8003403B8001503B0028606DFFE0F3402CBD0C250099
:206AE00049A5100A3B80014040C46DFF74F9911000F7D9FFD069D4F453C820F0910000F791
:206B0000D9FF203010F6B04653C820F0910000F7D9FF203010FF09F4C80840C56D0099434C
:206B200040C46DFF61F709AFC40874AF91000048D94480636DFF958100900D00000291005B
:206B400000F7D9FF1430910000C7D9CC143054CFC21F74FF910000F7D9FF143054F8DA643C
:206B60007E8D910000F7D9FF1430DA0074FF910000F7D9FF1830DA0134FF0D004002008094
:206B80006DFFE48A009082246DFFBDB0910000F7D9FF1C3091000027D9221C30542FC21FFD
:206BA00074FF009082146DFFAEB000902008911000F7D9FFCC696D009E42F4F2911000F74A
:206BC000D9FFCC6954FFEE0991000048D944AC736DFF478182F23C3A911000F7D9FFCC6986
:206BE000D4F491000058D95530203BA071476D00FF3C022F6E143BA0710774A07801910007
:206C00000048D94490836DFF2C81911000F7D9FFCC69D4F46D00E14202F23C18911000F706
:206C2000D9FFCC69D4F491100058D955E8C5A0066D00B7423BA071F774AF91000048D94443
:206C40008C936DFF0E8182023C0100906F770C006F0505808FF707F16E06C215EF8504009D
:206C6000C21606F5B70589FB8F7601008F840120A60FA6F20090911000F7D9FFD4699100AC
:206C80000028D92280B389F284390090404F044FEEFF01F420F080F2C2F200902010404C90
:206CA000024ABD0C1780910000F8D9FFF833F4AF3BD023F07801910000F8D9FFB8F3F8025C
:206CC00091000048D94444216D0008491D00A40009CF5408DE1491000028D922D443F4A253
:206CE0003B0024F07801910000F8D9FFB8F3F80291000048D94444216D00F04809C05408A1
:206D0000DA0A7E0C91100047D944ECA940C56D00030840C46D0063043C7E8208820909CB73
:206D2000101909CC240909CD902909CE900909CF5408EE2609CFD6086E2291100027D922D8
:206D4000D8A9D42F7DCF0A80911000F7D9FFD8A909C28C09F4F23C11911000F7D9FFD8A964
:206D6000D4FF3C09C8327DC2068009C28C09E8323C04C83FBD0FF8FFA00FECC33C1102A863
:206D800009C9D60891100047D944D0A940C56D00C307911000F7D9FFD4A9821034F009CF0E
:206DA00030196E0509C4B0196D004B0A09CF2C196E0509C4AC196D00440A09CF34196E054A
:206DC00009C4B4196D003D0ADF081D00DA006E0FDA006E0DDA016E0B91000048D944C85350
:206DE0006D007C48DA006E033C013C0040C6B04609C7D80840C40BBC104840C502966D00C5
:206E00000B3240C46D00EB03BCD63B30FF4F40E42D0D0000009082146DFF42FF0090BC46C8
:206E2000094F54085E138945980900902010405CBD0C1580910000F8D9FFC873F4AF3BF09A
:206E400030F07801910000F8D9FFB8F3F80291000048D94444216D00414840C46DFFDDFFF6
:206E60003B30FF2F3C0100902008024882146DFFB5E9402CBD0CB0806D00F503DA006E0F79
:206E8000DA006E0DDA016E0B91000048D94454446D002448DA006E033C013C006D00AD0400
:206EA00082146DFF9BE9402CBD0C8480DA006E0FDA006E0DDA016E0B91000048D944485481
:206EC0006D000C48DA006E033C013C003B9000406D00390482146DFF81E9402CBD0C5880FF
:206EE000DA006E0FDA006E0DDA016E0B91000048D9447C546D00F247DA006E033C013C0062
:206F00003B8000406D001F0482146DFF67E9402CBD0C2C80DA006E10DA006E0EDA016E0CB0
:206F200074A891000048D94470646D00D747DA006E033C013C0002846D00BD0382146DFF67
:206F40004DE9402CBD0C120091100027D922D469092F983991100027D922D46909229839AF
:206F6000092FC408C2FFACF2BD0C1200911000F7D9FFD46909FF983991100027D922D4694D
:206F800009229839092FC408C2FFACF2BD0C1200911000F7D9FFD46909FF98399110002769
:206FA000D922D46909229839092FC408C2FFACF2BD0C1200911000F7D9FFD46909FF9839D9
:206FC00091100027D922D46909229839092FC408C2FFACF2BD0C430082043BC0095040C468
:206FE0006DFF20E989C815083B0043F089CFA4183B0086F089CFAA0889CFA808DAFF2CCB99
:207000003B8021F089CFB208DA0689CF8018DA0689CFBE0882FF89CFB008DA0189CF881860
:20702000911000F7D9FFE0A954FF6CC8911000F7D9FFE8A914FF89CF1E083B0043F089CF78
:207040008A18912000F8D9FF2C0889CF8429BB00D0FD9BDF06F089CF142940C23C01009078
:20706000BC438945900900902010404C405D02487CD5910000D8D9DD3020BD0C18809100C5
:2070800000F8D9FFE453F4AF3B902AF07801910000F8D9FFB8F3F80291000048D944442187
:2070A0006D001C473B00FF2F3C6D09CF54086E16910000F8D9FFC463F4AF3BB02AF078018D
:2070C000910000F8D9FFB8F3F80291000048D94444216D00034782A23C55F6886D000705EC
:2070E0000228F68382E23C4E3C2382003C1F534020F091000028D9225CF41022D42FD4FF14
:207100003C1209FFD6087E8EDA016E0CBCF954FF6E07BCD654DF6E0454F154DF7E13828219
:207120003C31C83FBD0FEFFFC210BF40E27FBCD854DF6E067CD3DA003C0254DF74CF89C886
:207140009608911000F7D9FFD8A9D4FFECC3911000F7D9FFD8A9F4FC6D00093ADA006E1035
:20716000DA006E0EDA016E0C74A891000048D944EC636D00B346DA006E033C013C00820255
:207180003C0100902010404FBD0F1880910000F8D9FFC833F4AF3B801EF07801910000F835
:2071A000D9FFB8F3F80291000048D94444216D0095463B00FF2F3C1DDA006E0FDA006E0D41
:2071C000DA016E0B91000048D944E0336D008646DA006E033C013C0009FF54081E1509FFB6
:2071E000DA089610ACFD821440F46D0004003C0100902010404C0248BD0C15809100002839
:20720000D922CC23F4A23BE015F07801910000F8D9FFB8F3F80291000048D94444216D0087
:207220005D46DF08700009CF54081E4509CF5408DF7F698009CF3819EE0709CFE8083B0021
:2072400086005F0F600009CFDA086F4F158091000028D922EC23F4A23B4016F078019100E9
:2072600000F8D9FFB8F3F80291000048D94444216D00344609C4101909C5240940C6B0466A
:2072800009C6D60809C7D80840C440C56D00C42F40C46D00A104911000F7D9FFD0A9D4FF56
:2072A0007DCF0A80911000F7D9FFD0A909C28C09F4F23C11911000F7D9FFD0A9D4FF3C097B
:2072C000C8327DC2068009C28C09E8323C04C83FBD0FF8FFA00FECC3911000F7D9FFD4A920
:2072E000DA0134FF911000F7D9FFE0B9D4FF7DCF05806D001A263C0440C46D007001820280
:207300003C5909C05408DA003E08DA015F0F2E00DA025F0F39003C4809CFD6086E2291102E
:2073200000F7D9FFD8A9D4FF7DCF0A80911000F7D9FFD8A909C28C09F4F23C11911000F738
:20734000D9FFD8A9D4FF3C09C8327DC2068009C28C09E8323C04C83FBD0FF8FFA00FECC31B
:2073600040C46D003C013C2440C46D007C0291100047D944DCA940C56D00CE0440C46D00D1
:207380004A013C1691100047D944D0A940C56D00C304911000F7D9FFD4A9DA0134FF40C49A
:2073A0006D001D013C0540C46D0006003C0382023C0100902010404CBD0C1580910000F857
:2073C000D9FFE813F4AF3BC019F07801910000F8D9FFB8F3F80291000048D94444216D00EC
:2073E0007D4509CF540882303E0682403E0D8270BE043C1D40C46D00FB2F022FEE048250F7
:2074000089C014083C1640C46D00F22F022FEE04825089C014083C0D40C46D00E92F022FC6
:20742000EE053B90000089C014083C0382023C0FEE0540C46D005B283C085EF709CFDA08E1
:207440009608ACCD82023C0302F23C01009020100248404CBD051580910000F8D9FF80D380
:20746000F4AF3B508CF07801910000F8D9FFB8F3F80291000048D94444216D002F457CC368
:2074800002823C1409CFE4086E0F3B8002007FF007808B8F1DF0370F70F03C02DA007FF8C8
:2074A00003803C0202F802823C0100902010404C405DBD0C1A0009CF5408DE14910000F8D5
:2074C000D9FF4094F4AF3BD080F07801910000F8D9FFB8F3F80291000048D94444216D009B
:2074E000FD4489CD90290090911000F7D9FFE8A991100027D922E8A9142FC21F34FF91105F
:2075000000F7D9FFD0A9D4FF3C6609FF5E0891100027D922E8A914205F0F5D009110002725
:20752000D922E8A9142F89FF1E0809FFDA086F0F1F00DA006E0FDA006E0DDA016E0B9100B6
:207540000048D9441CC46D00C944DA006E033C013C0009FFDA089602ACFD40F46D00C727EE
:2075600009FFDA08BBC0FF0F260FACFD09FFDA086F3F1B00DA006E0FDA006E0DDA016E0B07
:2075800091000048D94404D46D00A844DA006E033C013C0009FFDA08BB70FF0F260FACFDFF
:2075A00040F46DFF09FFC83C09FF38196E1191100027D922D4A9DA00342F40F46D0096048F
:2075C000911000F7D9FFD4A914FF6E023C9940CF3C02C83FBD0F9BFF00902010404C09CF88
:2075E0005408DE13910000F8D9FFA4F3F4AFDAD47801910000F8D9FFB8F3F802910000489D
:20760000D94444216D006A44821440C46DFF7DE500902010404C09CF5408DE13910000F86B
:20762000D9FFE403F4AFDADF7801910000F8D9FFB8F3F80291000048D94444216D004E4456
:20764000822440C46DFF61E50090404F09FF34196E0809F4B4196D00F405A00289F2B419CA
:207660000090911000F7D9FFD0A9D4FF3C20C83C09FFDA086F3F1B00DA006E0FDA006E0DFF
:20768000DA016E0B91000048D94470346D002644DA006E033C013C0009FFDA08BB70FF0F3E
:2076A000260FACFD40F46DFF87FE40CFBD0FE1FF00902008DA7F7F4F05803BF007403C01F9
:2076C000F6423C3F9AF48200A00C911000F7D9FFD0A9D4FF3C1C09F155083FF10E8009F118
:2076E0005508FE1491100027D922E0A954214882A2213F010C8091100027D922E0A9542041
:20770000488FA2F040FC09FF5508C83FBD0FE5FFBD0C1800DA006E12DA006E10DA016E0EBE
:20772000F4AC89A0040991000048D94478046D00D543DA006E033C013C0040C46DFF6DFBE0
:2077400000902010DA08BE453C14910000F8D9FF6414F4AF3BD06DF07801910000F8D9FF76
:20776000B8F3F80291000048D94444216D00B6438200A00C91100027D922D0A9D42F3C16E4
:2077800009FF5408FE4291100027D922E0A95421488FA2F13F010A8091100027D922E0A904
:2077A0005420488FA2F040FCC83FBD0FEBFFBD0C2300DA006E1CDA006E1ADA016E18534449
:2077C00020F0910000F8D9FF74F410FFD4FFF4AF89AC840989A0080991000048D9447414D1
:2077E0006D007C43DA006E033C013C00820440C46DFF56FA009020088200A00C911000F7D5
:20780000D9FFECA9D4FF3C1391100027D922E0A95421488FA2F13F010A8091100027D92221
:20782000E0A95420488FA2F040FCC83FBD0FEEFFBD0C1800DA006E12DA006E10DA016E0EFC
:20784000F4AC89A0040991000048D94474246D004543DA006E033C013C0040C46DFFDDFAC4
:2078600000902010404CBD0C1580910000F8D9FFE813F4AF3B1011F07801910000F8D9FF39
:20788000B8F3F80291000048D94444216D00264309CF54089E14910000F8D9FFF413F4AF21
:2078A0003B2011F07801910000F8D9FFB8F3F80291000048D94444216D00104382183C0EEE
:2078C000534820F0910000F8D9FF5CF410FFD4FFD4F440C56D005B04C218BF48F3FF00906E
:2078E000A0056D0004003C0100902010404F405CA00DBD0F188091000028D922E873F4A294
:207900003B9035F07801910000F8D9FFB8F3F80291000048D94444216D00E0423B00FFFFD5
:207920003C7909FF54086E17910000F8D9FFD883F4AF3BA035F07801910000F8D9FFB8F3C5
:20794000F80291000048D94444216D00C7423B10FFFF3C60DA005E1540FD3B70FFFF3C5AAE
:2079600082246DFF3BE4402D7CD382FF3C53C84289D2900909FFD608ACDBDA0189DF140840
:2079800009FF550889DF1508089F2CD9DA002CD808BF2CDB08AF2CDA54FF74DF09FFD6085C
:2079A0006E2391100027D922D8A9D4227DF2098091100027D922D8A9C834F4243C139110BC
:2079C0000027D922D8A9D4223C0B09248C097DF40680C83489248C093C0509228C09BD0210
:2079E000F6FFA002E83240F46DFFF9FD911000F8D9FFEC86ECD6911000F7D9FFDCA9D4FFD3
:207A0000ECD3911000F7D9FFDCA9F4FD6D00AF35DA00BCC234CF40D23C010090404C405D0D
:207A2000BD0C260054CF6E23911000F7D9FFD0A9D4F540C46D001D00911000F7D9FFD8A972
:207A4000D4F540C46D001500BD0D120054DF6E0F911000F7D9FFDCA9D4FF3C0754FF54C0D9
:207A60007E0354DF74FFC83FBD0FFAFF00902010404C405FBD0C168091000028D922A8D39A
:207A8000F4A23B0090F0780191000028D922B8F389A2880991000048D94444216D001E42D9
:207AA0003C1C54FF54C0FE08C83DDA016E10DA016E0EDA016E0CF4AF91000048D9449CE3DF
:207AC0006D000C42DA006E033C013C0040F46DFFA4F940DF3C02C83FBD0FE5FF00903B000B
:207AE00004406DFFC3F93C0100908200910000F7D9FF2C4091000027D9222C40092FC008E0
:207B0000C21FB4FF910000F7D9FF2C4009FFC008BBF0FF1F7E18910000F7D9FF2C40BB004F
:207B200000FCB4FF82013C20534120F0910000F8D9FF5CF410FFD4FFD4FF3C1309FFD60878
:207B400091000027D9222C400922C0087E29C2103BF0FFF37F0F040082023C0F3CC8C83F11
:207B6000BD0FEEFFC211BF41E1FF910000F7D9FF2C4009F2C0083C0100902010BD041580B7
:207B8000910000F8D9FFA4C3F4AF3BF08AF07801910000F8D9FFB8F3F80291000048D94460
:207BA00044216D009B41910000F7D9FF284091000027D9222840542F91100027D922E0A965
:207BC0005420420F74FF910000F7D9FF284054F23C0100902010404FBD0F1780910000F8E7
:207BE000D9FF6CA4F4AF3B1085F07801910000F8D9FFB8F3F80291000048D94444216D00F3
:207C00006D411D00880009FF5408DF0F840009F05408DA0A5F0F7F0009FF5408DF1F7B0038
:207C2000DA006E0FDA006E0DDA016E0B91000048D94448B46D005241DA006E033C013C008E
:207C400009FF38196E18DA006E0FDA006E0DDA016E0B91000048D94458B46D003F41DA007C
:207C60006E033C013C0009F4B8196DFFBDEEA00289F2B81909FF2C196E11DA006E0FDA004A
:207C80006E0DDA016E0B91000048D94444C46D002541DA006E033C013C0009FF30196E11B0
:207CA000DA006E0FDA006E0DDA016E0B91000048D94468C46D001241DA006E033C013C001E
:207CC00009FF34196E14DA006E0FDA006E0DDA016E0B91000048D94450D46D00FF40DA002D
:207CE0006E033C013C0040F46DFFB1FC82FF89FFB00809F4AC196D00A40209F4B0196D0084
:207D0000A002A00289F2AC1989F2B019DA0089FFA81800902010404C405DBD0D15809100A0
:207D20000028D92278D4F4A23B3088F07801910000F8D9FFB8F3F80291000048D944442181
:207D40006D00CC40BD0C1580910000F8D9FF54E4F4AF3B4088F07801910000F8D9FFB8F398
:207D6000F80291000048D94444216D00B740D4CF7DDF0580CCD3F4CF3C0DD4CF3C09C83239
:207D80007DD2068009D28C09E8323C04C83FBD0FF8FFA00FECD340D46DFF1EFF09D054083A
:207DA000DA0A3E0E09DF54081E1B09DFDA082E0809DFDA089602ACDD40D46D00982309DF07
:207DC0005408DF1F440009DF2C196E14910000F8D9FF74E4F4AF3B3089F07801910000F814
:207DE000D9FFB8F3F80291000048D94444216D00754009DF30196E14910000F8D9FF90B332
:207E0000F4AF3B4089F07801910000F8D9FFB8F3F80291000048D94444216D005F4009DFFD
:207E200034196E14910000F8D9FFACB3F4AF3B6089F07801910000F8D9FFB8F3F8029100EC
:207E40000048D94444216D004940DA0089DF1408DA00ACDB3C14910000F8D9FF84C3F4AF08
:207E60003BE089F07801910000F8D9FFB8F3F80291000048D94444216D00304000902010F7
:207E8000404C405D0248BD0C1680910000F8D9FF6894F4AF3BD083F07801910000F8D9FFB8
:207EA000B8F3F80291000048D94444216D0016403C1B09CF5408DE14910000F8D9FF4CA431
:207EC000F4AF3BE083F07801910000F8D9FFB8F3F80291000048D94444216D00FF3F89CD96
:207EE0008C2989C81D0800902010404FBD0F1880910000F8D9FF20D4F4AF3B9060F0780118
:207F0000910000F8D9FFB8F3F80291000048D94444216D00E33F3B00FF2F3C6A09F2B81996
:207F200009284D0809FCB819A00289F2B819DA006E0FDA006E0DDA016E0B91000048D94401
:207F400008E46D00CB3FDA006E033C013C0009FF04296E0A09F28429C844820440F540C6D8
:207F60002D0200003C07A004820440F540C66D005F00DF0222806F581F0009FFE8083B00C2
:207F800086003E0609FFE808C21F89FFA80809FF04296E0A09F28429C844A006820440F544
:207FA0002D0200003C0282023B30FFFF7E243B30FF2F3C1E3C1B3B30FFFFFE24DA006E0F99
:207FC000DA006E0DDA016E0B91000048D94428E46D00843FDA006E033C013C003B30FF2F69
:207FE0003C0789FCB81982B23C0382023C0100902010404C405DBD0C1A0009CF5408DE14C2
:20800000910000F8D9FF7074F4AF3BF07DF07801910000F8D9FFB8F3F80291000048D9446B
:2080200044216D005B3F89CD842900902010406FBD051880910000F8D9FF5C04F4AF3B80E9
:2080400069F07801910000F8D9FFB8F3F80291000048D94444216D00413F3B00FF2F3C1249
:20806000BCFA09F4C80840546D000E0040F46DFFBBEC3C06F64540546DFF86F83C03820269
:208080003C0100902010404C0248BD0C1680910000F8D9FFD0A3F4AF3BF03CF078019100D6
:2080A00000F8D9FFB8F3F80291000048D94444216D00143F3C6A09CF5408DE14910000F8DB
:2080C000D9FFE8A3F4AF3B203DF07801910000F8D9FFB8F3F80291000048D94444216D00CB
:2080E000FD3E09C0E8084280370070003B0086103F01060009C1E8087F101780DA006E0FD5
:20810000DA006E0DDA016E0B91000048D944D0B36D00E43EDA006E033C013C003B0086F039
:2081200089CFA8083C0389C0A80840C46D00E104DA016E043B8021F03C033B0086F03FF26F
:20814000098009CFDA089602ACCD40C46D00CF21DA006E1BDA006E19DA016E1774A809CF52
:20816000E80878013B0086F009C0E808A20F370F70F0780291000048D944D4C36D00AE3E75
:20818000DA006E033C013C0000902010404C405DBD0D148091000028D922C013F4A2DAFFDE
:2081A0007801910000F8D9FFB8F3F80291000048D94444216D00923E3C0A09CFBC197DDF59
:2081C0000580A00F89CFBC1909CC8C09BD0CF7FF00902010404CBD0C1580910000F8D9FF0A
:2081E0004004F4AF3B2068F07801910000F8D9FFB8F3F80291000048D94444216D006E3EF2
:2082000082346DFFEBDF402F7CF3A0023C0C3B40014040F440C56DFFCADEC8146DFF5EED0E
:2082200040F23C010090404FBCFA481F6E04C8146DFFDAEB823440F46DFF67DF00903C05A7
:20824000D44F6DFFF2FF40F4BD04FCFF00902010404C405DBD0C1A0009CF5408DE1491002B
:2082600000F8D9FF5884F4AF3B307FF07801910000F8D9FFB8F3F80291000048D9444421FB
:208280006D002C3E89CD802900902010BD041680910000F8D9FF24F4F4AF3B0067F07801CA
:2082A000910000F8D9FFB8F3F80291000048D94444216D00133E3C038944150800902010B6
:2082C000911000F7D9FFE0A991100027D922E0A9542FC21F74FF911000F7D9FFE8A99110E0
:2082E0000027D922E8A9142FC21F34FFA00C91100027D922D0A9D42FBD0F1280DA006E0FD4
:20830000DA006E0DDA016E0B91000048D944C4D36D00E43DDA006E033C013C001D0056035F
:20832000DA006E0FDA006E0DDA016E0B91000048D944E4D36D00D23DDA006E033C013C0050
:2083400009FF5408EE1591000028D922C8E3F4A23BE04BF0780191000028D922B8F389A268
:20836000880991000048D94444216D00B73D09FF5408DE1591000028D922F4E3F4A23BF00D
:208380004BF0780191000028D922B8F389A2880991000048D94444216D00A03D09F0540814
:2083A000DA0AFE0591000028D922E0F3F4A23B004CF0780191000028D922B8F389A28809AE
:2083C00091000048D94444216D00883D09FF5E0891100027D922E8A914207E0540FCC83F54
:2083E0001D00F40291100027D922E8A9142F89FF1E088208820909FF5408DE2809F0421853
:20840000BF601580C218DA006E0FDA006E0DDA016E0B91000048D9441C046D005F3DDA00D5
:208420006E033C013C001D00200109FF4218BFCF1580C218DA006E0FDA006E0DDA016E0BB5
:2084400091000048D94404146D00483DDA006E033C013C001D00090109FF59286E6F09FFC3
:2084600030196E1591000028D9222C14F4A23B404DF0780191000028D922B8F389A288095A
:2084800091000048D94444216D00283D09FF2C19EE1591000028D9222024F4A23B504DF009
:2084A000780191000028D922B8F389A2880991000048D94444216D00113D09FF5A28BFCFFA
:2084C0000480C2183C3909FF592891000028D9226CF41022092F7FF809F058287FF00780DC
:2084E00009F05828C21089F0182809F058283FF02480821A09FFE018EE0740F46D00592E73
:208500007622820A3C0C09F4E01840F46D00AE27F62640F46D00EB1FF622820A76ADDA001C
:2085200089FF182809FF5928FF7F078009FF5928C21F89FF19281D00980009FFB0080EFC33
:2085400009FFB0083BF0FF077F0F070009FFB008C21F89FFB00809FFB00809F080183F0F15
:208560008400DA006E15DA006E13DA016E1109FFB00874AF09FF8018780191000048D94473
:2085800018346D00AB3CDA006E033C013C0040F46D00B425762709FF3019EE6609FF2C196E
:2085A0006E6309FF5408DF2F210009FF4218FFCF058009FF42183C02DA0C09F0BC0886D009
:2085C00009F1BE08421091000028D9224CF41022142F0FF010003BF0FFF77FF003003C033F
:2085E0003BF0FF0789F08018DA0089FFB00809FFC81809F0E0187F0F058009FFC8183C030C
:2086000009FFE0188FFF3F0089F08A1886FF09F0F2088610370070007F0F078009FFF208A6
:20862000861F89FF8A1809FFF20889FF8818DA006E15DA006E13DA016E1109FFC81874AF24
:2086400009FFCA18780191000048D9443C346D00453CDA006E033C013C00DA0089FFAA187B
:2086600040F46D00262509FF5408DF6F218009FFDA086F4F1D0091100027D922E0A9542036
:20868000488FA2F0DA287F0F1380C218DA006E0FDA006E0DDA016E0B91000048D94420441A
:2086A0006D001C3CDA006E033C013C00089F6F3F7E0009FF54081E4509FF5408DF7F7780DE
:2086C00091100027D922E0A95420488FA2F009FF14293B80CB149BA10010421F3B401F103B
:2086E0004B1F11227F024480DA006E0FDA006E0DDA016E0B91000048D94410546D00EE3BA8
:20870000DA006E033C013C00DA006E1EDA006E1CDA016E1A481F16FF74AF481F370F68F4C0
:208720007801481F370F68F87802481F370F68FC780391000048D9445CD16D00CF3BDA0039
:208740006E033C013C00DA006E0FDA006E0DDA016E0B91000048D94470D16D00BF3BDA00B7
:208760006E033C013C00C218C2193C2091100027D922E0A95420488FA2F009FF5B283BF01F
:208780004912063109F21429031F0AF23B401F104B1F11227F020B8040F46D00E81DF626DC
:2087A00009FF5B28C21F89FF1B2809FF34196E2191100027D922E0A95420488FA2F009FF6D
:2087C0008018536F20F03FF01580DA006E0FDA006E0DDA016E0B91000048D94414646D0090
:2087E0007D3BDA006E033C013C0040F46DFF2FF709FF5408DE3C91100027D922E0A95420F9
:20880000488FA2F0DA287F0F1380C218DA006E0FDA006E0DDA016E0B91000048D944007488
:208820006D005C3BDA006E033C013C0009F05408DA09FE0C91100027D922E0A95420488F97
:20884000A2F0DAF07F0F1380C218DA006E0FDA006E0DDA016E0B91000048D94430746D00BA
:208860003D3BDA006E033C013C00DF08710009FD902940F46DFFB0F9BD0C210091100027AA
:20888000D922D0A9D4227D2F168091000028D9222084F4A23BD056F0780191000028D922C0
:2088A000B8F389A2880991000048D94444216D00153BC83289C28C093C2291100027D9223E
:2088C000D0A9D4227DF2160091000028D9220C94F4A23B1057F0780191000028D922B8F350
:2088E00089A2880991000048D94444216D00F63A91100027D922D0A9C834F424769E09F463
:208900001019489540F6B04609F6D60809F7D80840F440F56D008024C84E40F4C83F6DFF31
:208920005EF691100027D922D4A9DA00342FBCD63B30FF4F40E42D0D000091100027D922FA
:20894000D4A9142F6E031DFFD3FC3C3F40FCC83F09CF5C08C21F89CF1C0809CF5C0809C09F
:208960005D083F0F3380DA0089CF1C08DA006E0FDA006E0DDA016E0B91000048D944389479
:208980006D00AC3ADA006E033C013C0091100027D922D4A9DA00342F09CF0C296E0909C2F4
:2089A0008C2909C4900940C52D0200003C02820291100027D922D4A9142F6E031DFF98FC02
:2089C000F62440C46D00931DBD0FACFCA00C91100027D922ECA9D42D3C7209D05408DA0A1C
:2089E000BE0491000028D9221CA4F4A23B105AF07801910000F8D9FFB8F3F80291000048BE
:208A0000D94444216D006A3A8200911000F7D9FFE0A954F14CD8A2F1DAF07F1F0380C2108F
:208A2000DF004B0040D46DFFD7F8BD0C1F00911000F7D9FFECA9D4FF7DFD1580910000F865
:208A4000D9FF0CB4F4AF3BF05AF07801910000F8D9FFB8F3F80291000048D94444216D001F
:208A60003D3ACCD3ECC33C22911000F7D9FFECA9D4FF7DDF1500910000F8D9FF34B4F4AF9E
:208A80003B305BF07801910000F8D9FFB8F3F80291000048D94444216D00203A911000F7E7
:208AA000D9FFECA909D28C09F4F240D409DD8C096DFF95F53C0440DC09DD8C09BD0D8FFF3F
:208AC00000906DFF13F5911000F7D9FFE4A991100027D922E4A9142FC21F34FF911000F756
:208AE000D9FFE4A914FF2E036DFFEBFB00902010404FBD0F168091000028D922D093F4A21D
:208B00003B603AF0780191000028D922B8F389A2880991000048D94444216D00DF39489F35
:208B200009F0E808420F09F0F2083B0043107F0105003B0043003C0309F0F20848B14210FA
:208B400052000E0809F0E80889F0AA0848B052023C28489F48B0A20F8EF5DA0089FFAA08C2
:208B60003C1E48BF48905208BBF0FFFF7F8F168091000028D922F493F4A23B603BF0780105
:208B800091000028D922B8F389A2880991000048D94444216D00A23989F8AA0882023C0123
:208BA0000090911000F7D9FFF0A96DFF9AF7F4F2911000F7D9FFF0A954FF6E3B911000F79C
:208BC000D9FFF0A9D4F491000058D95530203B803E406DFF4BF2DF021C80911000F7D9FF26
:208BE000F0A991100027D922F0A9D4243BF00F406DFF78F6F4F2911000F7D9FFF0A9D4F47D
:208C000091200058D955D2186DFF0BF13C11DA016E0FDA016E0DDA016E0B91000048D94486
:208C2000A0046D005B39DA006E033C013C003C11DA016E0FDA016E0DDA016E0B91000048A3
:208C4000D94494146D004A39DA006E033C013C000090405C3B0011406DFFFFD5402FBD0F68
:208C60003A00DA0134FFE81CA002E82249F40C0A82043B0010506DFFD5DADA0089FF8C4837
:208C800040C440F56DFFEEF191200058D955DC4840C46DFFAFF991200058D955E27840C448
:208CA0006DFFD7FA91000058D9558E1740C46DFFFFF391200058D955DA38820440C46DFF1A
:208CC000E0F8DA0091000048D94484246DFFC9703C0282FF02F23C010090404F405CBD0F28
:208CE0001800482FEE0409FFCC486E0A40C440F56D008F0040C440F56D0064003C0714FFCA
:208D00005E3540C440F56DFF857582023C0640C46DFF83F03B30FF2F3C010090404F405CE7
:208D2000406D024FBD0D1580DA0334FF482FEE0640C440F56DFF6E753C0940C440F56D00E8
:208D4000680040C440F56D003D00DA003C376E08BCD6A002E82240D46DFF46E63C2F14FF9D
:208D60005E1EDA0234FFE82D40C440F56D00510040C440F56D002600DA003C2014FFDE2346
:208D8000482FEE0BE82D40C440F56D00420040C440F56D0017003C05C82440D56DFF7EE499
:208DA000DA003C0C09D4C80840C46DFF6DF9A002E82240D46DFF18E6DA0002F23C01009049
:208DC000405F09FFCC48EE023C0C49F50C0A09F4CC4882156D00B224F624DA0089FF8C4811
:208DE0000090404F405C482F6E0A40C440F56D00100040C440F56DFFE5FF3C0714FF5E35A1
:208E000040C440F56DFF067582023C010090404C405F3C2FC82D09FFCC4809D0CA08420F3E
:208E20003B0010003FF0260009FFCC4810F249240C0A09D5840909D4CA086DFFB8D809FFD3
:208E4000CC4809D0CA08420F89FF8C4809D8CA08D4D2E822482F6E04C8246DFF3FE740D4C8
:208E60006DFFC2E5DF02FD7F40C402846DFF0CF9482FEED100902018404C405D406E89A782
:208E800090091D00AC00DA006E2EDA006E2CDA016E2A09D290090924CC086DFF87AE8FF27C
:208EA00003F116036E03DA013C02DA00CCD448146DFF66AE0228CCD448146DFF61AE09D04B
:208EC000C80842F0420274A889A2040989AE880991000048D944D8B46D000038DA006E03BE
:208EE0003C013C0040DF89AD8C09D4DDC8146DFFF2E30228DA006E12DA006E10DA016E0E0E
:208F000009CFE61874AF91000048D944F4C46D00E537DA006E033C013C0009CFE6187F8F79
:208F20001580910000F8D9FFD4D4F4AF3B7045F07801910000F8D9FFC4C4F80291000048DB
:208F4000D94444216D00CA3709CFE618A28F89CFA618911000F7D9FFD0B991100027D92248
:208F6000D0B9092FC00809A28C090920C808420FB4FF09A48C096DFF58F9DA006E14DA00F6
:208F80006E12DA016E1009CFE61874AF89AE840991000048D944FCD46D00A037DA006E03E6
:208FA0003C013C0009CFE6186E19BD0D1880D804BD0F1580910000F8D9FFD4E4F4AF3B1035
:208FC00046F07801910000F8D9FFC4C4F80291000048D94444216D008137BD0D1E00CCD4F7
:208FE00009F4CC086DFFE2AD8FF203F116036E0382183C028208CCD448146DFFC1AD09DF86
:20900000C808428F42F2911000F7D9FFF4A954FFA2F2BF123A7F40D23C010090911000F786
:20902000D9FFE4B909FFC008911000F7D9FFE4B991100027D922E4B90920C008C210B4F017
:20904000911000F7D9FFF0B954F07609911000F7D9FFECB909F0C0087F0F0C80911000F7AC
:20906000D9FFE8B9D4FF49FF140A10FF14F23C12911000F7D9FFECB909F0C008A20F370F0E
:2090800068F0911000F7D9FFF0B9D4FF10FF14F23C0100902010404CBD0C148091000028D8
:2090A000D922D454F4A2DA837801910000F8D9FFC4C4F80291000048D94444216D000E3731
:2090C00091100027D922D469911000F7D9FFD46909FFEE28C21F892FAE28911000F7D9FFE6
:2090E000E8B909C28409F4F209C0CA08DA147FF02480DA006E12DA006E10DA016E0E09CF14
:20910000C80874AF91000048D9440C256D00E636DA006E033C013C00911000F7D9FFD4693B
:2091200091100027D922D469092FF628C21F89FFB6281D008105910000F7D9FFB82009F4BA
:209140001209910000F7D9FFB820D4F46DFF41CAF62B910000F7D9FFB82009FF120916F0FB
:209160003B000E00FE00911000F7D9FFD46991100027D922D469092FFC28C21F89FFBC2852
:209180001D005A05826409C5C808910000F7D9FFB82049F50E0A910000F7D9FFB82049F6CA
:2091A000120A40C46DFFDFC3DF022200DA006E10DA006E0EDA016E0C74A291000048D9446F
:2091C00038756D008B36DA006E033C013C00911000F7D9FFD46991100027D922D469092F0B
:2091E000F428C21F89FFB4281D002605911000F7D9FFE8B9D4FF09F4CC086DFFD7AC8F4251
:209200003F408624DA143FF4068009CFC8087F4F2280DA006E10DA006E0EDA016E0C74A44B
:2092200091000048D94428E56D005836DA006E033C013C00911000F7D9FFD46991100027F7
:20924000D922D469092FF628C21F89FFB6281D00F304911000F7D9FFF4B98BC41EF0B4FFF8
:20926000911000F7D9FFF0B9A002F4F209CFCA083F4F0E80911000F7D9FFECB98BC41EF015
:20928000B4FF40C46DFF46E51D00970054CFEE13910000F8D9FF5805F4AFDAC278019100A1
:2092A00000F8D9FFC4C4F80291000048D94444216D0014363B40014040C46DFF2BE591106D
:2092C00000F7D9FFECB909CFCA08B4FF911000F7D9FFF4B909FFC00809C0CA08A20F370F3E
:2092E00070F009C4CA0840C46DFF14E5D4CF09F0CA087FF02580DA006E13DA006E11DA01F5
:209300006E0FD4CF09FFCA0874AF91000048D944A4246D00E335DA006E033C013C00911088
:2093200000F7D9FFD46991100027D922D469092FF628C21F89FFB6281D007E04911000271D
:20934000D922F0B9D4CFC81FF42FD4C402F46DFFE1E409C0C808A2F089C0880809CFCA084F
:209360006E13910000F8D9FF9834F4AFDADF7801910000F8D9FFC4C4F80291000048D94491
:2093800044216D00AB3509CFC808D4CF09F0C808BE03910000F8D9FFA434F4AFDAE0780137
:2093A000910000F8D9FFC4C4F80291000048D94444216D009335911000F7D9FFE8B9D4FF56
:2093C00091100027D922E8B9D4220924C0086DFFEDABB4F2911000F7D9FFE8B9D4FF91100F
:2093E0000027D922E8B9D4220924C2086DFFDEABA812911000F7D9FFE8B9D4FF48146DFF62
:20940000BFAB911000F7D9FFE8B9D4FF6812911000F7D9FFDCB974F2911000F7D9FFE8B908
:20942000D4FF48246DFFACAB911000F7D9FFE8B9D4FF6822911000F7D9FFF4A974F29110A8
:2094400000F7D9FFE8B9D4FF91100027D922E8B9D4220924CE086DFFA9ABA872911000F7FA
:20946000D9FFF8A991100027D922E8B9D4220924CC086DFF9BAB8FF203F134FF911000F726
:20948000D9FFF8B909CFC808B4FF911000F7D9FFF8A914FF16036E32911000F7D9FFF8B9EA
:2094A00009CFC808C21FB4FF911000F7D9FFF8B909FFC00809C0C8087F0F2180DA006E0F60
:2094C000DA006E0DDA016E0B91000048D94484446D000435DA006E033C013C00911000F723
:2094E000D9FFD46991100027D922D469092FF628C21F89FFB6281D009F03A00D9110002786
:20950000D922D0A9D42E1D00C60009EF5408EE1391000028D922BC44F4A2DAFB7801910074
:2095200000F8D9FFC4C4F80291000048D94444216D00D43409E05408DA0AFE03910000F856
:20954000D9FFA454F4AFDAFC7801910000F8D9FFC4C4F80291000048D94444216D00BE34AC
:2095600009EF5408DE13910000F8D9FF9064F4AFDAFD7801910000F8D9FFC4C4F8029100EA
:209580000048D94444216D00A9340CE86E0F0CE8910000F7D9FFB820C81F09F07008C210F0
:2095A000370068003E0340ED3C7309EFD808911000F7D9FFE8B9D4FF09F0C0085F0F68801C
:2095C00009EFD608911000F7D9FFE8B9D4FF09F0C2085F0F5D804CE1910000F7D9FFB8205E
:2095E00009F00E095F0F548054EF910000F7D9FFB82009F012095F0F4B80CCE37DEF1580A1
:20960000910000F8D9FFB864F4AF3BD010F07801910000F8D9FFC4C4F80291000048D944CD
:2096200044216D005B34BCDFCCE3ECD3911000F7D9FFD0A9D4FFECE3911000F7D9FFD0A94C
:20964000F4FE3C0E911000F7D9FFD46991100027D922D469092FC238C21F89FF8238CCE31D
:209660007DEF1580910000F8D9FFA474F4AF3B5011F07801910000F8D9FFC4C4F802910054
:209680000048D94444216D0029343C0640ED09EE8C09BD0E3CFFBD0EDF80911000F7D9FF9B
:2096A000ECA9D4FE3C6809E05408DA0ABE04910000F8D9FF9084F4AF3BF011F07801910066
:2096C00000F8D9FFC4C4F80291000048D94444216D0004340CE86E0E0CE8910000F7D9FF74
:2096E000B820C81F09F07008C210370068003E023C4009EFD808911000F7D9FFE8B9D4FF51
:2097000009F0C0085F0F368009EFD608911000F7D9FFE8B9D4FF09F0C2085F0F2B804CE1A1
:20972000910000F7D9FFB82009F00E095F0F228054EF910000F7D9FFB82009F01209FE093B
:20974000DA006E0FDA006E0DDA016E0B91000048D94480946D00C233DA006E033C013C00D9
:2097600040E46D005B1340C46DFF3EE11D00740209EE8C09BD0E99FFA00491100027D92272
:20978000DCA9D42D3C300CD86E0F0CD8910000F7D9FFB820C81209207008C210370068006E
:2097A0003E0340D43C1E09DFD60891100027D922E8B9D4220920C208FE03DA006E023C154B
:2097C000DA016E0E54DF91000027D922B820092012097E023C0ABCD354DFEE023C0640D462
:2097E00009DD8C09BD0DD1FFBD0D3600BC4FCCD3EC43911000F7D9FFDCA9D4FFECD3911053
:2098000000F7D9FFDCA9F4FD3C0E911000F7D9FFD46991100027D922D469092FC238C21FF9
:2098200089FF8238DA006E0FDA006E0DDA016E0B91000048D944B0946D005033DA006E0371
:209840003C013C0040D46D00430240C46DFFCCE01D000202BD0E7301911000F7D9FFFCA938
:20986000A002F4F2911000F7D9FFFCA909CFC808ACF4911000F7D9FFFCA9E81C9110002722
:20988000D922FCA9911000F7D9FFE8B9D4FFEC24911000F7D9FFD4B9A002F4F2911000F717
:2098A000D9FFD8B9DA0034FF911000F7D9FFD0B9DA00B4FF911000F7D9FFF8A914FF2E3426
:2098C0000CCD96012CCD09EF38196E2640E46DFF0DF33B30FFFF3E2B09EF38196E1D91106B
:2098E00000F7D9FFF8B909FFC0086E1609EFEA08EE0440E46D000D1D911000F7D9FFD46950
:2099000091100027D922D469092FF228C21F89FFB2281D00F400911000F7D9FFE0B9F4FEA6
:2099200040E46D005E043B30FFFF5F2FE800911000F7D9FFD8B914FF6F3F190009EF102949
:209940006E0909EF902909E490093B20FF4F2D0F000091100047D944D0A940E56DFFDCF198
:2099600040E46DFF3CEE1D00CA00911000F7D9FFD0B909FFC0086E1E911000F7D9FFD0B9F8
:2099800009F4C00809EF00296E0909EF802909E4900940E52D0F00003C0282023B30FFFFB7
:2099A0007E231D00AC00911000F7D9FFD0B9DA00B4FF40E46D00510176231D00A0009110DD
:2099C00000F7D9FFD4B954FF6E5D09EF38196E14910000F8D9FFA0A4F4AF3B601EF07801D8
:2099E000910000F8D9FFC4C4F80291000048D94444216D00733209EFDA082E4C911000F72B
:209A0000D9FFD4B9D4F46DFFEFDF40E46DFF05EA3C7509EF04296E0F09EF842909E49009E2
:209A200091100027D922D4B9D426820440E52D0F00003C0BA004911000F7D9FFD4B9D4F643
:209A4000820440E56DFFF4F23B30FFFF7E223C56DF021900911000F7D9FFD4B9D4FF89EF2C
:209A6000B819DA006E0FDA006E0DDA016E0B91000048D944BCA46D003132DA006E033C0167
:209A80003C00911000F7D9FFD8B914FF6F5F290009EF38196E0909E2B81909EFB81908DF53
:209AA00096202C2D3C1D09EFE8083B0086003E0609EFE808C21F89EFA80809EF04296E0BC2
:209AC00009EF842909E49009A006820440E52D0F00003C0282023B30FFFF7E223C0F911017
:209AE00000F7D9FFE0B9A002F4F240E46D00B50076223C0440E46D00FA14911000F7D9FF49
:209B0000E0B9A002F4F2911000F7D9FFD4B9A002F4F2911000F7D9FFFCA9481F6E0E911006
:209B200000F7D9FFFCA9C8146DFF5EDF911000F7D9FFFCA9A002E8123C69DA006E0FDA00A5
:209B40006E0DDA016E0B91000048D944B4B46D00C531DA006E033C013C00911000F7D9FF41
:209B6000E8B9D4FF09F4CC086DFF20A88FF203F16F2F4A80911000F7D9FFD469911000271A
:209B8000D922D469092FFC28C21F89FFBC28911000F7D9FFD46991100027D922D469092FFF
:209BA000F228C21F89FFB228A004911000F7D9FFF4A954F4911000F7D9FFDCB954F5911060
:209BC00000F7D9FFF8B909FFC00842F5910000F7D9FFB82049F5120A910000F7D9FFB82034
:209BE00049F60E0A911000F7D9FFE8B9D4FF09F6C208911000F7D9FFE8B9D4FF09F7C008B5
:209C00006D000A1B40C46DFFEFDE3C14910000F8D9FFA0C4F4AF3B9024F07801910000F8DC
:209C2000D9FFC4C4F80291000048D94444216D0055313C11911000F7D9FFD46991100027BA
:209C4000D922D469092FF228C21F89FFB22840C46DFFCADE00902010404CBD0C15809100E4
:209C60000028D922BCC4F4A23BA025F07801910000F8D9FFC4C4F80291000048D944442104
:209C80006D002C3191100027D922D8B9142F6F4F1C0009CFDA08AE4C09CF10296E0909CF75
:209CA000902909C490093B10FF4F2D0F000091100047D944D0A940C56DFF2EF040C46DFF33
:209CC0008EEC82123C0382023C0100902010404C91100027D922F8A9142F2E231D003601DE
:209CE000BD0C158091000028D922A4D4F4A23B1028F07801910000F8D9FFC4C4F8029100F4
:209D00000048D94444216D00E930911000F7D9FFF8A914FF6F4F4200DA006E0FDA006E0D23
:209D2000DA016E0B91000048D94484E46D00D630DA006E033C013C00911000F7D9FFF4A92D
:209D400054F4911000F7D9FFDCB954F5911000F7D9FFF8B909FFC00842F5910000F7D9FFE5
:209D6000B82049F5120A910000F7D9FFB82049F60E0A911000F7D9FFE8B9D4FF09F6C20875
:209D8000911000F7D9FFE8B9D4FF09F7C00840C46D00421A1D00D900911000F7D9FFF8A943
:209DA00014FF6F1FD200DA006E1FDA006E1DDA016E1B911000F7D9FFE8B9D4FF09FFC0084C
:209DC00074AF911000F7D9FFE8B9D4FF09FFC208780191000048D944B4E46D007F30DA00AD
:209DE0006E033C013C0009C455086DFF3FE8402FBD0F2B80DA006E0FDA006E0DDA016E0BD6
:209E000091000048D94498F46D006830DA006E033C013C00911000F7D9FFD4699110002782
:209E2000D922D469092FF828C21F89FFB8284CC66E09CCC609C49009A00582F42D0F000071
:209E40003C011D00830091000027D922B820092F120974FF91000027D922B820092F0E09FA
:209E60006CF109CFD608ACFB91100027D922E8B9D422092FC008ACFCDA0389FF1408911004
:209E80000027D922DCB9542FC21F6CF9489F6CFB40F46DFF74EE89F2181989F2101989F227
:209EA000041989F21C1991100027D922DCB9542FC2FF89FF141909C29009E84289FCBC199C
:209EC0000CC9160C2CF90CC82CF891100027D922D0A9D422E83291100027D922D0A9F42FC3
:209EE0006D00452391100027D922D4A9DA01342F40F46D009A0091100027D922E8B9D4227A
:209F0000092FCE0889FFA01809FFE01889FFA21840F4B0446DFFC8C209F4F20840F5B04572
:209F200040246DFF96EA89F2B2083B20014040F46D00C8107626820440F46DFFB1E63C05ED
:209F400040F46D00D4123C0100902010404C405DBD0C158091000028D922F0A4F4A23BF0ED
:209F600041F07801910000F8D9FFC4C4F80291000048D94444216D00B12FCCC409F4CC084B
:209F80006DFF14A68FF203F12E0640D46DFF59F1A00D3C483C17CCD409F4CC086DFF06A61B
:209FA0008FF203F12E0BCCC409C29009092FCC0882146DFFFBA5A62FACF640D4D4DD6DFFA9
:209FC00034F1BD0D1200911000F7D9FFDCB954F009CFC80842F0CCD4481F09D1C808421F4B
:209FE000A2F0FF00DA7FBD0D1E00911000F7D9FFDCB954F009CFC80842F0CCD4481FA2F0D3
:20A00000BF101100CCD4481F911000F7D9FFDCB954F0A20FACC409C4840909C4C8086DFF8C
:20A02000E0DDF4CD00902010404CBD0C1580910000F8D9FF24D5F4AF3BD077F0780191007F
:20A0400000F8D9FFC4C4F80291000048D94444216D00442F911000F7D9FFF4B909FFC00886
:20A06000DF0FBE00911000F7D9FFE4B9DA00B4FF1D00A8006DFFD4F7DA003E27DA01BE279F
:20A08000DA025F2F26003C6BDA006E0FDA006E0DDA016E0B91000048D94400E56D001E2FF4
:20A0A000DA006E033C013C001D009A00DA006E0FDA006E0DDA016E0B91000048D94414E536
:20A0C0006D000C2FDA006E033C013C003C7ADA006E0FDA006E0DDA016E0B91000048D94468
:20A0E00010F56D00FB2EDA006E033C013C006DFF97F7DF421280911000F7D9FFE4B909FF3F
:20A10000C008C2EFC24F911000F7D9FFF4B909F0C0087FF01300DA006E0FDA006E0DDA01CE
:20A120006E0B91000048D94424F56D00D72EDA006E033C013C003C536DFF72F78F8220F0DC
:20A140006DFF6EF7A62F3B8021003FF00380EE043B8021F03C0189CFB2083C33DA006E0FF8
:20A16000DA006E0DDA016E0B91000048D94440056D00B42EDA006E033C013C006DFF50F735
:20A18000FF221380DA006E0FDA006E0DDA016E0B91000048D94424F56D00A02EDA006E0376
:20A1A0003C013C003C1C911000F7D9FFE4B991100027D922E4B90920C0089AE242F0B4F01E
:20A1C000911000F7D9FFE4B909FFC008911000F7D9FFF4B909F0C0083F0F4EFF0090201069
:20A1E000404C8208BD0C158091000028D922E404F4A23BC031F07801910000F8D9FFC4C43B
:20A20000F80291000048D94444216D00672E91100027D922F8A914206F20A00009CF5408EC
:20A220005E2B911000F7D9FFF4A954F009CF10197E0282183C22911000F7D9FFDCB954F082
:20A240004CC97E0382183C19911000F7D9FFDCB954F04CC9A2F0BF001100911000F7D9FF49
:20A26000DCB954F04CC909C1E808421FA2F04E0509CFDA089602ACCDDF083D00DA006E0FAA
:20A28000DA006E0DDA016E0B91000048D944C0146D00242EDA006E033C013C0009CF540894
:20A2A000EE14910000F8D9FFE014F4AF3B8033F07801910000F8D9FFC4C4F8029100004891
:20A2C000D94444216D000A2E911000F7D9FFD8B991100027D922D8B9142F960834FF09CF16
:20A2E000DA08BBE0FF0F260FACCD3B20FF2F1D00C704DA006E17DA006E15DA016E139110FB
:20A3000000F7D9FFDCB954FF74AF4CC9780191000048D944C0246D00E12DDA006E033C01F8
:20A320003C00DA006E17DA006E15DA016E13911000F7D9FFDCB954FF74AF4CC9780191002F
:20A340000048D944C0246D00C92DDA006E033C013C0082021D009404911000F7D9FFF8A943
:20A3600014FF2E1E09CF54081E2B09CF54081E3809CFDA089602ACCD82021D00810409CFAE
:20A38000DA08AE47911000F7D9FFE0A954FF6CC8DA0089CF1B28DA0089CF1A2840C46DFF0D
:20A3A00044FE09C05408DA02BE08DA035F0F7F01DA045F0F9902DA055F0FA802DA065F0F9D
:20A3C0003F03DA075F0F9002DA085F0FA303DA095F0F11041D005104DA006E20DA006E1EBE
:20A3E000DA016E1C09CFB019C84F48146DFFC8A3911000F7D9FFF4A954FF74AF09CF101989
:20A40000780189A2080991000048D944F8246D00652DDA006E033C013C00911000F7D9FF42
:20A42000F8A914FF6F4F0201911000F7D9FFF8A914FF6F1FFB00911000F7D9FFF4A954F0A9
:20A4400009CF0419C21F5F0FF180911000F7D9FFDCB954FFC21F6CC94CC96CCB911000F7F5
:20A46000D9FFF4A954FF89CF0419911000F7D9FFE8B9D4FF09FFCE0889CFA01809CFE018FD
:20A4800089CFA218911000F7D9FFDCB954FFC2FF89CF1419DA0489CF140840C4B0446DFF56
:20A4A00003C009C4F20840C5B04540246DFFD1E789C2B20809CFF208532F20F03BC011011A
:20A4C0007FF0078009CFF208532F20F03C033BC011F109C0F208534020007FF0078009CFA2
:20A4E000F208534F20F03C1009CFF208532F20F03BC011017FF0078009CFF208532F20F099
:20A500003C033BC011F189CF8818DA006E15DA006E13DA016E1109CFC81874AF09CFCA1860
:20A52000780191000048D944E8346D00D72CDA006E033C013C0009CFE618EE14910000F8FB
:20A54000D9FFD444F4AF3BC036F07801910000F8D9FFC4C4F80291000048D94444216D0023
:20A56000BD2C09CFE618C2FF89CFA618DA006E12DA006E10DA016E0E09CFE61874AF9100B2
:20A580000048D944EC446D00A92CDA006E033C013C0009CDB019BD0D1D8009CDAC19BD0DB5
:20A5A0001580910000F8D9FFEC54F4AF3B4037F07801910000F8D9FFC4C4F80291000048EB
:20A5C000D94444216D008A2CD4DF89CFAC193C04D4DF89CFB01940D46DFF27EE09CF30193C
:20A5E000EE0582FF89CFB0083C07DA0089CFB008DA0089CF021809CF08296E0A09CF882954
:20A6000009C49009820440C52D0F00003C0282023B30FFFF7E253B30FF2F1D00310309CF7D
:20A62000DA089602ACCD3C40911000F7D9FFF8A914FF6F4F3A00911000F7D9FFF4A954F43A
:20A64000911000F7D9FFDCB954F5911000F7D9FFF8B909FFC00842F5910000F7D9FFB8204C
:20A6600049F5120A910000F7D9FFB82049F60E0A911000F7D9FFE8B9D4FF09F6C2089110A3
:20A6800000F7D9FFE8B9D4FF09F7C00840C46D00C31509CF4218FF6F0880DA0089CFB00854
:20A6A00040C46D00E7141D00E902911000F7D9FFF8A914FF6F4F0501911000F7D9FFF4A931
:20A6C00054FF09C00419C210A20FBF0FCB00911000F7D9FFF4A954FF09C01019A20FFF1F04
:20A6E000C100DA0489CF1408DA006E1FDA006E1DDA016E1B911000F7D9FFFCA9C84F09FFE3
:20A70000C00874AF911000F7D9FFFCA9C84F09FFC208780191000048D944C0646D00DE2B47
:20A72000DA006E033C013C0009CF3C19EE0382A23C2809CFBC19486FEE14910000F8D9FFE8
:20A74000E864F4AF3B803AF07801910000F8D9FFC4C4F80291000048D94444216D00BE2B18
:20A7600009CFBC19486F6E0B09CFBC19C86F09C49009820440C52D0F00003C033B00FF2F43
:20A78000762B3B30FFFF3E2440C46DFF46E33B30FF2F1D00750240C46D007302911000F709
:20A7A000D9FFD0B909FFC0086E0D911000F7D9FFD0B991100027D922D0B9092FC008C2FFE7
:20A7C000B4FF09CFF208532F20F03BC011017FF0078009CFF208532F20F03C033BC011F1BF
:20A7E00009C0F208534020007FF0078009CFF208534F20F03C1009CFF208532F20F03BC0BE
:20A8000011017FF0078009CFF208532F20F03C033BC011F189CF8818DA006E15DA006E13E0
:20A82000DA016E1109CFC81874AF09CFCA18780191000048D944C8746D00502BDA006E034B
:20A840003C013C00911000F7D9FFD8B914FF2E5809CFDA089602ACCDDA0789CF14083C2F5A
:20A86000911000F7D9FFF4A954F4911000F7D9FFDCB954F5911000F7D9FFF8B909FFC00844
:20A8800042F5910000F7D9FFB82049F5120A910000F7D9FFB82049F60E0A911000F7D9FFF0
:20A8A000E8B9D4FF09F6C208911000F7D9FFE8B9D4FF09F7C00840C46D00AE143C1291108D
:20A8C00000F7D9FFF8A914FF2E1C911000F7D9FFDCB954F04CC9C2FF7E0440C46D00DE12A9
:20A8E0001D00CC0140C46D00CC01911000F7D9FFD8B914FF2E5809CFDA089602ACCDDA07EA
:20A9000089CF14081D00BA0140C46D00BA01911000F7D9FFD8B914FF6F5F7C00911000F7C9
:20A92000D9FFF8A914FF6F4F6D00911000F7D9FFF4A954FF09C010195F0F648009CF2C199F
:20A94000EE60DA006E1FDA006E1DDA016E1B911000F7D9FFFCA9C84F09FFC00874AF9110B9
:20A9600000F7D9FFFCA9C84F09FFC208780191000048D944F8746D00B12ADA006E033C01CF
:20A980003C0009CFDA089602ACCD40C46DFF24E9911000F7D9FFD0A9D4FF7DCF0A80911000
:20A9A00000F7D9FFD0A909C28C09F4F23C11911000F7D9FFD0A9D4FF3C09C8327DC20680FC
:20A9C00009C28C09E8323C04C83FBD0FF8FFA00FECC3911000F7D9FFD4A9DA0134FFDA0AB6
:20A9E00089CF1408911000F7D9FFECA9D4FFECC3911000F7D9FFECA9F4FC6D00B81D3C08E1
:20AA000009CFDA089602ACCDDA0889CF14083C15911000F7D9FFF8A914FF2E4F911000F78B
:20AA2000D9FFF4A954FF09C010197E0709CF2C19EE04DA0689CF14081D00200140C46D00C5
:20AA40002001911000F7D9FFD8B914FF6F5F6000DA006E1FDA006E1DDA016E1B911000F7CB
:20AA6000D9FFFCA9C84F09FFC00874AF911000F7D9FFFCA9C84F09FFC208780191000048FF
:20AA8000D944E8846D002A2ADA006E033C013C0009CFDA089602ACCD40C46DFF9DE8911047
:20AAA00000F7D9FFD0A9D4FF7DCF0A80911000F7D9FFD0A909C28C09F4F23C11911000F791
:20AAC000D9FFD0A9D4FF3C09C8327DC2068009C28C09E8323C04C83FBD0FF8FFA00FECC36C
:20AAE000911000F7D9FFD4A9DA0134FFDA0A89CF1408911000F7D9FFECA9D4FFECC39110DB
:20AB000000F7D9FFECA9F4FC6D00311D1D00B60040C46D00B600911000F7D9FFF8A914FF08
:20AB20006F4F6800911000F7D9FFF4A954FF09C010195F0F5F8009CF2C19EE5BDA006E1F83
:20AB4000DA006E1DDA016E1B911000F7D9FFFCA9C84F09FFC00874AF911000F7D9FFFCA9F8
:20AB6000C84F09FFC208780191000048D944D8946D00B429DA006E033C013C0040C46DFF93
:20AB80002BE8911000F7D9FFD0A9D4FF7DCF0A80911000F7D9FFD0A909C28C09F4F23C1194
:20ABA000911000F7D9FFD0A9D4FF3C09C8327DC2068009C28C09E8323C04C83FBD0FF8FF51
:20ABC000A00FECC3911000F7D9FFD4A9DA0134FFDA0A89CF1408911000F7D9FFECA9D4FFEC
:20ABE000ECC3911000F7D9FFECA9F4FC6D00BF1C3C4440C46D004500911000F7D9FFF8A922
:20AC000014FF6F4F3900911000F7D9FFF4A954FF09C010195F0F308009CF2C19EE2CDA00A9
:20AC20006E1FDA006E1DDA016E1B911000F7D9FFFCA9C84F09FFC00874AF911000F7D9FF2F
:20AC4000FCA9C84F09FFC208780191000048D944C4A46D004329DA006E033C013C00911051
:20AC600000F7D9FFD8B991100027D922D8B9142F961034FF3C023C0182023C010090201008
:20AC8000404C8209BD0C158091000028D922F4E4F4A23BB047F07801910000F8D9FFC4C499
:20ACA000F80291000048D94444216D00172909C05408FF40158091000028D922D0F4F4A28B
:20ACC0003BC047F07801910000F8D9FFC4C4F80291000048D94444216D000029911000F75D
:20ACE000D9FFF8A914F06F40CA0209C8E01809C01819420809C01419911000F7D9FFDCB954
:20AD000054FFA2F0BF00280009C01419911000F7D9FFDCB954FF7E0B09CF1819911000F7EF
:20AD2000D9FFF4A954F0A20FBF0F160009CF1819911000F7D9FFF4A954F05F0F418091109B
:20AD400000F7D9FFE8B9D4FF09FFCE0809C0E0187FF03680911000F7D9FFE8B9D4FF09FF00
:20AD6000CE0889CFA01809CFE21809C0E0187F0F068009CFE01889CFA218911000F7D9FFF4
:20AD8000DCB954FF89CF1419911000F7D9FFF4A954FF89CF1819DA006E12DA006E10DA01D0
:20ADA0006E0E09CFE01874AF91000048D944ECF46D009428DA006E033C013C00911000F7C9
:20ADC000D9FFF4A954FF09C00419A20FFF1F5400911000F7D9FFF8B909FFC008EE4609CFA5
:20ADE000181909C0E018420F5F8F408009CFB008BF0F3C0009CF0419911000F7D9FFF4A9C6
:20AE000054F05F0F3380821909CF4318C21F370F68F009C043187FF0078009CF4318C21F52
:20AE200089CF031809CF4318BF4F198009CFC81809C0F208420F370F70F009C0C8183F0F5C
:20AE40000A8009CFC81809C0F208420F89CF88183C05BBF0FFFF89CF881809CF4318BF3F91
:20AE6000058040C46D007C10F694DA0089CF03181D008101911000F7D9FFF4A954FF09C0B1
:20AE80000419C210A20FBF0F7301911000F7D9FFF4A954FF09C01019A20FFF1F690109CF6D
:20AEA000DA082E2E09CFDA08BBB0FF0F260FACCD09CFCA1889CF8818DA0089CFAA18DA00F3
:20AEC00089CF021809CFBC0886DF09C0BE08420F89CF8018911000F7D9FFF4A954FF09C006
:20AEE0000419A20F370F70F0820089C00318911000F7D9FFF4A954F089C0041909C054081C
:20AF0000BF408D8009C0C81809C1CA187F103D8009C0DA086FB0040082103C02822009C17A
:20AF2000F208E201370170107F1F03803C0609CFF208E2F0370070F009C0C81842F03700CC
:20AF4000700009C1C8183F10088009C0C81842F089C088183C05BBF0FFFF89CF8818DA0080
:20AF60006E12DA006E10DA016E0E09CFC81874AF91000048D9440C056D00B027DA006E0331
:20AF80003C013C003C4B09C0EA1842F03700700009C1EA183F10088009C0EA1842F089C024
:20AFA000AA183C05BBF0FFFF89CFAA1809CFEA1809C0C8183F0F208009CFEA1809C0C818D7
:20AFC000A20F89CFAA1809CFC81809C0F208420F370F70F009C0C8183F0F0A8009CFC818FB
:20AFE00009C0F208420F89CF88183C05BBF0FFFF89CF8818DA006E12DA006E10DA016E0E5A
:20B0000009CFC81874AF91000048D94430056D006527DA006E033C013C00DA006E44DA0007
:20B020006E42DA016E4009CF30196E0909CFB019C84F48146DFFA49D02293C02820909CFB2
:20B0400030196E1C09CFB019C84F09F4CC086DFFAD9D8FF203F116036E0382183C0282087D
:20B0600009CFB019C84F48146DFF8A9D09CFB01909F0C808428042023C028202911000F75F
:20B08000D9FFF4A954FF74AF89A9040989A2080991000048D9441C156D002027DA006E0324
:20B0A0003C013C0009C5B01991000068D9663C2509C7AC1940C46DFFE0EE89C2B01909C532
:20B0C000AC1991000068D966043509C7B01940C46DFFD3EE89C2AC1909CF3019EE0582FFCB
:20B0E00089CFB0083C04DA0089CFB008DA0089CF1C0809CF2C19EE04DA0089CFA81809CFE7
:20B10000E418911000F7D9FFD0B909F0C008420F89CFA41809CFDA086FBF290009CF3019E2
:20B12000EE1509CF2C196E0B09CF0C1909CFAC19C84F48146DFF249DA22F4EF709CFDA086C
:20B14000BBF07F0F260FACCD3C1109CF0C1909CFB019C84F48146DFF139DA22F4EF709CFA0
:20B16000DA08BBF07F0F260FACCD3C0440C46D00D010DA006E19DA006E17DA016E154CCD3E
:20B1800074AF4CCE7801911000F7D9FFF4A954FF780291000048D9440C356D009F26DA00DC
:20B1A0006E033C013C004CCD6E694CCE911000F7D9FFF4A954F0A20FFF0F6100911000F792
:20B1C000D9FFE0A954F04CCDA2F037005080DA006E16DA006E14DA016E1274A83B401FF05D
:20B1E000E28F370F70F0780191000048D9443C356D007426DA006E033C013C0009CFBC08F1
:20B2000086DFA2F8370850F009C0BC0842F089C0BC08CEF4325F370F50F009C0BE0886E016
:20B22000A20F370F500009CFBE08420F89CFBE0809CFBC0886DF09C0BE08420F89CF8018E9
:20B24000DA006E1ADA006E18DA016E1609CF801874AF09CF80183B401F00E20F370F70F099
:20B26000780191000048D94430456D003726DA006E033C013C00DA006CCD911000F7D9FFD9
:20B28000F8B909FFC008BF1FB08509CF5408FF7FAC854CC9911000F7D9FFDCB954F0C21007
:20B2A000A20FBF0FA4004CC9911000F7D9FFDCB954F0911000F7D9FFF8B909F1C0084210D8
:20B2C000C2F0A20FFF1F9300911000F7D9FFFCA9C81D4CC991100027D922DCB95420520825
:20B2E000911000F7D9FFFCA9481FEE14910000F8D9FF1855F4AF3B4059F07801910000F899
:20B30000D9FFC4C4F80291000048D94444216D00E525BBF0FFFF3FF81580910000F8D9FF2B
:20B320002855F4AF3B5059F07801910000F8D9FFC4C4F80291000048D94444216D00CE2502
:20B3400037087080911000F7D9FFFCA9C81F09FFC8087F8F1500910000F8D9FF3855F4AF36
:20B360003B7059F07801910000F8D9FFC4C4F80291000048D94444216D00B025911000F748
:20B38000D9FFFCA991100027D922FCA9092FC808A28FACF4911000F7D9FFFCA9C81F09FFEB
:20B3A000C808A28F370F70003C0B09DFCA08A2F83708708089D08808DA00ACD5D4DD09DF2F
:20B3C000CA083F8FF4FF40D402846DFFA3D4911000F7D9FFDCB94CC974FF911000F7D9FF60
:20B3E000FCA9C84F4CC96CF13C24911000F7D9FFDCB954F04CC9A2F0FF001C00DA006E1557
:20B40000DA006E13DA016E11911000F7D9FFDCB954FF74AF91000048D94408656D005E25A9
:20B42000DA006E033C013C0009CFDA089602ACCD911000F7D9FFDCB954F04CC9A2F0BF00CE
:20B44000D004911000F7D9FFDCB954F04CC909C1E808421FC2FFA2F0FF10C3044CC99110C0
:20B4600000F7D9FFDCB954F05F0F3783911000F7D9FFFCA9C84F09F4CC086DFF979B8FF2E0
:20B4800003F116036E0382103C028200911000F7D9FFF8B991100027D922FCA9092FC8084B
:20B4A000420FB4FF911000F7D9FFF8B909FFC00809C0E8087FF0BD80DA006E21DA006E1F62
:20B4C000DA016E1D911000F7D9FFDCB954FF74AF911000F7D9FFF8B909FFC00878014CC90C
:20B4E00009C0E808420F780291000048D9442C656D00F424DA006E033C013C00911000F760
:20B50000D9FFFCA9C84F09F4CC086DFF4F9B8FF203F16F0F2200911000F7D9FFFCA9C84F2F
:20B5200009F4CC086DFF429B8FF203F1B70F0140911000F7D9FFFCA9C84D911000F7D9FFDB
:20B54000FCA9C84F09FFCC08BBF00F0C260F6DFF2D9BA62FACD6911000F7D9FFFCA909CFE0
:20B56000E808ACF4911000F7D9FFFCA9C84F09F4CC086DFF1B9B8FF203F12E1D911000F7C4
:20B58000D9FFFCA991100027D922FCA9092FC808C2FFACF4911000F7D9FFFCA9C8149110CB
:20B5A00000F7D9FFFCA909F4C8086DFF1AD3911000F7D9FFFCA9C84F09F4CC086DFFF69AF8
:20B5C0008FF203F116036E0382103C028200911000F7D9FFF8B991100027D922FCA9092F59
:20B5E000C808420FB4FF911000F7D9FFDCB954F0911000F7D9FFF8B909FFC00842F04CC9F6
:20B6000009C1E808421FBE04910000F8D9FF3485F4AF3BB05CF07801910000F8D9FFC4C4F7
:20B62000F80291000048D94444216D00572409CF3419DF0F1401911000F7D9FFFCA9C84F79
:20B6400009F4CC086DFFB29A8FF203F16F0F2100DA006E0FDA006E0DDA016E0B9100004874
:20B66000D9442C956D003A24DA006E033C013C003C0A09C4B41909CFB419D4FF89CFB419E0
:20B680006DFFD3E509CF3419EEF51D00E80009CDB4193C4909D290090924CC086DFF869A50
:20B6A0008FF203F16F0F3C00911000F7D9FFFCA9C84F09F4CC086DFF799A8FF203F16F1FDC
:20B6C0002F80911000F7D9FFFCA9C84E911000F7D9FFFCA9C84F09FFCC0882146DFF669A86
:20B6E000A62FACE6911000F7D9FFFCA9C84F09F4CC086DFF5B9A8FF203F116036E038210F4
:20B700003C028200911000F7D9FFF8B991100027D922FCA9092FC808420FB4FF40D4D4DD0F
:20B720006DFF83E5BD0D1600911000F7D9FFDCB954F0911000F7D9FFF8B909FFC00842F0E9
:20B74000CCD4481F09D1C808421FA2F0FF00A47FBD0D8300911000F7D9FFDCB954F09110EC
:20B7600000F7D9FFF8B909FFC00842F0CCD4481FA2F0BF10720091100027D922FCA9CCD465
:20B78000481F911000F7D9FFDCB954F0A20FAC24911000F7D9FFFCA9C84F09F4CC086DFF0F
:20B7A000059A8FF203F12E1D911000F7D9FFFCA991100027D922FCA9092FC808C2FFACF444
:20B7C000911000F7D9FFFCA9C814911000F7D9FFFCA909F4C8086DFF04D2911000F7D9FFE4
:20B7E000FCA9C84F09F4CC086DFFE0998FF203F116036E0382103C028200911000F7D9FF16
:20B80000F8B991100027D922FCA9092FC808420FB4FF911000F7D9FFDCB954F0911000F722
:20B82000D9FFF8B909FFC00842F0CCD4481FBE04910000F8D9FF28A5F4AF3BC05FF0780120
:20B84000910000F8D9FFC4C4F80291000048D94444216D00432389CDB419911000F7D9FF44
:20B86000DCB954FF911000F7D9FFF8B909F0C008420F6CC909CFE808911000F7D9FFF8B98F
:20B8800009F0C0087F0F1580910000F8D9FF24B5F4AF3B7060F07801910000F8D9FFC4C48A
:20B8A000F80291000048D94444216D00172309CFE808911000F7D9FFF8B909F0C008A20F31
:20B8C00089CFA80840C46DFF14E9911000F7D9FFFCA9C81F09FFC8086E1191100027D922DD
:20B8E000D4B9911000F7D9FFFCA9C81FF42F91100027D922FCA9A00FEC21911000F7D9FF08
:20B90000FCA9C84F09F4CC086DFF50998FF203F16F0F1D00DA006E0FDA006E0DDA016E0B35
:20B9200091000048D94404C56D00D822DA006E033C013C00911000F7D9FFD8B99110002754
:20B94000D922D8B9142F962034FF1D00A70009CDB41991100027D922DCB94CC9742F09D2DD
:20B9600090090924CC086DFF21998FF203F116036E0382113C0282014CC909D0C8084210A4
:20B98000420F6CC9CCD409F4CC086DFF0F998FF203F116036E03DA013C02DA0009C1E808F0
:20B9A00009D0C80842F07F011580910000F8D9FF20C5F4AF3BB062F07801910000F8D9FF97
:20B9C000C4C4F80291000048D94444216D008622CCD409F4CC086DFFE9988FF203F1160389
:20B9E0006E03DA013C02DA0009C1E80809D0C80842F0A20189C1A80840C46DFF7AE8CCD142
:20BA000009FFC8086E1A911000F7D9FFD4B954FF6E0B911000F7D9FFD4B9D4F409D58409CD
:20BA20006DFFE3CD3C08911000F7D9FFD4B909D28409F4F2A00FECD1CCD409F4CC086DFF12
:20BA4000B5988FF203F16F0F2300DA006E0FDA006E0DDA016E0B91000048D94408D56D0043
:20BA60003D22DA006E033C013C00911000F7D9FFD8B991100027D922D8B9142F962034FF22
:20BA800009CF54085E44DA0789CF1408D4DF89CFB41940D46DFFC9E309CF34196E0909CF03
:20BAA000B419C84F481F09C024095F0F527F09CFDA082E0C09CFDA08BBE0FF0F260FACCD01
:20BAC00009CFDA089602ACCD3C0509CFDA089601ACCD1D00850109CF3419EE0B91100047E7
:20BAE000D944FCA96DFF77E389C2B4191D007501A00D09CEB4191D006E0191100027D92273
:20BB0000DCB95420CCE4481FFE0F911000F7D9FFFCA909FFC80809E0C8087FF014809110AE
:20BB20000047D944FCA96DFF56E3BC2ABCD3F4D23C0389C2B419402440E56DFF08F21D00B9
:20BB40004C011D004A01BD0D1C80911000F7D9FFDCB954F0CCE4481FA2F0FF001100911027
:20BB60000047D944FCA96DFF36E3BC2789C2B419402440E56DFFEBF11D002F013C479110FA
:20BB800000F7D9FFDCB954F0CCD4481FC21FA2F0BF003D00911000F7D9FFDCB954F0CCE48E
:20BBA000481FC2FFA2F0FF10320091100047D944FCA96DFF10E389A28C09BD022600CCD43C
:20BBC000481F09D0C808420F911000F7D9FFDCB954F0A20FBF1F1200911000F7D9FFDCB915
:20BBE00054F0CCD4481FA2F089D0880809D4840909D4C8086DFFF5CFD803F4DF09A48C0948
:20BC000040E56DFFA4F11D00E80040ED54EFDF0FE180911000F7D9FFDCB954F0CCE4481FDA
:20BC2000A2F0BF10D700CCE409F4CC086DFFBE978FF203F12E031D00D00091100047D944F2
:20BC4000FCA96DFFC8E2F4E254EFDF0FC200CCE4481F09E0C808420F911000F7D9FFDCB93A
:20BC600054F0A20FBF1F1200911000F7D9FFDCB954F0CCE4481FA2F089E0880809E484097A
:20BC800009E4C8086DFFADCF911000F7D9FFF8B909F0C008911000F7D9FFDCB954FF42F093
:20BCA0004CC909C1E808421FA2F0BF109200DA006E21DA006E1FDA016E1D911000F7D9FFBB
:20BCC000DCB954FF74AF911000F7D9FFF8B909FFC00878014CC909C0E808420F78029100C5
:20BCE0000048D9442C656D00F920DA006E033C013C00D4EFC84F09F4CC086DFF57978FF27E
:20BD000003F16F0F1900D4EFC84F09F4CC086DFF4D978FF203F1B70F0140D4EFC84DD4EF86
:20BD2000C84F09FFCC08BBF00F0C260F6DFF3E97A62FACD6D4EF4CC909C0E808420F9110FA
:20BD40000027D922DCB95420A20FACF4D4EFC814D4EF09F4C8086DFF44CFD4EFC84F09F4E2
:20BD6000CC086DFF23978FF203F116036E0382103C028200911000F7D9FFF8B9D4E2092F69
:20BD8000C808420FB4FF911000F7D9FFDCB954F0911000F7D9FFF8B909FFC00842F04CC94E
:20BDA00009C1E808421FBE04910000F8D9FF3485F4AF3B806FF07801910000F8D9FFC4C46D
:20BDC000F80291000048D94444216D0087203C04D4EEBD0E94FE40C46D009B0A3C0440C441
:20BDE0006D00970A3C19911000F7D9FFDCB954F04CC9A2F00E0D911000F7D9FFDCB954F08C
:20BE00004CC909C1E808421FC2FFA2F08E0509CFDA089602ACCD00902010404F911000272A
:20BE2000D922F8A9142F2E223C7EBD0F168091000028D922C404F4A23BE02EF07801910062
:20BE40000028D922C4C489A2880991000048D94444216D00432091100027D922F8A9142FA9
:20BE60006F1F470091100027D922DCB95420489FA2F0BF003D0091100027D922DCB95420E0
:20BE8000489F09F1E808421FA2F0FF10310091100027D922F4A9542491100027D922DCB96E
:20BEA000542591100027D922F8B9092FC00842F591000027D922B8204925120A9100002791
:20BEC000D922B82049260E0A91100027D922E8B9D4220926C20891100027D922E8B9D4225B
:20BEE0000927C00840F46D0097093C1D3C0D91100027D922F8A9142F2E0791100027D922C8
:20BF0000E0A9542F6CF891100027D922F8B9092FC0086E0809FFDA089602ACFD40F46D00FB
:20BF2000E6023C010090911000F7D9FFD8B991100027D922D8B9142F961034FF009020101B
:20BF4000404C405D0249025A0268BD0C148091000028D922B0A5F4A2DAA37801910000F82C
:20BF6000D9FFFC05F80291000048D94444216D00B51FBD0D1480910000F8D9FFD485F4AF97
:20BF8000DAA47801910000F8D9FFFC05F80291000048D94444216D00A11F6F080400824B7E
:20BFA0003C02820B82346DFF19C1402FBD0F1780DA006E0FDA006E0DDA016E0B910000480F
:20BFC000D944D0F56D008A1FDA006E033C013C0040D46DFF09CDA0023C7328C8A002F4F286
:20BFE000E81D09DFC8087FBF158091000028D9222C46F4A2DAB0780191000028D922FC053D
:20C0000089A2880991000048D94444216D00661F09DFC808A2BFACF4DA00ACF53B40014027
:20C0200040D46DFFBDC8DF022400DA006E0FDA006E0DDA016E0B91000048D94418B66D00C5
:20C040004D1FDA006E033C013C0091100027D922D46991100047D944D469094FC038C21F3D
:20C06000892F803840F46DFFE0E0A0023C29C81209228409E842C84D09C4D6086DFF9695D6
:20C08000B4D2C84D09C4D8086DFF909589D28208C84C02A46DFF749589C20409C84CDA0469
:20C0A0004BFB01029A508FCF2040A6946DFF7E9589C28C08C842DA00AC2940F23C0100903F
:20C0C0002010404C02488209DA006E12DA006E10DA016E0E09C0E61874A091000048D944F5
:20C0E000CC356D00FB1EDA006E033C013C008F3800F1EE1491000028D922F035F4A23B1081
:20C1000041F07801910000F8D9FFFC05F80291000048D94444216D00E11EBD0C1580910063
:20C120000028D922C855F4A23B3041F07801910000F8D9FFFC05F80291000048D94444215D
:20C140006D00CC1E6F18030082196F090400DA043C02DA003B8003403B00286002F56DFFCD
:20C160009CC8402DBD0D168009CFDA089680ACCD911000F7D9FFD46991100027D922D46998
:20C18000092FF828C21F89FFB82882F21D00EE0009D0CA087FF01580910000F8D9FFE85532
:20C1A000F4AF3B9043F07801910000F8D9FFFC05F80291000048D94444216D008F1E09C5C6
:20C1C0001C1940C440D5028402966DFFBAFE402DBD0D168009CFDA089680ACCD911000F721
:20C1E000D9FFD46991100027D922D469092FF828C21F89FFB82882F21D00B8004CD482405E
:20C200004B0F1102DF01150091000028D922E465F4A23B2044F07801910000F8D9FFFC05BF
:20C22000F80291000048D94444216D00571E09DFC8086E14910000F8D9FFFC65F4AF3B30BD
:20C2400044F07801910000F8D9FFFC05F80291000048D94444216D00411EDA006E2DDA005F
:20C260006E2BDA016E29CCD409F4CC086DFF9E948FF203F116036E03DA013C02DA00CCD412
:20C2800048146DFF7D940229CCD448146DFF789409D0C80842F0420274A989A2040989A881
:20C2A000080991000048D944E8756D00171EDA006E033C013C0009CF2C19EE0489CDAC198A
:20C2C0003C0809CFAC193C02D4FF54FFEEFEF4FDDA0089CFA8186F1804806F08070009CFE9
:20C2E0001C19C21F89CF1C196F08060009CFDA089620ACCD09CFE61809D484096DFFEBC9D5
:20C30000422F89CFA618DA006E12DA006E10DA016E0E09CFE61874AF91000048D944F88521
:20C320006D00DC1DDA006E033C013C0009CFE6186E1A09CF3019EE1709CF2C19EE1491009F
:20C3400000F8D9FFE095F4AF3B5046F07801910000F8D9FFFC05F80291000048D944442104
:20C360006D00BC1D82023C0100902010404FDA006E0382483C028208BD0F1680910000286F
:20C38000D92228F6F4A23B4082F0780191000028D922FC0589A2880991000048D9444421BC
:20C3A0006D009C1DDA006E0FDA006E0DDA016E0B91000048D94444066D00901DDA006E03B2
:20C3C0003C013C00DA006E1EDA006E1CDA016E1A481F16FF74AF481F370F68F47801481F2F
:20C3E000370F68F87802481F370F68FC780391000048D9445CD16D00711DDA006E033C01EB
:20C400003C00DA006E0FDA006E0DDA016E0B91000048D94470D16D00611DDA006E033C0136
:20C420003C00DA006E1ADA006E18DA016E1691100027D922E0A9542F74AF488F780109FF55
:20C440005B28780291000048D9444C156D00461DDA006E033C013C0009F41019C2F46DFFAC
:20C460008F93820540F4028402266D002B02402CBD0C1480DA006E0FDA006E0DDA016E0BCE
:20C4800091000048D94450256D00281DDA006E033C013C0082F23C29820440F440C502859C
:20C4A0006D00F10240F7B04740F440C540F66D0091020228DA006E17DA006E15DA016E133D
:20C4C00009FF1019C2FF74AF489F780189A8080991000048D94444356D00001DDA006E0361
:20C4E0003C013C0002823C0100902020404CBD0C158091000028D922C8A5F4A23B104EF008
:20C500007801910000F8D9FFFC05F80291000048D94444216D00E21C09CF5408DE149100C9
:20C520000028D922E0A5F4A23B304EF07801910000F8D9FFFC05F80291000048D9444421E4
:20C540006D00CC1C911000F7D9FFE0B9D4FF7DCF058082021D00B50109CFE01809C0C81809
:20C560007F0F058009C8E0183C0309C8C81809CFAC19BD0F3A80DA006E12DA006E10DA013F
:20C580006E0E09C02C1974A091000048D944C8B56D00A41CDA006E033C013C00DA006E1A37
:20C5A000DA006E18DA016E1609CFE01874AF09CFC818780189A8080909CF04197803910055
:20C5C0000048D944ECB56D00891CDA006E033C013C0009CFDA082E1640C46D009A061D0053
:20C5E00070011D006601DA006E2FDA006E2DDA016E2BC842092404096DFFC29209CF0419ED
:20C600000BF2809009FFC80842F9C842092404096DFFB69209CFE01874AF09CFC8187801DE
:20C6200089A8080989A90C0989A2100909CF0419780591000048D944ECC56D004F1CDA0062
:20C640006E033C013C0040C6B04640C440C56D00D60589A298097C2482C21D003201BCC324
:20C6600054CFEE0BBC23B0423C02A0027C2482C21D002701542F74CFC842092404096DFF4E
:20C680007F9209CF0419A2F209FFC80842F27F281E8009CFE018FE8009CF3019EE0D09CF6D
:20C6A0005928EE0ADA0089CF1828DA0189CF1928DA0089CF1A2809CFDA082E1640C46D0038
:20C6C00028061D00FE001D00F400DA0089CF192809CDB019BCD53C02D4DD54DFEEFE1D0032
:20C6E000D400C8420924CC086DFF60928FF203F16F2F160091000028D922F0D5F4A23B602A
:20C7000053F0780191000028D922FC0589A2880991000048D94444216D00E01B09CF301908
:20C720006E1C09CFDA081644EE1809CF2C196E0D09C2AC19542FEE1109C2AC19092FC80813
:20C7400009C0F2087F0F0A8009CFE4186E0609C0E618DA083FF00400DA013C02DA00EE07F2
:20C7600009CFDA0816A0EE031D009D0009CF54081E2BC84EC842092FCC083B0001406DFF0D
:20C780001592A62FACE640F440C509A698096D00B801762709CFDA089680ACCD1D00910048
:20C7A000DA00ACF5D4F289C2AC1909CF54081E2709CFDA08BBC0FF0F260FACCDC842092487
:20C7C000CC086DFFF3918FF203F116036E0382193C028209C842092404096DFFD19109FF18
:20C7E000C808429F42F209CF1019A22FCEF389C21019C8420924CC086DFFD8918FF203F1F8
:20C8000016036E0382103C02820009FFC808420F6E36A002F4F209CF3019EE0589CFB019B2
:20C8200040FD3C2CC842092404096DFFA991022F09D29009092404096DFFA291A22FFF0F0C
:20C840001C0049CE301A3C02D4EE54EF6E11D4E209229009092404096DFF9291022FC8421B
:20C86000092404096DFF8C91A22FBF0FEF7FD4E2F4F2F4EF3C03F4DF40FD3C0440F46DFF3A
:20C88000D4DC09CFAC19BCFEC842092404096DFF779109CF0419A2F209FFC80842F27F289D
:20C8A00022FF09CF2C19EE04DA0089CFA81809CFDA08BBF0F70F260FACCD82023C010090EC
:20C8C0002010404F0B451088026ABD0F168091000028D9220096F4A23B2074F0780191003A
:20C8E0000028D922FC0589A2880991000048D94444216D00F31A09FFD608B4AF09FFD80852
:20C90000ACA2DA102CA809FFEA08ACA6489402850B9A10686D000A00BC26489F09F0EA0814
:20C92000420F6CFB3C01009020100B451088027A09ABD00809ACD40809AD580809AEDC0810
:20C940003B4002408B49015042653B0028606DFFA4C4402CBD0C3B0009CFCA088B490100C8
:20C960007F0F1500910000F8D9FF1086F4AF3B3072F07801910000F8D9FFFC05F802910047
:20C980000048D94444216D00A91ACCC102B46DFF0D91B4F202C46DFF0991A812681A02841C
:20C9A0006DFFEE906822DA044BF901029A508FCF2040A6D46DFFFA90A86202E46DFFF690E4
:20C9C000A872DA00ACF8DA00ACF940C23C0100902018404C405D89A6900989A78C09BD0DB9
:20C9E000158091000028D92210A6F4A23B7078F07801910000F8D9FFFC05F80291000048E1
:20CA0000D94444216D006A1A40C409A5900909A68C096D00F403402E7CE382CF3C2DCCD18C
:20CA2000826409D5C80840D409A5900909A68C096DFF99A7A882BCC609C44B0809C54A082B
:20CA40003C043BF00F408205911000F7D9FFD46991100027D922D469092FEC28C21F89FF33
:20CA6000AC28826640D409A5900909A68C0940E76DFF3EAB022F40D46DFFB6C702F23C0180
:20CA800000902010405C02488209BD0C1580910000F8D9FF2896F4AF3B6075F0780191003B
:20CAA00000F8D9FFFC05F80291000048D94444216D00141ACCC149F2140A6F080400824092
:20CAC0003C028200534920F010FF01F000F649FF140A7DF21500910000F8D9FF1426F4AFCC
:20CAE0003B5077F07801910000F8D9FFFC05F80291000048D94444216D00F01900902010DE
:20CB0000404F405C406DBD0F168091000028D922F0E5F4A23B805BF0780191000028D92289
:20CB2000FC0589A2880991000048D94444216D00D519BD0C168091000028D922F0F5F4A2F4
:20CB40003B905BF0780191000028D922FC0589A2880991000048D94444216D00BF19BD0D6B
:20CB6000168091000028D9221006F4A23BA05BF0780191000028D922FC0589A2880991001E
:20CB80000048D94444216D00A91940F46D00EC00DF021500DA006E0FDA006E0DDA016E0B19
:20CBA00091000048D94434066D009819DA006E033C013C0082021D00D600C84E09C42409DC
:20CBC0006DFFDE8F89E20809C84E09C4EA086DFFED8F89E28E084CC909C0EA08420F6CCBEA
:20CBE000C842492E140A08CF6F0F12003B80214040C5B04540D46DFF2CD4B70210487B40CD
:20CC000020F0A6F46DFFBC8F74E2B04E09CFB008CEF4DA0089CFB0084CCDEE209110002734
:20CC2000D922E0A9542F6CCDC842092404096DFFA78F89C23809DA006E11DA006E0FDA01B7
:20CC40006E0D4CCE74AF91000048D94418166D004519DA006E033C013C00DA006E20DA0027
:20CC60006E1EDA016E1CC842092404096DFF888F022FC842092404096DFF828F09F0C80841
:20CC8000420274AF89A2040991000048D94438166D002419DA006E033C013C00484FC812D2
:20CCA00009200409A20F370F70F0EE01C812C8140940CA08A2F089208A08C812C81409405B
:20CCC000C808A2F089208808C812C84489248409C842DA00AC2808CF2E03DA043C02DA00E3
:20CCE000C84210224922140A7D2E160091000028D9221426F4A23BC061F0780191000028AC
:20CD0000D922FC0589A2880991000048D94444216D00E418C84EC8148264C8120925C808E7
:20CD200040C6B04640C56DFF1EA689E2900891100027D922D46991100047D944D469094F25
:20CD4000EC28C21F892FAC28C81440C6B04609C44B0809C54A08826640C540D76DFFC8A959
:20CD60003C0100902010404CBD0C1580910000F8D9FFC8E5F4AF3BA059F07801910000F8F5
:20CD8000D9FFFC05F80291000048D94444216D00A518CCC108EF1E1382123C0382023C01F2
:20CDA0000090201002490B5610A8404C405D027809AC500802ADBD0C1480910000F8D9FF32
:20CDC0006805F4AFDAE87801910000F8D9FFFC05F80291000048D94444216D007F18BD0D83
:20CDE0001480910000F8D9FF7875F4AFDAE97801910000F8D9FFFC05F80291000048D94420
:20CE000044216D006B187FBA20806F180D8009DFDA086F6F1A8076C709DF2C19EE0409DF4A
:20CE200030196E121B8A21F0C24FC2FFB70F02F07FFB03803C071B8A21F0C24FC2FFB70F5B
:20CE400002B0370B70D03B0028600B9D10486DFF24C2402F7CF3A0023C1F54FF6E15910047
:20CE60000028D9225885F4A23BB010F0780191000028D922FC0589A2880991000048D94451
:20CE800044216D002B1809FFCA08A2AFB4CFA84AA85A40F23C0100902010404CBD0C1580C2
:20CEA00091000028D9220456F4A23B106CF07801910000F8D9FFFC05F80291000048D9445C
:20CEC00044216D000B1809CF3019EE0382A23C4609CDB01940D46DFF47FFDF021400DA0071
:20CEE0006E0FDA006E0DDA016E0B91000048D9441C566D00F317DA006E033C013C0082A245
:20CF00003C2DD4D289C2B01949CE2C1A3C02D4EE54EF6E0ED4EFC84F48146DFF318E022F40
:20CF2000CCD448146DFF2C8EA22FBF0FF27FD4EFF4DFF4ED54DFEE04DA0089CFA81809C068
:20CF40004218DAFF7FF0078009CF4218C21F89CF0218DA006CCD82023C0100902010404C03
:20CF6000BD0C158091000028D9223056F4A23B906FF07801910000F8D9FFFC05F8029100F3
:20CF80000048D94444216D00A91709CF30196E7009CFDA086F2F6D80DA006E1DDA006E1B8E
:20CFA000DA016E1909CFB019C84F48146DFFE88D09CF431874AF09CF0419780189A208091A
:20CFC00091000048D94410666D008817DA006E033C013C0040C46DFF61FFDF024A8009CFC2
:20CFE000C81809C0E0187F0F058009CFC8183C0309CFE01882204B0F010289C08A1809CFF4
:20D00000CA1809C0F208532020007F0F2280DA006E19DA006E17DA016E1509CFCA1874AFAD
:20D0200009CFF208532F20F0370F70F0780191000048D94404766D005117DA006E033C01A0
:20D040003C0009CFF208532F20F089CF8A1809CFF208823009C1CA18030F0AF189CF881801
:20D0600009CFDA089604ACCDDA0089CFB00800902010404CBD0C1580910000F8D9FF104698
:20D08000F4AF3BD06AF07801910000F8D9FFFC05F80291000048D94444216D001F1740C4B1
:20D0A0006D002C00F62440C46D00030000902010404CBD0C1580910000F8D9FF2C36F4AF39
:20D0C0003B8069F07801910000F8D9FFFC05F80291000048D94444216D00001709C0421865
:20D0E000DAFF7FF0078009CF4218C21F89CF021840C46DFFFCF900902010404CBD0C1580CD
:20D1000091000028D9222826F4A23B3066F07801910000F8D9FFFC05F80291000048D944EB
:20D1200044216D00DB1609CF3019EE0382A23C6509CDB0193C1940D46DFF16FEDF021400D8
:20D14000DA006E0FDA006E0DDA016E0B91000048D9440C366D00C216DA006E033C013C008E
:20D1600082A23C4BD4DD54DFEEE740D46DFFFCFDDF021400DA006E0FDA006E0DDA016E0BDD
:20D1800091000048D9440C366D00A816DA006E033C013C0082A23C3109C2AC19F4D209CFA9
:20D1A0002C19EE0509DFCA0889CFA81809C2B01989C2AC19A00F89CFB01909CFDA08B71F61
:20D1C00081F5ACCDCCD409F4CC086DFFEF8C8FF203F116036E0382183C028208CCD44814AB
:20D1E0006DFFCE8C09DFC808428F42F289C20C19DA006CCD82023C010090BC480C486E060C
:20D20000094448086DFF58BE3C0540646DFF4CA93C0100902010404C0249025A405D406E2E
:20D22000026B027CBD0D1580910000F8D9FF3CA6F4AF3B407CF07801910000F8D9FFFC05FC
:20D24000F80291000048D94444216D004716BD0E1580910000F8D9FF10C6F4AF3B507CF07E
:20D260007801910000F8D9FFFC05F80291000048D94444216D003216DA006E0382483C0276
:20D2800082083B8000D602946DFF7A8CB4AB89AC8408DA142CA889AD8C0882060BA810482C
:20D2A00002276DFF43FB402FBD0F1380DA006E0FDA006E0DDA016E0B91000048D9442CC6E5
:20D2C0006D000C16DA006E033C013C003C20820440C440F502856DFFD6FB40C440F540D6CD
:20D2E00040E76DFF77FBDA006E12DA006E10DA016E0E74A989AA040991000048D9441CD6DB
:20D300006D00EC15DA006E033C013C0000902010404F82088209BD0F168091000028D92261
:20D320003CD6F4A23BA07EF0780191000028D922FC0589A2880991000048D94444216D004A
:20D34000CD156F080400DA043C02DA0009F410196DFF168C820540F402F402266DFFB2FA55
:20D36000402CBD0C188009FFDA089603ACFDDA006E0FDA006E0DDA016E0B91000048D944BE
:20D380001CE66D00AB15DA006E033C013C0082E23C2D40F440C50B8910486DFF74FBDA00F3
:20D3A0006E11DA006E0FDA016E0D489F74AF91000048D94408F66D009115DA006E033C01A8
:20D3C0003C0040F7B04740F440C540F66DFF02FB762609FFDA089603ACFD3C0709FFDA0816
:20D3E000BBC0FF0F260FACFD3C0100902010404CBD0C158091000028D922F025F4A23BB095
:20D400003EF07801910000F8D9FFFC05F80291000048D94444216D00611509CF2C196E1F21
:20D4200009CFAC193C02D4FF54FFEEFEC8420924CC086DFFBB8B8FF203F11607EE10C84D9D
:20D44000C84F09FFCC0882146DFFB08BA62FACD609CFDA089620ACCD82023C06821440C4FC
:20D460006DFF30F63C0100902010404C0248A00DBD0C158091000028D922B0C5F4A23BB092
:20D4800034F07801910000F8D9FFFC05F80291000048D94444216D00211509CFAC197CF488
:20D4A00082F21D004A01DF081880910000F8D9FF94D5F4AF3B3035F07801910000F8D9FF3A
:20D4C000FC05F80291000048D94444216D00061582A21D00320109F0C8083F0805808202E1
:20D4E0001D002B0109C0F2087F80168091000028D922B8D5F4A23BB035F078019100002872
:20D50000D922FC0589A2880991000048D94444216D00E41409F0C808FF101680910000286C
:20D52000D92288E5F4A23BC035F0780191000028D922FC0589A2880991000048D944442188
:20D540006D00CC14DA006E12DA006E10DA016E0E09CFE61874AF91000048D94498E56D009C
:20D56000BD14DA006E033C013C0008C96F090400824B3C02820B09F0C808A280370070A0FF
:20D580003B8003401ABA370F70503B0028606DFF84BE402EBD0E1580DA006E10DA006E0EC6
:20D5A000DA016E0C74AA91000048D944BCE56D009514DA006E033C013C001D009600C812FA
:20D5C0000920C80809FFC808A2F0428037007050C81409E28409012B005602A46DFFA3C1E3
:20D5E0005FA21400DA006E10DA006E0EDA016E0C74AA91000048D944C4056D006F14DA006C
:20D600006E033C013C003C70C8420924CC086DFFCD8A8FF203F1820B2E35B70F81F18F8BEF
:20D6200040B12E05B70F01F08F1B40B1C842092404096DFFA58A0B82005040C440E502B4D9
:20D6400002966DFF7EF4402DBD0D1380DA006E0FDA006E0DDA016E0B91000048D944EC1593
:20D660006D003C14DA006E033C013C003C3D09C8E618C8146DFF2FC0A22889C8A618C814F5
:20D68000C8120920C808A2A0370070406DFFA9C209F0C808A2A0A840C84EC8420928CC089F
:20D6A00002F46DFF838AA62889E88C08DA00ACF509CFE618C8146DFF0EC0422F89CFA6183A
:20D6C00009CFE61809D484096DFF05C0422F89CFA618D4F2F4D2F4FD54DFEE04DA0089CF7E
:20D6E000A81882023C29911000F7D9FFD46991100027D922D469092FF828C21F89FFB82833
:20D70000BD0D1500910000F8D9FFE425F4AF3B803DF07801910000F8D9FFFC05F8029100CF
:20D720000048D94444216D00D913BCE440E46DFF5BC182F23C0100902040404D89A5940981
:20D7400089A4280989A52C09A00FF809A00CA00EA00FF806A00FF8078208820089A09008D6
:20D760008209DA00780DDA00780CBD0D1980910000F8D9FF58D5F4AF3BE019F0780191009F
:20D7800000F8D9FFFC05F80291000048D94444216D00A4133B00FF2F1D002F0409D0F208B3
:20D7A00009D1E21882224B2101227F20050009DAF2083C0609DFE21882204B0F01A276A206
:20D7C0003C0309DAF208DA006E16DA006E14DA016E12F4ADD805F801580A7802580B7803E7
:20D7E00091000048D94470D56D007813DA006E033C013C00D805BD0F1980910000F8D9FF8F
:20D8000064E5F4AF3BD01AF07801910000F8D9FFFC05F80291000048D94444216D005E13F9
:20D820003B00FF2F1D00E90340D409A428096D00E503022F6E0402F21D00DF0309DFE618B3
:20D840007808DA006E03824C3C02820C09D02C19DF003A0109DCAC193C02D4CC54CFEEFE94
:20D860000CCC2E03824D3C02820D09C0C80842D07F0A1500910000F8D9FF58F5F4AF3B60CE
:20D880001EF07801910000F8D9FFFC05F80291000048D94444216D00211309CFC80842FDC2
:20D8A0005ADA370F70D009D0E81809CFCA08BE04910000F8D9FF70F5F4AF3B301FF078010D
:20D8C000910000F8D9FFFC05F80291000048D94444216D00031309DFE818ACA809DFE818EA
:20D8E0006E3709AFD0087FFD1580910000F8D9FFA005F4AF3B801FF07801910000F8D9FF95
:20D90000FC05F80291000048D94444216D00E61240CE09A0D008580A7FF0058009AFD008D7
:20D920003C017FFD040002D93C0B09A0D008580A7FF0058009A9D0083C0309A928094298AB
:20D9400009AFD008A29FACA8A29D370D70D009AFD0086E16580ABE84910000F8D9FF801531
:20D96000F4AF3B0020F07801910000F8D9FFFC05F80291000048D94444216D00AF12580AF9
:20D980007FF8A180BF1D9F8009CFC808BF1F9B80580AA28F7FFD040002DF3C03580AA28F8D
:20D9A000370F70E040CE580B6F0F3A00DA0134AF820449A4100A02E502D640D509A72C09A4
:20D9C0006DFFF1F989A2A409BD021580DA006E10DA006E0EDA016E0C74AE91000048D944AA
:20D9E000A0156D007B12DA006E033C013C001D00B60209AFD008780DD809C814D80501F837
:20DA0000005602E46DFFD3B209A4A4096DFF63BE5808422F370F70F078083C51CCC13C02A3
:20DA2000D4FF54FFEEFE08CF16C0EE20C81209FFCA081022D8057DF21A80DF0815009100C0
:20DA400000F8D9FFA025F4AF3B1023F07801910000F8D9FFFC05F80291000048D944442100
:20DA60006D003C1289AE30093C2A8204821602E56DFF13BC89A2A409BD021480DA006E0F53
:20DA8000DA006E0DDA016E0B91000048D9448C356D002412DA006E033C013C001D005F0241
:20DAA000D80501F80026D809E81209A4A4096DFF12BE5808422F370F70F0780842E8370899
:20DAC00070803C1709DFE8186E14910000F8D9FF8845F4AF3BA024F07801910000F8D9FFFF
:20DAE000FC05F80291000048D94444216D00F6111D004001A28F370F70D00BCA80003700BB
:20DB000070007F0D03803C02020D580B6F0F4B00A002D807012F00F434AF3B8003401ACDA0
:20DB2000370F705049A4100A02A640D509A72C096DFF39F9402EBD0E1580DA006E10DA0098
:20DB40006E0EDA016E0C74AD91000048D944A0156D00C411DA006E033C013C001D00FF0105
:20DB600009EFCA087FDF158091000028D922B845F4A23B6026F07801910000F8D9FFFC0515
:20DB8000F80291000048D94444216D00A711CCE101FC0046D80501F8005602D46DFF07B2F4
:20DBA0003C5D09AFD0086E14910000F8D9FFB855F4AF3B1027F07801910000F8D9FFFC056C
:20DBC000F80291000048D94444216D0087113B800340821602D56DFF60BB89A2B809BD024C
:20DBE0001480DA006E0FDA006E0DDA016E0B91000048D9448C356D007111DA006E033C0163
:20DC00003C001D00AC01D80501F80026D80EE8123B8003403B00286002C56DFF3EBB402EC7
:20DC2000BD0E188009A4B8096DFFDEBEDA006E0FDA006E0DDA016E0B91000048D944886528
:20DC40006D004C11DA006E033C013C001D00870140E409A5B8096DFFC8BC40E46DFF3BBD86
:20DC60005808422F370F70F07808DA016E043B8000003C03BBC0FF0F58087FF01B80DA0099
:20DC80006E13DA006E11DA016E0F580874AFDA08780191000048D94480756D001F11DA0012
:20DCA0006E033C013C0040E46DFF9EBE1D005701820409DF1C19428F40D440E502F58206ED
:20DCC0006DFF3FF1402E7CE31D00490109AFD008ACE5D8077CF489AE9C093C19D806BD0F29
:20DCE0001580910000F8D9FFA475F4AF3BB02AF07801910000F8D9FFFC05F80291000048BF
:20DD0000D94444216D00EA10D806F4FE89AE9809DA006E2CDA006E2ADA016E28CCE409F46E
:20DD2000CC086DFF4387022F163F16036E03DA013C02DA00CCE448146DFF2287022ECCE4D5
:20DD400048146DFF1D87022009E1C80842F1421074AE89A0040991000048D944B8756D000E
:20DD6000BD10DA006E033C013C0042D837087080580A3FF8C1FEBCC8580D6E0609C0CA0879
:20DD800042F089C08A08BF193980CCC13C1509FFC808429FACF454FFEE0EC81209FFCA08AB
:20DDA000102409A5940902946DFF01B109FFCA08429FACF5D4FFBD0FECFF09CFC808429FC1
:20DDC000ACC409CFCA087F9F1580910000F8D9FF9485F4AF3B302DF07801910000F8D9FFF7
:20DDE000FC05F80291000048D94444216D00761009CFCA08A29FACC509AFD00889DFA818C6
:20DE0000D809BD0F2500BD0C1580910000F8D9FF8095F4AF3B002EF07801910000F8D9FF86
:20DE2000FC05F80291000048D94444216D00561009C4840909A5A4096DFFD7BB09CFC8085E
:20DE4000D80909F0C808420FACC43C31580C6E2FBCC34CC1EE14910000F8D9FFB895F4AF0A
:20DE60003B602EF07801910000F8D9FFFC05F80291000048D94444216D003010CCC13C073C
:20DE800009F0C808580C42F0A840D4FF54FFEEF909F0C808580C42F0A84009F0CA0842F0EA
:20DEA000A85009C0C80842F089C088087CC5D80789DFAC193C03D807F4CF09D01C19580A28
:20DEC00042F089D01C1909D0E418A2F089D0A418580889DFA618DA006E12DA006E10DA01F3
:20DEE0006E0E09DFE61874AF91000048D94490B56D00F40FDA006E033C013C0009DFE61848
:20DF00006E1A09DF3019EE1709DF2C19EE14910000F8D9FFB0B5F4AF3B2031F07801910025
:20DF200000F8D9FFFC05F80291000048D94444216D00D40FBD0E11004CE46E0E580BAE1CB6
:20DF4000CCE409E29009092FCC083B8000406DFF2D86A62FACF682023C4F09DFDA08968001
:20DF6000ACDD911000F7D9FFD46991100027D922D469092FF828C21F89FFB828D809BCF538
:20DF800009A4A4096DFF30BDD807BCF509A49C096DFF57D109DFE6186E1A09DF3019EE17B4
:20DFA00009DF2C19EE14910000F8D9FFB0B5F4AF3B7032F07801910000F8D9FFFC05F80227
:20DFC00091000048D94444216D00880FDA006E12DA016E10DA016E0E09DFE61874AF91003E
:20DFE0000048D94490C56D00790FDA006E033C013C0082F23C0100902010404F0248BD0F98
:20E00000168091000028D9226C85F4A23B3013F0780191000028D922FC0589A28809910046
:20E020000048D94444216D00590F09F05408DF40200009F05408DF701C0009FF54089E28C3
:20E0400009FF54089E35DA006E0FDA016E0DDA016E0B91000048D9444C956D003F0FDA001C
:20E060006E033C013C003B50FF2F1D00A100F68482021D009D0009F0E4187F801C80DA001D
:20E080006E13DA006E11DA016E0F74A809FFE418780191000048D94474956D001F0FDA0041
:20E0A0006E033C013C0009FFDA089680ACFD82F23C7EDA006E12DA006E10DA016E0E09FF8E
:20E0C000E61874AF91000048D94464A56D00060FDA006E033C013C00DA016E03DA083C036D
:20E0E000BBD0FFFF09F0E6183FF02A80DA006E14DA006E12DA016E1009FFE61874AFDA08AD
:20E10000780191000048D94440B56D00E70EDA006E033C013C0091100027D922D4699110D4
:20E120000047D944D469094FF828C21F892FB82809FFDA089680ACFD82F23C3909FFE618B5
:20E140006E1B09FF3019EE1709FF2C19EE14910000F8D9FF68B5F4AF3B5015F078019100D6
:20E1600000F8D9FFFC05F80291000048D94444216D00B40E3C1A09FF3019EE0409FF2C1964
:20E180006E14910000F8D9FF64C5F4AF3B8015F07801910000F8D9FFFC05F8029100004862
:20E1A000D94444216D009A0E82023C0100902010404CDA006E0382483C028208BD0C158080
:20E1C00091000028D9227035F4A23BF084F07801910000F8D9FFFC05F80291000048D944E6
:20E1E00044216D007B0EDA006E0FDA006E0DDA016E0B91000048D94454456D006F0EDA0071
:20E200006E033C013C00DA006E1EDA006E1CDA016E1A4CC116FF74AF4CC1370F68F478017A
:20E220004CC1370F68F878024CC1370F68FC780391000048D9445CD16D00500EDA006E0346
:20E240003C013C00DA006E0FDA006E0DDA016E0B91000048D94470D16D00400EDA006E0308
:20E260003C013C00DA006E1ADA006E18DA016E1691100027D922E0A9542F74AF4CC8780185
:20E2800009CF5B28780291000048D9444C556D00250EDA006E033C013C0009CDAC197CD4C3
:20E2A00082021D008A0009C05A28DAFF7FF0078009CF5A28C21F89CF1A28820909D2900945
:20E2C0000924CC086DFF72848FF203F12E0509DFC808EE028219769382053C028215CCD4EB
:20E2E000481640C402846DFFEDF2402EBD0E1480DA006E0FDA006E0DDA016E0B9100004845
:20E30000D94458656D00EA0DDA006E033C013C0082F23C52CCE1769D09FFCC08BBF00F0C97
:20E32000260F3B1001406DFF4184A62FACF63C11CCE149F5140A09D484098214CCD109FF79
:20E34000C80809D0C808A20F370F70506DFFEBBACCD448146DFF1484C21209CF1019A22FD6
:20E36000CEF389C21019820440C440E502856DFF8AF340C7B04740C440E540C66DFF2AF393
:20E380000228DA006E17DA006E15DA016E1309CF1019C2FF74AF4CC9780189A808099100F5
:20E3A0000048D94444756D00990DDA006E033C013C0002823C010090404FC8122D0200007F
:20E3C0006D00160D91100027D922FCB9542454FF42F45A24BBF0FF0F9BF0FF077FF0048079
:20E3E000DA013C02DA006E0B54F4422491200048D94438EE40F56D0031003C0891200048B7
:20E40000D94438EE40F56D002900009020100248404C405DBBF0FFFF9BFFFFF37F8F1580E3
:20E42000910000F8D9FF6026F4AF3B9012F07801910000F8D9FF7016F80291000048D94435
:20E4400044216D004B0D6D00D30C0B28004040C440D56D000300009020100248404F405C15
:20E4600082746DFFBBAEBD021780BD021480910000F8D9FF7006F4AFDABE7801910000F814
:20E48000D9FF7016F80291000048D94444216D00250D3C4EA004F424EC22892C8C098928DB
:20E4A0000409911000F7D9FFC0C954FFEE07911000F7D9FFC0C9F4F23C3B911000F7D9FF48
:20E4C000C0C9D4FF481F0BF88000BBF0FF1F9BF1FF177F010480DA013C02DA006E0D911078
:20E4E00000F7D9FFC0C9D4FFF42F911000F7D9FFC0C9F4F23C1D911000F7D9FFC0C9D4F4D5
:20E500003C15544F6E0ED44F481F5AF8BBF0FF0F9BF0FF077FF00480DA013C02DA006E050C
:20E52000D44FF42FF4423C04D444BD04ECFF009082183C19538820F0910000F8D9FF583602
:20E5400010FF54F491200048D94438EE538820F0910000F8D9FF583610FF80FF60F56DFFFF
:20E5600057FFC218BF48E8FF0090911000F7D9FFC4C954FFEE1C911000F7D9FFD0A954FF57
:20E58000EE07911000F7D9FFECA954FF6E10911000F7D9FFC4C9DA0174FF3BA00F4091208A
:20E5A0000048D9446E6EA0056DFF32FF00906DFF8AD2911000F7D9FFD0A954FFEE079110AE
:20E5C00000F7D9FFECA954FF6E0B3BA00F4091200048D9446E6EA0056DFF1AFF3C079110E1
:20E5E00000F7D9FFC4C9DA0074FF00902010404C405D02487CD5910000D8D9DD3020BD0CB6
:20E600001980910000F8D9FF8C56F4AF3B703BF07801910000F8D9FF8866F802910000480A
:20E62000D94444216D005A0C3B00FF2F1D00F500DA006E0FDA006E0DDA016E0B9100004831
:20E64000D944A4566D004A0CDA006E033C013C00DA006E27DA006E25DA016E23BCD314D061
:20E660003C028200BCD30CD13C02DA00BCD409D142083C028201BCD409D243083C02820269
:20E6800074A0780189A1080989A20C0991000048D9445CD16D00220CDA006E033C013C00F0
:20E6A000DA006E10DA006E0EDA016E0C74A891000048D944B8566D00110CDA006E033C0125
:20E6C0003C00820991100027D922C8C9D42F3C067DFC048082193C04C83FBD0FFBFFDF084E
:20E6E0001B806D001F050228DF081580DA006E0FDA006E0DDA016E0B91000048D944B46638
:20E700006D00EC0BDA006E033C013C0082821D0084003C2B911000F7D9FFC8C9D4FF3C2392
:20E720007DFC210009FFD208FE8D54F054DF3E07BCD654DF6E04BCF354FFEE14DA006E1083
:20E74000DA006E0EDA016E0C74A891000048D94498766D00C30BDA006E033C013C008282EB
:20E760003C5BC83FBD0FDEFF7CD3DA003C0254DF74CF89C89208F69C911000F7D9FFC8C9F7
:20E78000D4FFECC3911000F7D9FFC8C9F4FCDA006E0FDA016E0DDA016E0B91000048D9440F
:20E7A00090866D009B0BDA006E033C013C00DA006E1EDA016E1CDA016E1A54CF16FF74AFE3
:20E7C00054CF370F68F4780154CF370F68F8780254CF370F68FC780391000048D9445CD14D
:20E7E0006D007C0BDA006E033C013C00DA006E12DA016E10DA016E0E09CFD20874AF9100F1
:20E800000048D944A4866D00690BDA006E033C013C0082023C0100902010404F405C0248CE
:20E82000BD0F1980910000F8D9FFB086F4AF3B5043F07801910000F8D9FF8866F802910028
:20E840000048D94444216D00490B3B00FF2F1D008C00BD0C1880910000F8D9FF8C96F4AF94
:20E860003B6043F07801910000F8D9FF8866F80291000048D94444216D00300B3B00FF2F9C
:20E880003C7309FFD208EE08820440F440F56DFFAFFE76223C697CC3DA003C0254CF6CF1D5
:20E8A000A8A809FF5008960489FF1008DA006E0FDA016E0DDA016E0B91000048D944A89639
:20E8C0006D000C0BDA006E033C013C00DA006E1EDA016E1CDA016E1A481F16FF74AF481FBC
:20E8E000370F68F47801481F370F68F87802481F370F68FC780391000048D9445CD16D005A
:20E90000ED0ADA006E033C013C00DA006E12DA016E10DA016E0E09FFD40874AF9100004852
:20E92000D944A4866D00DA0ADA006E033C013C0091100027D922C8C9D4223C077D2F0480BE
:20E9400082023C1209228C09BD02FAFF91100027D922C8C9D422E83291100027D922C8C9B5
:20E96000F42F82023C0100902010BD041680910000F8D9FF84A6F4AF3BA046F07801910053
:20E9800000F8D9FF8866F80291000048D94444216D00A40A3C0CDA006C41DA00AC4ADA00D0
:20E9A0002C48094F500816FB894F10080090201889A49009405C09A29009BD0214809100E0
:20E9C0000028D922B8B6F4A2DACF7801910000F8D9FF8866F80291000048D94444216D00DD
:20E9E0007D0ABD0C1480910000F8D9FF90C6F4AFDAD07801910000F8D9FF8866F8029100DC
:20EA00000048D94444216D00690A911000F7D9FFD46991100027D922D469092FD628C21F88
:20EA200089FF9628D80409FFCA08FF8F3580DA006E12DA006E10DA016E0E09FFC80874AF93
:20EA400091000048D944ACC66D00480ADA006E033C013C00911000F7D9FFD4699110002756
:20EA6000D922D469092FDE28C21F89FF9E28911000F7D9FFD46991100027D922D469092F0C
:20EA8000DA28C21F89FF9A2809A490096DFFACB71D007B02C81FF805910000F7D9FFB8207E
:20EAA00009F41209910000F7D9FFB820D4F46DFF909D0228DA006E13DA006E11DA016E0F6F
:20EAC000D80409F0C80874A091000048D94478366D00040ADA006E033C013C00D80509F4C0
:20EAE000C0086DFF6380022909F4C2086DFF5E80022ADA006E0FDA006E0DDA016E0B910006
:20EB00000048D94464466D00E909DA006E033C013C00DA006E32DA006E30DA016E2E9100C9
:20EB200000F7D9FFB82009FF120916FF74AF910000F7D9FFB82009FF1209370F68F478015D
:20EB4000910000F7D9FFB82009FF1209370F68F87802910000F7D9FFB82009FF1209370F99
:20EB600068FC780391000048D9445CD16D00B609DA006E033C013C00DA006E15DA006E13EB
:20EB8000DA016E11D80509F4C2086DFF0F8074A291000048D9446C466D00A009DA006E035D
:20EBA0003C013C00DA006E32DA006E30DA016E2E910000F7D9FFB82009FF0E0916FF74AFE4
:20EBC000910000F7D9FFB82009FF0E09370F68F47801910000F7D9FFB82009FF0E09370F26
:20EBE00068F87802910000F7D9FFB82009FF0E09370F68FC780391000048D9445CD16D002F
:20EC00006D09DA006E033C013C00DA006E15DA006E13DA016E11D80509F4C0086DFFC67F55
:20EC200074A291000048D94478466D005709DA006E033C013C00A00DA00E91100027D9225B
:20EC4000C8C9D42F1D00CC00DA006E0FDA006E0DDA016E0B91000048D94440566D003E09F7
:20EC6000DA006E033C013C00DA006E1EDA006E1CDA016E1A54FF16FF74AF54FF370F68F423
:20EC8000780154FF370F68F8780254FF370F68FC780391000048D9445CD16D001F09DA007E
:20ECA0006E033C013C00DA006E12DA006E10DA016E0E09FFD20874AF91000048D9446C46B4
:20ECC0006D000C09DA006E033C013C00DA006E1EDA006E1CDA016E1A481F16FF74AF481FBB
:20ECE000370F68F47801481F370F68F87802481F370F68FC780391000048D9445CD16D0056
:20ED0000ED08DA006E033C013C00DA006E12DA006E10DA016E0E09FFD40874AF9100004851
:20ED2000D94478466D00DA08DA006E033C013C0009FFD2085FAF528040F440C502846D00F7
:20ED40005401DF024B0009FF50086F2F19807CE340FE3C15DF08140091000027D922B82027
:20ED6000092F12095EFCDA016E0454E04CC13E07DA016E0554F04CC17E0240FE09FFD408D2
:20ED80005F9F2C80481F6E0A481F91000027D922B82009200E095F0F2180BD0D1100C832D4
:20EDA00089D28C0991100027D922C8C9D422E83291100027D922C8C9F42F3C0E9110002776
:20EDC000D922D46991100047D944D469094FEA28C21F892FAA283C0540FDC83FBD0F36FF5E
:20EDE0007CF240EFBCF3DA013C094CC191000027D922B820092012093A0FDF0FC200DA00F8
:20EE00006E0FDA006E0DDA016E0B91000048D94448566D006308DA006E033C013C0009A2F1
:20EE20009409092FC6086E183B10014009A490090945C80891000027D922B82049250E0AA8
:20EE400091000027D922B8204926120A6DFF8B9576231D009B003B80004009A490096DFF12
:20EE600059B7DF022700910000F8D9FF6C56F4AF3B0017F07801910000F8D9FF8866F802B0
:20EE800091000048D94444216D002808911000F7D9FFD46991100027D922D469092FDA2893
:20EEA000C21F89FF9A2809A490096DFF9DB53C6CBD0F1900487F6E10C872C88491000057E3
:20EEC000D955B82049570E0A40F509A6900902942D0200003C0609A490096DFF85B53C5474
:20EEE0003C4EDA006E0FDA006E0DDA016E0B91000048D94448666D00F107DA006E033C01F7
:20EF00003C00DF081F80910000F7D9FFB82009FF120916F03B000E00BE04910000F7D9FF63
:20EF2000B82009FFCC088B8F00F0370F504009A490096DFF30B6823409A490096DFF1A8A99
:20EF4000911000F7D9FFD46991100027D922D469092FE428C21F89FFA428911000F7D9FF1B
:20EF6000D46991100027D922D469092FDA28C21F89FF9A2809A490096DFF36B53C0509A464
:20EF800090096DFF31B53C2FDA006E0FDA006E0DDA016E0B91000048D94460666D009E074D
:20EFA000DA006E033C013C00911000F7D9FFD46991100027D922D469092FDC28C21F89FF3B
:20EFC0009C28911000F7D9FFD46991100027D922D469092FDA28C21F89FF9A2809A4900915
:20EFE0006DFF02B500902010404C405D0248BD0C148091000028D9228006F4A2DA877801B4
:20F00000910000F8D9FF8866F80291000048D94444216D006307BD0D1480910000F8D9FFB6
:20F0200090B6F4AFDA887801910000F8D9FF8866F80291000048D94444216D004F070CC8D1
:20F040006E0F0CC8910000F7D9FFB820C81F09F07008C210370068003E0382023C33DA0050
:20F060006E0382123C2FDA016E2BDF081D00BD0C180054CF6E15910000F7D9FFB82009FFE1
:20F0800012091EFE54C04CD226F0910000F7D9FFB82009F112094CD226F15F1004808212E8
:20F0A0003C113C0EBCCB54CF6E0954CF910000F7D9FFB82009F012097E0382123C03820251
:20F0C0003C010090BD041600544F6E13BD051200545F6E0F911000F7D9FFC8C9D4FF3C074D
:20F0E00054FF54407E03545F74FFC83FBD0FFAFF009082046DFF72A8402FBCFC82043B40F2
:20F10000025040F46DFF8EA8DAFF2CFBDAFF89FF1B0840F23C0100906DFFEDFF3C0100901F
:20F120008200910000F7D9FF304009F1C008910000F7D9FF304091000027D9223040092F90
:20F14000C008C21FB4FFBBF0FFFF7E18910000F7D9FF3040BB0000FCB4FF911000F7D9FF6A
:20F16000C8C9D4FF3C1309FFD20891000027D92230400921C0087E19C2103BF0FFF37F0FD1
:20F18000040082023C0C3CCEC83FBD0FEEFF910000F7D9FF304009F2C0083C010090201045
:20F1A000BD041680910000F8D9FFA0A6F4AF3BA048F07801910000F8D9FF8866F802910048
:20F1C0000048D94444216D0089063C0589459C098946A00900902010BD041680910000F89D
:20F1E000D9FFB8A6F4AF3B104AF07801910000F8D9FF8866F80291000048D94444216D0027
:20F200006D063C25911000F7D9FFC8C9D4FF7D4F0A80911000F7D9FFC8C909428C09F4F229
:20F220003C13911000F7D9FFC8C9D4FF3C0B483F6E08C8327D42068009428C09E8323C04EE
:20F24000C83FBD0FF6FF82046DFF5FA700902010404C405D406F0248BD0C1980910000F821
:20F26000D9FF6C76F4AF3B8021F07801910000F8D9FF8866F80291000048D94444216D00DB
:20F280002D063B00FF2F1D00CF00BD0D1980910000F8D9FF4486F4AF3B9021F078019100CF
:20F2A00000F8D9FF8866F80291000048D94444216D0014063B00FF2F1D00B600BD0F198013
:20F2C000910000F8D9FF6086F4AF3BA021F07801910000F8D9FF8866F80291000048D944A0
:20F2E00044216D00FB053B00FF2F1D009D003C0482A21D009900DA006E0FDA006E0DDA0178
:20F300006E0B91000048D9447C866D00E705DA006E033C013C000CC86E0609C448086DFF8E
:20F32000CBAD3C22A00254FF16F03B000E00FE0809CF5A086E0609C45A086DFFBDAD3C10AE
:20F3400009CF16096E0D09CF160991000048D944501254403E0549C4160A6DFFA5987C249F
:20F3600040F46DFFA198BD025780DA006E0FDA006E0DDA016E0B91000048D94448966D00DD
:20F38000AD05DA006E033C013C00DA006E25DA006E23DA016E21BCF314F03C028200BCF393
:20F3A000081F3C02DA00BCF308213C028201BCF308323C02820274A0780189A1080989A2D7
:20F3C0000C0991000048D9445CD16D008705DA006E033C013C00DA006E0FDA006E0DDA01B1
:20F3E0006E0B91000048D94470D16D007705DA006E033C013C00911000F7D9FFD469911062
:20F400000027D922D469092FE228C21F89FFA22882C23C0940C440D540F6028440276D00E6
:20F4200004003C0100902010BD041880910000F8D9FF6096F4AF3B0028F07801910000F823
:20F44000D9FF8866F80291000048D94444216D0045053B00FF2F3C61BD051880910000F8F1
:20F46000D9FF7C96F4AF3B1028F07801910000F8D9FF8866F80291000048D94444216D0012
:20F480002D053B00FF2F3C49BD061880910000F8D9FF58A6F4AF3B2028F07801910000F87A
:20F4A000D9FF8866F80291000048D94444216D0015053B00FF2F3C31BD071880910000F8EF
:20F4C000D9FF78A6F4AF3B3028F07801910000F8D9FF8866F80291000048D94444216D0086
:20F4E000FD043B00FF2F3C193C0382A23C16BC48544F6E06544F16F03B000E007E04407F4A
:20F50000B04F3C0754404C713E0382C23C06404FF4AF6D0004003C0100902018404C405DC0
:20F5200089A68C09024989A79009BD0C1980910000F8D9FF58B6F4AF3B102DF0780191000D
:20F5400000F8D9FF8866F80291000048D94444216D00C4043B00FF2F1D00C101BD0D1980B8
:20F56000910000F8D9FF78B6F4AF3B202DF07801910000F8D9FF8866F80291000048D94429
:20F5800044216D00AB043B00FF2F1D00A80109A28C09BD021980910000F8D9FF58C6F4AF01
:20F5A0003B302DF07801910000F8D9FF8866F80291000048D94444216D0090043B00FF2F3C
:20F5C0001D008D0109A29809BD021980910000F8D9FF7CC6F4AF3B402DF07801910000F8FC
:20F5E000D9FF8866F80291000048D94444216D0075043B00FF2F1D007201D804BD0F1980D0
:20F60000910000F8D9FF60D6F4AF3B502DF07801910000F8D9FF8866F80291000048D94450
:20F6200044216D005B043B00FF2F1D005801DA016E023C0482A21D00520109CFD208EE2DCE
:20F64000DA006E0FDA006E0DDA016E0B91000048D94444E66D004204DA006E033C013C0013
:20F6600009C4D20840C440C56DFFC2F70228DF081500DA006E0FDA006E0DDA016E0B9100FE
:20F680000048D94474E66D002904DA006E033C013C0002821D00230109DFC8088B8F00F0C6
:20F6A000370F70F009D0C8087F0F058082F21D0016013B80004040D46DFF72ADDF023B008A
:20F6C0003B4002403B8000503B0028606DFFE5AD402EBD0E1580DA006E0FDA006E0DDA014C
:20F6E0006E0B91000048D94458F66D00F703DA006E033C013C0082F21D00F10009DFC808E8
:20F700006E0540E440D56DFFC9AFDA006E12DA006E10DA016E0EF4AE89AD84099100004812
:20F72000D944A4066D00DA03DA006E033C013C003C1340DEDA006E10DA006E0EDA016E0C84
:20F74000F4AD91000048D9449C166D00C703DA006E033C013C0009EFCA08FF8F15809100E7
:20F760000028D9228826F4A23BD030F07801910000F8D9FF8866F80291000048D9444421DA
:20F780006D00AC03CCE109C4D2086DFF0F7AB4F202946DFF0B7AA812DA00ACF309CF500874
:20F7A0002E3B09A28C09542F16F03B000E007E040CED96042CEDDA006E12DA006E10DA0113
:20F7C0006E0E09EFC80874AF91000048D944B8266D008403DA006E033C013C00DA006E12DC
:20F7E000DA006E10DA016E0E09EFC80874AF91000048D944A4366D007103DA006E033C0136
:20F800003C0009E4C8086DFFD179A82209CF50086F0F11803B10014009E5C80840E409A514
:20F82000980909A68C096DFF9E90F623BBF0FF2FA8323B10018009A28C09542F8F0F0F0140
:20F84000DAE07E0409C95B083C0309C94B08DA006E12DA006E10DA016E0E09F0C60874A0EF
:20F8600091000048D94484466D003803DA006E033C013C00DA006E10DA006E0EDA016E0C59
:20F8800074A891000048D944A4466D002703DA006E033C013C0009C54A0840E409A598097E
:20F8A00009A68C090294028609A790096DFFF49502287DDE050040E46DFF96B0911000F7B0
:20F8C000D9FFD46991100027D922D469092FD428C21F89FF942802823C010090911000F7D1
:20F8E000D9FFCCC93BE002406DFF18FCF4F2911000F7D9FFCCC954FF6E1D911000F7D9FF85
:20F90000CCC9D4F491000058D95530203B80BB406DFF6EF6F62E911000F7D9FFCCC9D4F4AC
:20F9200091200058D955B44FA0066DFF3AFC3C013C010090406FBCF9405440F540766DFFEC
:20F9400088FC40F46DFF50B000902010404C024FA00FF4AF89AC8409BCC410CFB0FF3C0286
:20F96000A00FF80240A46DFFA274BCC56E04D801DA0034FF00902010A00FF4AF89A48409D3
:12F9800082FF780240A46DFF9274D801DA0034FF0090AE
:20F99400913000FFD9FF0C9654FF370F6EF18FFF83813C01913000FFD9FF28A654FF370F53
:20F9B4006EF18FFF83913C01913000FFD9FF0C9654FF2E1B8F2800F0960154F037007008EE
:20F9D4008F000100A60F74FF8F2800F0960254F0370070088F000100A60F74FF54FFDA0044
:20F9F400B70F81F0CDCF20090D00C0040D00C004DA00B70F81F0CD0F04090D00C0040D007D
:20FA1400C00491000000D900000091000080D988000091000090D9990000910000F8D9FF3E
:20FA3400004080FFCD4FE20F0D00C004910003F8D9FF000E80FFCD0FE20F0D00C0049140B5
:20FA540000F7D9FF80C980FFCD8FE20F0D00C004913000FFD9FF0C9654FF2E1B8F2800F060
:20FA7400960154F0370070088F000100A60F74FF8F2800F0960354F0370070088F0001006D
:20FA9400A60F74FF54FF9130004FD9440C9602846DFFE26702946DFFFA676D0035016DFF5B
:20FAB40007686D00310102946DFF23689130004FD9440C9602846DFF0068912000F8D9FFED
:20FAD400DC4FDC0F3C00009091000010D91100003B0098F0CD4FE00F0D00C004913000FF46
:20FAF40019FF10167BD0380126F07603DA003C248FBF0F01BF10138016FB913000FF19F0CD
:20FB140018160F0FB0F18BFF01F1061F570062FF5E23DA013C02DA003C0FEF4F0400DA01AF
:20FB34003C0B911088FF19FF000D370FE2F06E03DA013C02DA003C011E17912000F8D9FFAE
:12FB5400A8DFDC0F3C06912000F8D9FF8CEFDC0F009074
:20FB6800911000F8D9FFBA1C2D0F2000911000F8D9FF8C6C2D0F2000912000F8D9FFD00FB5
:20FB8800DC0F0090914000A7D9AA40890D008004914000F7D9FFC00991400027D922C00B66
:20FBA80040F4802080FFA2F0DA404BF0114282003C1E804FB70F1CF08F4F1F10804FBBF0AC
:20FBC800FF2F0662262F06AFA6F1F606CD81E30F0D00C0043C0274F19AD47E05CDC1E30FC5
:20FBE8000D00C004404F4944001AC2103F40E3FFDA0074FF0D0080040D00C004912000F86B
:20FC0800D9FFEC3FDC0F0090914000A7D9AA40890D008004914000F7D9FFC00991400027A8
:20FC2800D922C00B40F4802080FFA2F0DA404BF0114282003C1E804FB70F1CF08F4F1F10DF
:20FC4800804FBBF0FF2F0662262F06AFA6F1F606CD81E30F0D00C0043C0274F19AD47E054A
:20FC6800CDC1E30F0D00C004404F4944001AC2103F40E3FFDA0074FF0D0080040D00C00413
:20FC8800912000F8D9FFD42FDC0F0090913000FFD9FF0C9654FF370F6EF18FFF83413C019C
:20FCA800913000FFD9FF28A654FF370F6EF18FFF83F13C019130004FD9440C966DFF796784
:20FCC80002F46DFF8E6791000048D9445CD06DFF895FDF12038000A0912000F8D9FFEC3F8F
:20FCE800DC0F0090912000F8D9FFF83FDC0F00909120884F910003FAD9FF008080F46DFF00
:0EFD08009B67912000F8D9FF946FDC0F0090EC
:02FD1800009059
:20FD1C0020386DFF226A910000F8D9FF203009F5C40854F46DFF0383910000F8D9FF5041D0
:20FD3C0049FF000A49A2000AA05404FF242FFC4E912000F8D9FF209049FF000A49A2060A4E
:20FD5C00C504260004FF242FFC4E49A4000A49A5060A3B7002406DFF75826DFFB3FD6DFF2B
:20FD7C0014C76DFFDD3C6DFF3BB56DFFC0B06DFFFBB6DA0089AF2E093C1D6D005B016D00DA
:20FD9C0021006DFF6AB56DFFC03989A22E0909AF2E09DE1082246DFF88B56DFFAD68DA004D
:16FDBC0089AF2E0909A42E096DFFA43C82246DFF7CB53CE400909F
:06FDD4006DFFB76D009009
:0EFDDC0091100047D944E4C96DFFECA20090DD
:0EFDEC00911000F7D9FF0C0A54F23C01009070
:20FDFC000D000002911000F7D9FFD0C9911000C7D9CCD0C954CFC21F74FF0D0040020080E3
:20FE1C000D000002911000F7D9FFD4C9911000C7D9CCD4C954CFC21F74FF0D0040020080BA
:20FE3C00912000FF59F6048D8F5401F08F050100A60F96049601912000FF59FF008D3C01F5
:0EFE5C00912000FF39FF008D6F0FFCFF00901A
:20FE6C008F5401F08F050100A60F960C9601912000FF59FF008D3C01912000FF39FF008DD8
:20FE8C006F0FFCFF912000FF19FF048D744F009020108F0441F16E19DA016E17DA016E15F7
:20FEAC00DA016E130C4474AF0C4578010C4678020C47780391000048D94458F06D00080050
:0AFECC00DA006E033C013C000090D8
:20FED80049AA38BA40453B50FF8F49A6084A49A4040A3B0010406DFF2EFDDA003C04C21F2E
:20FEF800370F50F010AF09F00408DF00FAFF49AF040AF4AF91000048D944B8106DFFA53719
:06FF180002823C01009092
:20FF200020083C01912000FF39FF008D6F0FFCFF82048205BB0000686DFF82FF8204820544
:20FF400049A4000A6DFF94FF54AF6FFFF9FF820482053B0020616DFF73FF911000F7D9FF2B
:20FF6000D8C9DA0174FF82123C01009020088208911000F7D9FFD8C954FF6E1D82043B00CF
:20FF8000015049A4000A6DFF73FF54AFAE14DA0137F8828854AF2E24DA0137F801888204F4
:1AFFA000821549A4000A6DFF63FF54AF2E24DA0137F8818902823C01009031
:20FFBC00911000F7D9FFE4C909F1C81809FFC018C21F89FF801809FFC0183B803E003F0F26
:20FFDC000780DA0089FF80188F21401109FFC218C21F89FF821809F0C218DAFA3FF0078041
:04FFFC00DA0089FF9F
:02000004800278
:2000000082188F41401109FFC418C21F89FF841809FFC4183B401F003F0F0780DA0089FF87
:2000200084188F81401109FFC618C21F89FF861809F0C618DA643FF00780DA0089FF86180B
:0A0040008F01411189F1881800902A
:20004C00911000F7D9FFE4C94DC0E2FF370FE1F78B0F20F23C010D00400300003C0109F8F4
:20006C00C818820089F088186E030D0000036F280B00911000F7D9FFE4C909FF6D082E23EB
:20008C006DFF2EBA6F380B00911000F7D9FFE4C909FF6D082E236DFF0EC16F180B009110F5
:2000AC0000F7D9FFE4C909FF6D082E236DFF3A7D6F483D006DFF56FF370268F8AE389110F2
:2000CC000047D944E4C96DFFE1A73C30911000F7D9FFE4C9C872370261F85E18D42F8210AF
:2000EC00081F370F81F22CF13C07D42F8200081F370F81F22CF13702E2F8EE06D4248204AD
:20010C006DFF224D3C0D3702E2F85E16D42482146DFF1A4D3C05D42482246DFF154D911079
:20012C000047D944E4C96DFFD8A7009020200B451088DA007805BB008CFA9B2F40F17803F1
:20014C00BBF0FFFF9BFF0FF07804DA016E0FDA006E0DDA016E0B91000048D94488006DFFEA
:20016C00B7FEDA006E033C013C006DFF2C8C911000F7D9FFE4C989F9BC0868E8DA0074AF26
:20018C00911000F8D9FF0CC4F801911000F8D9FFD69FF80291100047D944E4C949A50C0A83
:2001AC0049A6100A49A7140A6DFF8EA391100047D944E4C96DFF44A7911000F7D9FFE4C959
:2001CC0091100027D922E4C9092F6D08962089FF2D0891100047D944E4C96DFFEB89911050
:2001EC000047D944E4C96DFFA6A791100047D944DCC991200058D955DCAF6DFF27A5DA01AA
:20020C006E0FDA006E0DDA016E0B91000048D944A0006DFF5DFEDA006E033C013C00BB00D0
:20022C000EFE9B0F5EFF780649A40C0A49A5180A6DFFD686F62891000048D944B4006DFF12
:20024C000A363C0874A291000048D9449C106DFF023600904879756E646169204E47562025
:1B026C004D6F62696C69747920456D626564646564205357205363686F6F6CB2
:20028800000000000000000000000000000000000000000000000000000000000000000056
:2002A800000000000000000000000000000000000000000000000000000000000000000036
:2002C8000000000000000000007E0370580A00805C0A0080740A0080840A0080900A008037
:2002E800A40A0080BC0A00808009008098090080A8090080BC090080D0090080E009008020
:20030800F80900800C0A0080200A0080340A00800002000100000000000000000102000050
:200328000000000000000000020200000000000000000000030200010000000000000000AB
:20034800000000000000000000000000000000000000000000000000000000000000000095
:20036800000000000000000000000000000000000000000000000000000000000000000075
:200388000001257700022677000000000000000000000000000000006E19000000C000C012
:2003A800000000000100000000000070480302801C000000010000001C0000708802028042
:2003C80020000000010000003C000070A8030280010000000100000040000070A90302803B
:2003E800010000000100000044000070A80202801000000001000000540000706403028055
:20040800140000000100000068000070B802028018000000010000008000007078030280A5
:20042800040000000100000084000070AA030280010000000100000088000070D00202803E
:200448004800000001000000D00000707C0302800800000001000000D8000070AB03028089
:200468000100000001000000DC000070840302800400000001000000E0000070180302802B
:20048800300000000100000010010070880302801E0000000100000030010070A6030280AA
:2004A800020000000200000034010070000000006107000002000000980800700000000011
:2004C8001600000002000000B0080070000000002600000002000000D8080070000000005C
:2004E8000200000002000000DC080070000000002764000002000000046D0070000000002E
:200508006B01000002000000706E0070000000008300000002000000F46E007000000000C0
:200528000326000002000000F8940070000000000301000002000000FC9500700000000085
:20054800A300000002000000A0960070000000004300000002000000E49600700000000019
:20056800E300000002000000C8970070000000000F03000002000000D89A007000000000C9
:2005880043010000020000001C9C0070000000009300000002000000B09C00700000000094
:2005A800D500000002000000889D00700000000001000000020000008C9D0070000000002B
:2005C8000901000002000000989E0070000000000D00000002000000A89E0070000000009C
:2005E8000100000002000000AC9E0070000000000D00000002000000BC9E0070000000005D
:200608001600000002000000D49E0070000000000500000002000000DC9E007000000000E7
:200628000A00000002000000E89E0070000000000600000002000000F09E007000000000AA
:200648000600000002000000F89E0070000000000200000002000000FC9E00700000000076
:200668001400000001000000109F0070B40000800400000001000000149F0070BC000080A6
:200688000400000001000000189F0070E600008004000000020000001C9F0070000000008F
:1406A800F4A1000000000000000000000000000000000000A9
:02000004802F4B
:0AE14000910000E8D9EE90B7DC0E64
:0AE16000910000E8D9EEB4D7DC0E00
:0AE18000911000E8D9EE24FDDC0E3A
:0AE28000911000E8D9EE448DDC0E89
:0AE2A000910000E8D9EEFC27DC0E27
:0AE2C000910000E8D9EEE6F6DC0E4E
:0AE30000911000E8D9EE3880DC0E21
:0AE32000911000E8D9EEBAC6DC0E39
:0AE3C000910000E8D9EE4017DC0ED2
:0AE3E000910000E8D9EE58C7DC0EEA
:0AEB6000910000E8D9EEFE36DC0E4D
:0AEC8000912000E8D9EEFC7FDC0EC5
:0AECA000912000E8D9EEDC8FDC0EB5
:0200000480304A
:20000000911000F8D9FFBC790D00000202F4DC0F000000000000000000000000000000004A
:20002000911000F8D9FFB8690D00000202F4DC0F000000000000000000000000000000003E
:20004000911000F8D9FFB4590D00000202F4DC0F0000000000000000000000000000000032
:20006000911000F8D9FFB04902F4DC0F000000000000000000000000000000000000000035
:20008000911000F8D9FFAC390D00000202F4DC0F000000000000000000000000000000001A
:2000A000911000F8D9FFA8290D00000202F4DC0F000000000000000000000000000000000E
:2000C000911000F8D9FF82A90D00000202F4DC0F0000000000000000000000000000000094
:2000E000911000F8D9FF80990D00000202F4DC0F00900000000000000000000000000000F6
:20010000911000F8D9FFBC790D00000202F4DC0F0000000000000000000000000000000049
:20012000911000F8D9FFB8690D00000202F4DC0F000000000000000000000000000000003D
:20014000911000F8D9FFB4590D00000202F4DC0F0000000000000000000000000000000031
:20016000911000F8D9FFB04902F4DC0F000000000000000000000000000000000000000034
:20018000911000F8D9FFAC390D00000202F4DC0F0000000000000000000000000000000019
:2001A000911000F8D9FFA8290D00000202F4DC0F000000000000000000000000000000000D
:2001C000911000F8D9FF82A90D00000202F4DC0F0000000000000000000000000000000093
:2001E000911000F8D9FF80990D00000202F4DC0F00900000000000000000000000000000F5
:20022C0085F81001913000FFD9FF189654FF370F6EF18FFF83113C01914000A6D9AA4089C4
:20024C000D0080043B0098F0CD4FE00F0D00C004913000FFD9FF189654FF2E1B8F2100F0E0
:20026C00960154F0370070088F000100A60F74FF8F2100F0960254F0370070088F00010075
:20028C00A60F74FF54FFDA00B70F81F0CDCF20090D00C0040D00C004DA00B70F81F0CD0F72
:2002AC0004090D00C0040D00C004910003F8D9FF000080FFCD4FE20F0D00C004910006F833
:2002CC00D9FF000C80FFCD0FE20F0D00C004914000F6D9FF80C980FFCD8FE20F0D00C0048C
:2002EC00913000FFD9FF189654FF2E1B8F2100F0960154F0370070088F000100A60F74FF2E
:20030C0006218F3140F154F0370070088F000100A60F74FF54FF91000000D90000009100C0
:20032C000010D911000091000080D988000091000090D9990000914000F6D9FFC009914079
:20034C000026D922C00B40F4802080FFA2F0DA404BF0114282003C1E804FB70F1CF08F4FBD
:20036C001F10804FBBF0FF2F0662262F06AFA6F1F606CD81E30F0D00C0043C0274F19AD473
:20038C007E05CDC1E30F0D00C004404F4944001AC2103F40E3FFDA0074FF0D0080040D0029
:2003AC00C0046DE8BC63BB7071FB9B1F8DF34BF241F04B0F71013C0185FF1001A28F3F0F9D
:2003CC00FDFF9140884F910003FAD9FF208080F46DE83064910003F8D9FF30F0DC0F3C005F
:0203EC0000907F
:0603F0003C013C000090FE
:2003F80085F81001913000FFD9FF249654FF370F6EF18FFF83113C01911000A5D9AA408520
:200418000D0080043B0098F0CD4FE00F0D00C004913000FFD9FF249654FF2E1B8F2100F006
:20043800960154F0370070088F000100A60F74FF8F2100F0960254F0370070088F000100A7
:20045800A60F74FF54FFDA00B70F81F0CDCF20090D00C0040D00C004DA00B70F81F0CD0FA4
:2004780004090D00C0040D00C004910003F8D9FF004080FFCD4FE20F0D00C004910006F825
:20049800D9FF000E80FFCD0FE20F0D00C004911000F5D9FF80C580FFCD8FE20F0D00C004F1
:2004B800913000FFD9FF249654FF2E1B8F2100F0960154F0370070088F000100A60F74FF54
:2004D80006218F3140F154F0370070088F000100A60F74FF54FF91000000D90000009100F3
:2004F8000010D911000091000080D988000091000090D9990000911000F5D9FFC005911011
:200518000025D922C00740F4802080FFA2F0DA404BF0114282003C1E804FB70F1CF08F4FF4
:200538001F10804FBBF0FF2F0662262F06AFA6F1F606CD81E30F0D00C0043C0274F19AD4A5
:200558007E05CDC1E30F0D00C004404F4944001AC2103F40E3FFDA0074FF0D0080040D005B
:20057800C0046DE8D662BB7071FB9B1F8DF34BF241F04B0F71013C0185FF1001A28F3F0FB6
:10059800FDFF910003F8D9FF30F0DC0F3C0000901C
:02000004A0005A
:20000000912000F8D9FF9CBFDC0F0090000000000000000000000000000000000000000089
:02000004A0302A
:20020000910003F8D9FF2C80DC0F0090000000000000000000000000000000000000000053
:0C022000910003F8D9FF38F0DC0F0090CB
:02000004AF400B
:200000007E0059B3000000A0E2E59F801D1A607F00000000000000000000000000000000BA
:200020000000000000000000000000000000000000000000000000000000000000000000C0
:200040000000000000000000000000000000000000000000000000000000000000000000A0
:20006000000000000000000000000000000000000000000000000000000000000000000080
:20008000000000000000000000000000000000000000000000000000000000000000000060
:2000A000000000000000000000000000000000000000000000000000000000000000000040
:2000C000000000000000000000000000000000000000000000000000000000000000000020
:2000E000000000000000000000000000000000000000000000000000000000000000000000
:200100000000000000000000000000000000000000000000000000000000000000000000DF
:200120000000000000000000000000000000000000000000000000000000000000000000BF
:2001400000000000000000000000000000000000000000000000000000000000000000009F
:2001600000000000000000000000000000000000000000000000000000000000000000007F
:2001800000000000000000000000000000000000000000000000000000000000000000005F
:2001A00000000000000000000000000000000000000000000000000000000000000000003F
:2001C00000000000000000000000000000000000000000000000000000000000000000001F
:1401E000000000000000000000000000000000003412214361
:200200007E0059B3000000A0E2E59F801D1A607F00000000000000000000000000000000B8
:200220000000000000000000000000000000000000000000000000000000000000000000BE
:2002400000000000000000000000000000000000000000000000000000000000000000009E
:2002600000000000000000000000000000000000000000000000000000000000000000007E
:2002800000000000000000000000000000000000000000000000000000000000000000005E
:2002A00000000000000000000000000000000000000000000000000000000000000000003E
:2002C00000000000000000000000000000000000000000000000000000000000000000001E
:2002E0000000000000000000000000000000000000000000000000000000000000000000FE
:200300000000000000000000000000000000000000000000000000000000000000000000DD
:200320000000000000000000000000000000000000000000000000000000000000000000BD
:2003400000000000000000000000000000000000000000000000000000000000000000009D
:2003600000000000000000000000000000000000000000000000000000000000000000007D
:2003800000000000000000000000000000000000000000000000000000000000000000005D
:2003A00000000000000000000000000000000000000000000000000000000000000000003D
:2003C00000000000000000000000000000000000000000000000000000000000000000001D
:1403E00000000000000000000000000000000000341221435F
:200400007E0059B3000000A0E2E59F801D1A607F00000000000000000000000000000000B6
:200420000000000000000000000000000000000000000000000000000000000000000000BC
:2004400000000000000000000000000000000000000000000000000000000000000000009C
:2004600000000000000000000000000000000000000000000000000000000000000000007C
:2004800000000000000000000000000000000000000000000000000000000000000000005C
:2004A00000000000000000000000000000000000000000000000000000000000000000003C
:2004C00000000000000000000000000000000000000000000000000000000000000000001C
:2004E0000000000000000000000000000000000000000000000000000000000000000000FC
:200500000000000000000000000000000000000000000000000000000000000000000000DB
:200520000000000000000000000000000000000000000000000000000000000000000000BB
:2005400000000000000000000000000000000000000000000000000000000000000000009B
:2005600000000000000000000000000000000000000000000000000000000000000000007B
:2005800000000000000000000000000000000000000000000000000000000000000000005B
:2005A00000000000000000000000000000000000000000000000000000000000000000003B
:2005C00000000000000000000000000000000000000000000000000000000000000000001B
:1405E00000000000000000000000000000000000341221435D
:200600007E0059B3000000A0E2E59F801D1A607F00000000000000000000000000000000B4
:200620000000000000000000000000000000000000000000000000000000000000000000BA
:2006400000000000000000000000000000000000000000000000000000000000000000009A
:2006600000000000000000000000000000000000000000000000000000000000000000007A
:2006800000000000000000000000000000000000000000000000000000000000000000005A
:2006A00000000000000000000000000000000000000000000000000000000000000000003A
:2006C00000000000000000000000000000000000000000000000000000000000000000001A
:2006E0000000000000000000000000000000000000000000000000000000000000000000FA
:200700000000000000000000000000000000000000000000000000000000000000000000D9
:200720000000000000000000000000000000000000000000000000000000000000000000B9
:20074000000000000000000000000000000000000000000000000000000000000000000099
:20076000000000000000000000000000000000000000000000000000000000000000000079
:20078000000000000000000000000000000000000000000000000000000000000000000059
:2007A000000000000000000000000000000000000000000000000000000000000000000039
:2007C000000000000000000000000000000000000000000000000000000000000000000019
:1407E00000000000000000000000000000000000341221435B
:201000007E0059B3000000A0E2E59F801D1A607F00000000000000000000000000000000AA
:201020000000000000000000000000000000000000000000000000000000000000000000B0
:20104000000000000000000000000000000000000000000000000000000000000000000090
:20106000000000000000000000000000000000000000000000000000000000000000000070
:20108000000000000000000000000000000000000000000000000000000000000000000050
:2010A000000000000000000000000000000000000000000000000000000000000000000030
:2010C000000000000000000000000000000000000000000000000000000000000000000010
:2010E0000000000000000000000000000000000000000000000000000000000000000000F0
:201100000000000000000000000000000000000000000000000000000000000000000000CF
:201120000000000000000000000000000000000000000000000000000000000000000000AF
:2011400000000000000000000000000000000000000000000000000000000000000000008F
:2011600000000000000000000000000000000000000000000000000000000000000000006F
:2011800000000000000000000000000000000000000000000000000000000000000000004F
:2011A00000000000000000000000000000000000000000000000000000000000000000002F
:2011C00000000000000000000000000000000000000000000000000000000000000000000F
:1411E000000000000000000000000000000000003412214351
:201200007E0059B3000000A0E2E59F801D1A607F00000000000000000000000000000000A8
:201220000000000000000000000000000000000000000000000000000000000000000000AE
:2012400000000000000000000000000000000000000000000000000000000000000000008E
:2012600000000000000000000000000000000000000000000000000000000000000000006E
:2012800000000000000000000000000000000000000000000000000000000000000000004E
:2012A00000000000000000000000000000000000000000000000000000000000000000002E
:2012C00000000000000000000000000000000000000000000000000000000000000000000E
:2012E0000000000000000000000000000000000000000000000000000000000000000000EE
:201300000000000000000000000000000000000000000000000000000000000000000000CD
:201320000000000000000000000000000000000000000000000000000000000000000000AD
:2013400000000000000000000000000000000000000000000000000000000000000000008D
:2013600000000000000000000000000000000000000000000000000000000000000000006D
:2013800000000000000000000000000000000000000000000000000000000000000000004D
:2013A00000000000000000000000000000000000000000000000000000000000000000002D
:2013C00000000000000000000000000000000000000000000000000000000000000000000D
:1413E00000000000000000000000000000000000341221434F
:201400007E0059B3000000A0E2E59F801D1A607F00000000000000000000000000000000A6
:201420000000000000000000000000000000000000000000000000000000000000000000AC
:2014400000000000000000000000000000000000000000000000000000000000000000008C
:2014600000000000000000000000000000000000000000000000000000000000000000006C
:2014800000000000000000000000000000000000000000000000000000000000000000004C
:2014A00000000000000000000000000000000000000000000000000000000000000000002C
:2014C00000000000000000000000000000000000000000000000000000000000000000000C
:2014E0000000000000000000000000000000000000000000000000000000000000000000EC
:201500000000000000000000000000000000000000000000000000000000000000000000CB
:201520000000000000000000000000000000000000000000000000000000000000000000AB
:2015400000000000000000000000000000000000000000000000000000000000000000008B
:2015600000000000000000000000000000000000000000000000000000000000000000006B
:2015800000000000000000000000000000000000000000000000000000000000000000004B
:2015A00000000000000000000000000000000000000000000000000000000000000000002B
:2015C00000000000000000000000000000000000000000000000000000000000000000000B
:1415E00000000000000000000000000000000000341221434D
:201600007E0059B3000000A0E2E59F801D1A607F00000000000000000000000000000000A4
:201620000000000000000000000000000000000000000000000000000000000000000000AA
:2016400000000000000000000000000000000000000000000000000000000000000000008A
:2016600000000000000000000000000000000000000000000000000000000000000000006A
:2016800000000000000000000000000000000000000000000000000000000000000000004A
:2016A00000000000000000000000000000000000000000000000000000000000000000002A
:2016C00000000000000000000000000000000000000000000000000000000000000000000A
:2016E0000000000000000000000000000000000000000000000000000000000000000000EA
:201700000000000000000000000000000000000000000000000000000000000000000000C9
:201720000000000000000000000000000000000000000000000000000000000000000000A9
:20174000000000000000000000000000000000000000000000000000000000000000000089
:20176000000000000000000000000000000000000000000000000000000000000000000069
:20178000000000000000000000000000000000000000000000000000000000000000000049
:2017A000000000000000000000000000000000000000000000000000000000000000000029
:2017C000000000000000000000000000000000000000000000000000000000000000000009
:1417E00000000000000000000000000000000000341221434B
:04000005A000000057
:00000001FF
